{
    "pools": [
        {
            "rolls": 1,
            "entries": [
                {
                    "type": "minecraft:item",
                    "name": "minecraft:command_block",
                    "functions": [
                        {
                            "function": "minecraft:set_components",
                            "components": {
                                "minecraft:item_name": "{\"text\":\"Pistol Magazine\",\"italic\":false,\"color\":\"white\"}",
                                "minecraft:lore": [
                                    "[{\"text\":\"Used in the \",\"color\":\"gray\"},{\"text\":\"Pistol\",\"color\":\"white\"}]"
                                ],
                                "minecraft:custom_model_data": 889000,
                                "minecraft:custom_data": {
                                    "gbg_pistol_magazine": 1
                                }
                            }
                        }
                    ]
                }
            ]
        }
    ]
}