{
  "enabled": true,
  "neededInstalledMods": [],
  "neededUninstalledMods": [],
  "spawns": [
    {
      "id": "mythsandlegends-enamorus-1",
      "pokemon": "enamorus",
      "presets": ["natural"],
      "type": "pokemon",
      "context": "grounded",
      "bucket": "ultra-rare",
      "level": "50-70",
      "weight": 0.1,
      "condition": {
        "isThundering": true,
        "biomes": [
          "minecraft:flower_forest",
          "minecraft:meadow",
          "minecraft:cherry_grove"
        ],
        "key_item": "reveal_glass"
      }
    }
  ]
}
