{
    "type": "minecraft:crafting_shapeless",
    "category": "equipment",
    "ingredients": [
        {
            "item": "minecraft:chain_command_block"
        },
        {
            "item": "minecraft:chain_command_block"
        },
        {
            "item": "minecraft:chain_command_block"
        },
        {
            "item": "minecraft:chain_command_block"
        }
    ],
    "result": {
        "id": "minecraft:jigsaw",
        "count": 1,
        "components": {
            "minecraft:item_name": "{\"text\":\"15V Laser Battery Bundle\",\"italic\":false,\"color\":\"dark_red\"}",
            "minecraft:lore": [
                "[{\"text\":\"Used in the \",\"color\":\"gray\"},{\"text\":\"Laser Cannon\",\"color\":\"dark_red\"}]"
            ],
            "minecraft:custom_data": {
                "gbg_15v_laser_battery_bundle": 1
            }
        }
    }
}