{
    "type": "minecraft:crafting_shapeless",
    "category": "equipment",
    "ingredients": [
        {
            "item": "minecraft:copper_ingot"
        },
        {
            "item": "minecraft:copper_ingot"
        },
        {
            "item": "minecraft:copper_ingot"
        },
        {
            "item": "minecraft:redstone"
        },
        {
            "item": "minecraft:redstone_block"
        },
        {
            "item": "minecraft:redstone"
        },
        {
            "item": "minecraft:iron_ingot"
        },
        {
            "item": "minecraft:iron_ingot"
        },
        {
            "item": "minecraft:iron_ingot"
        }
    ],
    "result": {
        "id": "minecraft:command_block",
        "count": 3,
        "components": {
            "minecraft:item_name": "{\"text\":\"9V Laser Battery\",\"italic\":false,\"color\":\"red\"}",
            "minecraft:lore": [
                "[{\"text\":\"Used in the \",\"color\":\"gray\"},{\"text\":\"Laser Pistol\",\"color\":\"red\"}]"
            ],
            "minecraft:custom_model_data": 889006,
            "minecraft:custom_data": {
                "gbg_9v_laser_battery": 1
            }
        }
    }
}