{
    "description": "Turns a crossbow into a right-clickable gun",
    "supported_items": [
      "minecraft:crossbow"
    ],
    "weight": 1,
    "max_level": 1,
    "min_cost": {
      "base": 0,
      "per_level_above_first": 0
    },
    "max_cost": {
      "base": 0,
      "per_level_above_first": 0
    },
    "anvil_cost": 0,
    "slots": [],
    "effects": {
      "minecraft:projectile_spawned": [
        {
          "effect": {
            "type": "minecraft:run_function",
            "function": "gbg:gun/crossbow_shoot"
          }
        }
      ]
    }
  }
  