{
  "criteria": {
    "requirement": {
      "trigger": "minecraft:using_item",
      "conditions": {
        "item": {
          "items": "minecraft:white_dye",
          "components": {
            "minecraft:food": {
              "nutrition": 0,
              "saturation": 0,
              "can_always_eat": true,
              "eat_seconds": 1000000
            }
          }
        }
      }
    }
  },
  "rewards": {
    "function": "gbg:medical/use_medical_item"
  }
}
