{
    "type": "minecraft:crafting_shaped",
    "category": "equipment",
    "pattern": [
        "XGG",
        "BCG",
        "XII"
    ],
    "key": {
        "X": {
            "item": "minecraft:gold_ingot"
        },
        "G": {
            "item": "minecraft:blue_concrete"
        },
        "B": {
            "item": "minecraft:iron_bars"
        },
        "C": {
            "item": "minecraft:end_crystal"
        },
        "I": {
            "item": "minecraft:iron_ingot"
        }
    },
    "result": {
        "id": "minecraft:carrot_on_a_stick",
        "count": 1,
        "components": {
            "minecraft:custom_name": "{\"text\":\"Ray Gun: Blue\",\"color\":\"blue\",\"italic\":false}",
            "minecraft:lore": [
                "[{\"keybind\":\"key.use\",\"color\":\"dark_red\",\"italic\":false},{\"text\":\" to shoot\",\"color\":\"red\",\"italic\":false}]"
            ],
            "minecraft:custom_model_data": 889015,
            "minecraft:damage": 0,
            "minecraft:max_stack_size": 1,
            "minecraft:custom_data": {
                "gbg_is_gun": 1,
                "gbg_gun_version": 2,
                "gbg_current_ammo": 0,
                "gbg_max_ammo": 0,
                "gbg_damage": 11,
                "gbg_range": 48,
                "gbg_fire_rate": 45,
                "gbg_projectile_type": 8,
                "gbg_damage_type": 6,
                "gbg_recoil_strength": 0,
                "gbg_zoom_recoil_strength": 0,
                "gbg_zoom_strength": 1,
                "gbg_shoot_sound": "minecraft:ray_gun_fire"
            }
        }
    }
}