{
    "pools": [
        {
            "rolls": 1,
            "entries": [
                {
                    "type": "minecraft:item",
                    "name": "minecraft:black_dye",
                    "functions": [
                        {
                            "function": "minecraft:set_components",
                            "components": {
                                
                                    "minecraft:item_name": "{\"text\":\"Molotov Cocktail\",\"italic\":false}",
                                    "minecraft:lore": [
                                        "[{\"text\":\"Damage: \",\"color\":\"gray\",\"italic\":false},{\"text\":\"2\",\"color\":\"red\",\"italic\":false,\"underlined\":false}]"
                                    ],
                                    "minecraft:custom_model_data": 19001,
                                    "minecraft:custom_data": {
                                        "gbg_throwable": 1,
                                        "molotov_cocktail": 1
                                    },
                                    "minecraft:max_stack_size": 16,
                                    "minecraft:food": {
                                        "nutrition": 0,
                                        "saturation": 0,
                                        "can_always_eat": true,
                                        "eat_seconds": 1000000
                                    }
                                
                            }
                        }
                    ]
                }
            ]
        }
    ]
}