{
  "name": "Bagon",
  "nationalPokedexNumber": 371,
  "primaryType": "dragon",
  "abilities": [
    "rockhead",
    "h:sheerforce"
  ],
  "baseStats": {
    "hp": 45,
    "attack": 75,
    "defence": 60,
    "special_attack": 40,
    "special_defence": 30,
    "speed": 50
  },
  "catchRate": 45,
  "maleRatio": 0.5,
  "shoulderMountable": false,
  "baseExperienceYield": 60,
  "experienceGroup": "slow",
  "eggCycles": 40,
  "eggGroups": [
    "dragon"
  ],
  "moves": [
    "1:ember",
    "1:leer",
    "1:rage",
    "5:bite",
    "10:dragonbreath",
    "15:headbutt",
    "20:scaryface",
    "25:crunch",
    "31:dragonclaw",
    "35:zenheadbutt",
    "40:focusenergy",
    "45:flamethrower",
    "50:outrage",
    "55:doubleedge",
    "100:defensecurl",
    "100:dragondance",
    "100:dragonpulse",
    "100:dragonrage",
    "100:dragonrush",
    "100:endure",
    "100:firefang",
    "100:hydropump",
    "100:shadowclaw",
    "100:thrash",
    "100:twister",
    "100:aerialace",
    "100:attract",
    "100:bodyslam",
    "100:brickbreak",
    "100:captivate",
    "100:confide",
    "100:crunch",
    "100:cut",
    "100:doubleedge",
    "100:doubleteam",
    "100:dracometeor",
    "100:dragoncheer",
    "100:dragonclaw",
    "100:dragondance",
    "100:dragonpulse",
    "100:dragontail",
    "100:endure",
    "100:facade",
    "100:fireblast",
    "100:firefang",
    "100:firespin",
    "100:flamethrower",
    "100:focusenergy",
    "100:frustration",
    "100:helpinghand",
    "100:hiddenpower",
    "100:honeclaws",
    "100:hydropump",
    "100:hypervoice",
    "100:incinerate",
    "100:irondefense",
    "100:ironhead",
    "100:mudslap",
    "100:naturalgift",
    "100:outrage",
    "100:protect",
    "100:raindance",
    "100:rest",
    "100:return",
    "100:roar",
    "100:rockslide",
    "100:rocksmash",
    "100:rocktomb",
    "100:round",
    "100:scaryface",
    "100:secretpower",
    "100:shadowclaw",
    "100:sleeptalk",
    "100:snore",
    "100:strength",
    "100:substitute",
    "100:sunnyday",
    "100:swagger",
    "100:takedown",
    "100:terablast",
    "100:thunderfang",
    "100:toxic",
    "100:zenheadbutt",
    "100:bite",
    "100:bodyslam",
    "100:doubleedge",
    "100:dracometeor",
    "100:dragondance",
    "100:dragonpulse",
    "100:endure",
    "100:furycutter",
    "100:headbutt",
    "100:hypervoice",
    "100:irondefense",
    "100:mimic",
    "100:mudslap",
    "100:outrage",
    "100:rage",
    "100:rockslide",
    "100:sleeptalk",
    "100:snore",
    "100:substitute",
    "100:swagger",
    "100:thrash",
    "100:twister",
    "100:wish",
    "100:zenheadbutt"
  ],
  "labels": [
    "gen3"
  ],
  "pokedex": [
    "cobblemon.species.bagon.desc"
  ],
  "evolutions": [
    {
      "id": "bagon_shelgon",
      "variant": "level_up",
      "result": "shelgon",
      "consumeHeldItem": false,
      "learnableMoves": [
        "protect"
      ],
      "requirements": [
        {
          "variant": "level",
          "minLevel": 30
        }
      ]
    }
  ],
  "baseScale": 1,
  "hitbox": {
    "width": 1,
    "height": 1,
    "fixed": false
  },
  "baseFriendship": 35,
  "evYield": {
    "hp": 0,
    "attack": 1,
    "defence": 0,
    "special_attack": 0,
    "special_defence": 0,
    "speed": 0
  },
  "height": 6,
  "weight": 421,
  "aspects": [],
  "cannotDynamax": false,
  "drops": {
    "amount": 3,
    "entries": [
      {
        "item": "cobblemon:dragon_fang",
        "percentage": 2.5
      },
      {
        "item": "cobblemon:dragon_scale",
        "percentage": 2.5
      },
      {
        "item": "cobblemon:yache_berry",
        "percentage": 2.5
      }
    ]
  }
}
