{
  "name": "Banette",
  "nationalPokedexNumber": 354,
  "primaryType": "ghost",
  "abilities": [
    "insomnia",
    "frisk",
    "h:cursedbody"
  ],
  "baseStats": {
    "hp": 64,
    "attack": 115,
    "defence": 65,
    "special_attack": 83,
    "special_defence": 63,
    "speed": 65
  },
  "catchRate": 45,
  "maleRatio": 0.5,
  "shoulderMountable": false,
  "forms": [
    {
      "name": "Mega",
      "primaryType": "ghost",
      "abilities": [
        "prankster"
      ],
      "baseStats": {
        "hp": 64,
        "attack": 165,
        "defence": 75,
        "special_attack": 93,
        "special_defence": 83,
        "speed": 75
      },
      "catchRate": 45,
      "maleRatio": 0.5,
      "baseExperienceYield": 159,
      "baseFriendship": 35,
      "evYield": {
        "hp": 0,
        "attack": 2,
        "defence": 0,
        "special_attack": 0,
        "special_defence": 0,
        "speed": 0
      },
      "experienceGroup": "fast",
      "eggCycles": 25,
      "eggGroups": [
        "amorphous"
      ],
      "labels": [
        "gen6",
        "mega"
      ],
      "aspects": [
        "mega"
      ],
      "height": 12,
      "weight": 130,
      "cannotDynamax": false,
      "battleOnly": true
    }
  ],
  "baseExperienceYield": 159,
  "experienceGroup": "fast",
  "eggCycles": 25,
  "eggGroups": [
    "amorphous"
  ],
  "moves": [
    "1:knockoff",
    "1:nightshade",
    "1:screech",
    "1:spite",
    "16:willowisp",
    "19:feintattack",
    "19:shadowsneak",
    "22:hex",
    "26:curse",
    "30:shadowball",
    "34:embargo",
    "34:roleplay",
    "40:suckerpunch",
    "46:snatch",
    "46:trick",
    "52:grudge",
    "53:phantomforce",
    "100:attract",
    "100:burningjealousy",
    "100:calmmind",
    "100:captivate",
    "100:chargebeam",
    "100:confide",
    "100:confuseray",
    "100:curse",
    "100:darkpulse",
    "100:dazzlinggleam",
    "100:doubleteam",
    "100:dreameater",
    "100:embargo",
    "100:encore",
    "100:endure",
    "100:facade",
    "100:flash",
    "100:fling",
    "100:foulplay",
    "100:frustration",
    "100:gigaimpact",
    "100:gunkshot",
    "100:helpinghand",
    "100:hex",
    "100:hiddenpower",
    "100:hyperbeam",
    "100:icywind",
    "100:imprison",
    "100:infestation",
    "100:knockoff",
    "100:lashout",
    "100:metronome",
    "100:nastyplot",
    "100:naturalgift",
    "100:nightshade",
    "100:painsplit",
    "100:payback",
    "100:phantomforce",
    "100:poltergeist",
    "100:pounce",
    "100:protect",
    "100:psybeam",
    "100:psychic",
    "100:psychup",
    "100:raindance",
    "100:rest",
    "100:return",
    "100:round",
    "100:scaryface",
    "100:secretpower",
    "100:shadowball",
    "100:shadowclaw",
    "100:shockwave",
    "100:skillswap",
    "100:skittersmack",
    "100:sleeptalk",
    "100:snatch",
    "100:spite",
    "100:substitute",
    "100:sunnyday",
    "100:swagger",
    "100:swordsdance",
    "100:taunt",
    "100:telekinesis",
    "100:terablast",
    "100:thief",
    "100:throatchop",
    "100:thunder",
    "100:thunderbolt",
    "100:thunderwave",
    "100:torment",
    "100:toxic",
    "100:trailblaze",
    "100:trick",
    "100:trickroom",
    "100:willowisp",
    "100:allyswitch",
    "100:bodyslam",
    "100:cottonguard",
    "100:curse",
    "100:darkpulse",
    "100:doubleedge",
    "100:dreameater",
    "100:endure",
    "100:feintattack",
    "100:foulplay",
    "100:gunkshot",
    "100:headbutt",
    "100:helpinghand",
    "100:hex",
    "100:icywind",
    "100:knockoff",
    "100:magiccoat",
    "100:magicroom",
    "100:metronome",
    "100:mimic",
    "100:mudslap",
    "100:nightmare",
    "100:ominouswind",
    "100:painsplit",
    "100:psychup",
    "100:roleplay",
    "100:shadowball",
    "100:shockwave",
    "100:skillswap",
    "100:sleeptalk",
    "100:snatch",
    "100:snore",
    "100:spite",
    "100:substitute",
    "100:suckerpunch",
    "100:swagger",
    "100:telekinesis",
    "100:throatchop",
    "100:thunderwave",
    "100:trick"
  ],
  "labels": [
    "gen3"
  ],
  "pokedex": [
    "cobblemon.species.banette.desc"
  ],
  "preEvolution": "shuppet",
  "evolutions": [],
  "baseScale": 1,
  "hitbox": {
    "width": 1,
    "height": 1,
    "fixed": false
  },
  "baseFriendship": 35,
  "evYield": {
    "hp": 0,
    "attack": 2,
    "defence": 0,
    "special_attack": 0,
    "special_defence": 0,
    "speed": 0
  },
  "height": 11,
  "weight": 125,
  "aspects": [],
  "cannotDynamax": false,
  "drops": {
    "amount": 1,
    "entries": [
      {
        "item": "cobblemon:spell_tag",
        "percentage": 5.0
      }
    ]
  }
}
