{
  "implemented": true,
  "name": "Barboach",
  "nationalPokedexNumber": 339,
  "primaryType": "water",
  "secondaryType": "ground",
  "abilities": [
    "oblivious",
    "anticipation",
    "h:hydration"
  ],
  "drops": {
    "amount": 2,
    "entries": [
      {
        "item": "minecraft:clay_ball",
        "quantityRange": "0-1"
      },
      {
        "item": "cobblemon:rindo_berry",
        "percentage": 2.5
      }
    ]
  },
  "baseStats": {
    "hp": 50,
    "attack": 48,
    "defence": 43,
    "special_attack": 46,
    "special_defence": 41,
    "speed": 60
  },
  "catchRate": 190,
  "maleRatio": 0.5,
  "shoulderMountable": false,
  "baseExperienceYield": 58,
  "experienceGroup": "medium_fast",
  "eggCycles": 20,
  "eggGroups": [
    "water_2"
  ],
  "behaviour": {
    "moving": {
      "canLook": false,
      "walk": {
        "avoidsLand": true
      },
      "swim": {
        "swimSpeed": 0.2,
        "canSwimInWater": true,
        "canBreatheUnderwater": true
      }
    }
  },
  "moves": [
    "1:mudslap",
    "1:watergun",
    "6:mudsport",
    "6:rest",
    "6:snore",
    "6:watersport",
    "12:waterpulse",
    "13:mudbomb",
    "18:amnesia",
    "20:magnitude",
    "24:aquatail",
    "31:muddywater",
    "36:earthquake",
    "42:futuresight",
    "48:fissure",
    "100:dragondance",
    "100:earthpower",
    "100:flail",
    "100:hydropump",
    "100:muddywater",
    "100:mudshot",
    "100:spark",
    "100:takedown",
    "100:thrash",
    "100:whirlpool",
    "100:amnesia",
    "100:attract",
    "100:blizzard",
    "100:bounce",
    "100:bulldoze",
    "100:captivate",
    "100:chillingwater",
    "100:confide",
    "100:dive",
    "100:doubleedge",
    "100:doubleteam",
    "100:dragondance",
    "100:earthpower",
    "100:earthquake",
    "100:endure",
    "100:facade",
    "100:frustration",
    "100:futuresight",
    "100:hail",
    "100:helpinghand",
    "100:hiddenpower",
    "100:highhorsepower",
    "100:hydropump",
    "100:icebeam",
    "100:icywind",
    "100:liquidation",
    "100:muddywater",
    "100:mudshot",
    "100:mudslap",
    "100:naturalgift",
    "100:outrage",
    "100:protect",
    "100:raindance",
    "100:rest",
    "100:return",
    "100:rockslide",
    "100:rocktomb",
    "100:round",
    "100:sandstorm",
    "100:scald",
    "100:secretpower",
    "100:sleeptalk",
    "100:snore",
    "100:stealthrock",
    "100:stompingtantrum",
    "100:stoneedge",
    "100:substitute",
    "100:sunnyday",
    "100:surf",
    "100:swagger",
    "100:swift",
    "100:takedown",
    "100:terablast",
    "100:toxic",
    "100:waterfall",
    "100:waterpulse",
    "100:whirlpool",
    "100:zenheadbutt",
    "100:aquatail",
    "100:bounce",
    "100:dive",
    "100:doubleedge",
    "100:earthpower",
    "100:endure",
    "100:headbutt",
    "100:icywind",
    "100:mimic",
    "100:mudslap",
    "100:sleeptalk",
    "100:snore",
    "100:spark",
    "100:substitute",
    "100:swagger",
    "100:waterpulse"
  ],
  "labels": [
    "gen3"
  ],
  "pokedex": [
    "cobblemon.species.barboach.desc"
  ],
  "evolutions": [
    {
      "id": "barboach_whiscash",
      "variant": "level_up",
      "result": "whiscash",
      "consumeHeldItem": false,
      "learnableMoves": [
        "thrash"
      ],
      "requirements": [
        {
          "variant": "level",
          "minLevel": 30
        }
      ]
    }
  ],
  "baseScale": 0.65,
  "hitbox": {
    "width": 1,
    "height": 0.5,
    "fixed": false
  },
  "baseFriendship": 50,
  "evYield": {
    "hp": 1,
    "attack": 0,
    "defence": 0,
    "special_attack": 0,
    "special_defence": 0,
    "speed": 0
  },
  "height": 4,
  "weight": 19,
  "aspects": [],
  "cannotDynamax": false
}
