{
  "implemented": true,
  "name": "Beldum",
  "nationalPokedexNumber": 374,
  "primaryType": "steel",
  "secondaryType": "psychic",
  "abilities": [
    "clearbody",
    "h:lightmetal"
  ],
  "drops": {
    "amount": 2,
    "entries": [
      {
        "item": "minecraft:ender_pearl",
        "quantityRange": "0-1"
      },
      {
        "item": "cobblemon:metal_coat",
        "percentage": 2.5
      }
    ]
  },
  "baseStats": {
    "hp": 40,
    "attack": 55,
    "defence": 80,
    "special_attack": 35,
    "special_defence": 60,
    "speed": 30
  },
  "catchRate": 3,
  "maleRatio": -1,
  "shoulderMountable": false,
  "baseExperienceYield": 60,
  "experienceGroup": "slow",
  "eggCycles": 40,
  "eggGroups": [
    "mineral"
  ],
  "behaviour": {
    "moving": {
      "fly": {
        "canFly": true
      }
    },
    "resting": {
      "canSleep": true,
      "willSleepOnBed": false,
      "depth": "normal",
      "light": "0-4"
    }
  },
  "moves": [
    "1:tackle",
    "1:takedown",
    "100:irondefense",
    "100:ironhead",
    "100:steelbeam",
    "100:takedown",
    "100:terablast",
    "100:zenheadbutt",
    "100:headbutt",
    "100:holdback",
    "100:irondefense",
    "100:ironhead",
    "100:steelbeam",
    "100:takedown",
    "100:zenheadbutt"
  ],
  "labels": [
    "gen3"
  ],
  "pokedex": [
    "cobblemon.species.beldum.desc"
  ],
  "evolutions": [
    {
      "id": "beldum_metang",
      "variant": "level_up",
      "result": "metang",
      "consumeHeldItem": false,
      "learnableMoves": [
        "confusion",
        "metalclaw"
      ],
      "requirements": [
        {
          "variant": "level",
          "minLevel": 20
        }
      ]
    }
  ],
  "baseScale": 0.75,
  "hitbox": {
    "width": 0.4,
    "height": 0.8,
    "fixed": false
  },
  "baseFriendship": 35,
  "evYield": {
    "hp": 0,
    "attack": 0,
    "defence": 1,
    "special_attack": 0,
    "special_defence": 0,
    "speed": 0
  },
  "height": 6,
  "weight": 952,
  "aspects": [],
  "cannotDynamax": false
}
