{
  "implemented": true,
  "name": "Blaziken",
  "nationalPokedexNumber": 257,
  "primaryType": "fire",
  "secondaryType": "fighting",
  "abilities": [
    "blaze",
    "h:speedboost"
  ],
  "baseStats": {
    "hp": 80,
    "attack": 120,
    "defence": 70,
    "special_attack": 110,
    "special_defence": 70,
    "speed": 80
  },
  "catchRate": 45,
  "maleRatio": 0.875,
  "shoulderMountable": false,
  "forms": [
    {
      "name": "Mega",
      "primaryType": "fire",
      "secondaryType": "fighting",
      "abilities": [
        "speedboost"
      ],
      "baseStats": {
        "hp": 80,
        "attack": 160,
        "defence": 80,
        "special_attack": 130,
        "special_defence": 80,
        "speed": 100
      },
      "catchRate": 45,
      "maleRatio": 0.875,
      "baseExperienceYield": 265,
      "baseFriendship": 50,
      "evYield": {
        "hp": 0,
        "attack": 3,
        "defence": 0,
        "special_attack": 0,
        "special_defence": 0,
        "speed": 0
      },
      "experienceGroup": "medium_slow",
      "eggCycles": 20,
      "eggGroups": [
        "field"
      ],
      "labels": [
        "gen6",
        "mega"
      ],
      "aspects": [
        "mega"
      ],
      "height": 19,
      "weight": 520,
      "cannotDynamax": false,
      "battleOnly": true
    }
  ],
  "baseExperienceYield": 265,
  "experienceGroup": "medium_slow",
  "eggCycles": 20,
  "eggGroups": [
    "field"
  ],
  "drops": {
    "amount": 5,
    "entries": [
      {
        "item": "minecraft:feather",
        "quantityRange": "0-3"
      },
      {
        "item": "minecraft:chicken"
      },
      {
        "item": "cobblemon:charcoal_stick",
        "percentage": 25.0
      }
    ]
  },
  "moves": [
    "1:bravebird",
    "1:doublekick",
    "1:ember",
    "1:featherdance",
    "1:firepunch",
    "1:flamethrower",
    "1:growl",
    "1:highjumpkick",
    "1:quickattack",
    "1:scratch",
    "9:flamecharge",
    "12:detect",
    "14:peck",
    "15:sandattack",
    "20:aerialace",
    "25:slash",
    "30:bounce",
    "35:focusenergy",
    "42:blazekick",
    "42:bulkup",
    "49:mirrormove",
    "49:reversal",
    "56:flareblitz",
    "57:skyuppercut",
    "63:bravebird",
    "100:acrobatics",
    "100:aerialace",
    "100:agility",
    "100:assurance",
    "100:attract",
    "100:aurasphere",
    "100:batonpass",
    "100:blastburn",
    "100:blazekick",
    "100:bodyslam",
    "100:bounce",
    "100:bravebird",
    "100:brickbreak",
    "100:bulkup",
    "100:bulldoze",
    "100:captivate",
    "100:closecombat",
    "100:coaching",
    "100:confide",
    "100:curse",
    "100:cut",
    "100:dig",
    "100:doubleedge",
    "100:doubleteam",
    "100:earthquake",
    "100:echoedvoice",
    "100:endure",
    "100:facade",
    "100:featherdance",
    "100:fireblast",
    "100:firepledge",
    "100:firepunch",
    "100:firespin",
    "100:flamecharge",
    "100:flamethrower",
    "100:flareblitz",
    "100:fling",
    "100:focusblast",
    "100:focusenergy",
    "100:focuspunch",
    "100:frustration",
    "100:gigaimpact",
    "100:heatcrash",
    "100:heatwave",
    "100:helpinghand",
    "100:hiddenpower",
    "100:honeclaws",
    "100:hyperbeam",
    "100:incinerate",
    "100:knockoff",
    "100:lowkick",
    "100:lowsweep",
    "100:megakick",
    "100:megapunch",
    "100:mudslap",
    "100:naturalgift",
    "100:overheat",
    "100:poisonjab",
    "100:poweruppunch",
    "100:protect",
    "100:rest",
    "100:return",
    "100:revenge",
    "100:reversal",
    "100:roar",
    "100:rockclimb",
    "100:rockslide",
    "100:rocksmash",
    "100:rocktomb",
    "100:round",
    "100:scorchingsands",
    "100:secretpower",
    "100:shadowclaw",
    "100:sleeptalk",
    "100:snore",
    "100:solarbeam",
    "100:stoneedge",
    "100:strength",
    "100:substitute",
    "100:sunnyday",
    "100:superpower",
    "100:swagger",
    "100:swift",
    "100:swordsdance",
    "100:takedown",
    "100:temperflare",
    "100:terablast",
    "100:thief",
    "100:thunderpunch",
    "100:toxic",
    "100:upperhand",
    "100:uproar",
    "100:uturn",
    "100:vacuumwave",
    "100:willowisp",
    "100:willowisp",
    "100:workup",
    "100:blastburn",
    "100:blazekick",
    "100:bodyslam",
    "100:bounce",
    "100:coaching",
    "100:counter",
    "100:defog",
    "100:doubleedge",
    "100:dualchop",
    "100:dynamicpunch",
    "100:endure",
    "100:firepledge",
    "100:firepunch",
    "100:flareblitz",
    "100:focuspunch",
    "100:furycutter",
    "100:headbutt",
    "100:heatwave",
    "100:helpinghand",
    "100:highjumpkick",
    "100:knockoff",
    "100:laserfocus",
    "100:lastresort",
    "100:lowkick",
    "100:megakick",
    "100:megapunch",
    "100:mimic",
    "100:mirrormove",
    "100:mudslap",
    "100:rockslide",
    "100:roleplay",
    "100:scorchingsands",
    "100:seismictoss",
    "100:skyuppercut",
    "100:slash",
    "100:sleeptalk",
    "100:snore",
    "100:stoneedge",
    "100:substitute",
    "100:superpower",
    "100:swagger",
    "100:swift",
    "100:swordsdance",
    "100:thunderpunch",
    "100:vacuumwave"
  ],
  "labels": [
    "gen3"
  ],
  "pokedex": [
    "cobblemon.species.blaziken.desc"
  ],
  "preEvolution": "combusken",
  "evolutions": [],
  "baseScale": 1,
  "hitbox": {
    "width": 1.1,
    "height": 2.6,
    "fixed": false
  },
  "baseFriendship": 50,
  "evYield": {
    "hp": 0,
    "attack": 3,
    "defence": 0,
    "special_attack": 0,
    "special_defence": 0,
    "speed": 0
  },
  "height": 19,
  "weight": 520,
  "aspects": [],
  "cannotDynamax": false
}
