{
  "implemented": true,
  "name": "Breloom",
  "nationalPokedexNumber": 286,
  "primaryType": "grass",
  "secondaryType": "fighting",
  "abilities": [
    "effectspore",
    "poisonheal",
    "h:technician"
  ],
  "drops": {
    "amount": 3,
    "entries": [
      {
        "item": "minecraft:brown_mushroom",
        "quantityRange": "0-2"
      },
      {
        "item": "cobblemon:kebia_berry",
        "percentage": 5.0
      }
    ]
  },
  "baseStats": {
    "hp": 60,
    "attack": 130,
    "defence": 80,
    "special_attack": 60,
    "special_defence": 60,
    "speed": 70
  },
  "catchRate": 90,
  "maleRatio": 0.5,
  "shoulderMountable": false,
  "baseExperienceYield": 161,
  "experienceGroup": "fluctuating",
  "eggCycles": 15,
  "eggGroups": [
    "fairy",
    "grass"
  ],
  "behaviour": {
    "moving": {
      "walk": {
        "walkSpeed": 0.25
      }
    },
    "resting": {
      "canSleep": true,
      "willSleepOnBed": false,
      "depth": "normal",
      "light": "0-4"
    }
  },
  "moves": [
    "1:absorb",
    "1:growth",
    "1:leechseed",
    "1:machpunch",
    "1:poisonpowder",
    "1:spore",
    "1:stunspore",
    "1:tackle",
    "1:toxic",
    "12:megadrain",
    "15:headbutt",
    "19:feint",
    "22:counter",
    "28:forcepalm",
    "33:mindreader",
    "33:worryseed",
    "39:brickbreak",
    "39:skyuppercut",
    "44:seedbomb",
    "50:dynamicpunch",
    "55:focuspunch",
    "100:aerialace",
    "100:attract",
    "100:bodyslam",
    "100:brickbreak",
    "100:bulkup",
    "100:bulldoze",
    "100:bulletseed",
    "100:captivate",
    "100:charm",
    "100:closecombat",
    "100:confide",
    "100:cut",
    "100:dig",
    "100:doubleteam",
    "100:drainpunch",
    "100:endure",
    "100:energyball",
    "100:facade",
    "100:faketears",
    "100:falseswipe",
    "100:flash",
    "100:fling",
    "100:focusblast",
    "100:focuspunch",
    "100:frustration",
    "100:gigadrain",
    "100:gigaimpact",
    "100:grassknot",
    "100:grassyterrain",
    "100:gunkshot",
    "100:helpinghand",
    "100:hiddenpower",
    "100:hyperbeam",
    "100:irontail",
    "100:leafstorm",
    "100:lowkick",
    "100:lowsweep",
    "100:magicalleaf",
    "100:mudshot",
    "100:mudslap",
    "100:naturalgift",
    "100:poisonjab",
    "100:pounce",
    "100:poweruppunch",
    "100:protect",
    "100:raindance",
    "100:rest",
    "100:retaliate",
    "100:return",
    "100:reversal",
    "100:rockslide",
    "100:rocksmash",
    "100:rocktomb",
    "100:round",
    "100:safeguard",
    "100:secretpower",
    "100:seedbomb",
    "100:sleeptalk",
    "100:sludgebomb",
    "100:snatch",
    "100:solarbeam",
    "100:stoneedge",
    "100:strength",
    "100:substitute",
    "100:sunnyday",
    "100:swagger",
    "100:swift",
    "100:swordsdance",
    "100:takedown",
    "100:terablast",
    "100:thunderpunch",
    "100:toxic",
    "100:venoshock",
    "100:workup",
    "100:zenheadbutt",
    "100:bodyslam",
    "100:counter",
    "100:doubleedge",
    "100:drainpunch",
    "100:dynamicpunch",
    "100:endure",
    "100:focuspunch",
    "100:furycutter",
    "100:gigadrain",
    "100:headbutt",
    "100:helpinghand",
    "100:irontail",
    "100:laserfocus",
    "100:megakick",
    "100:megapunch",
    "100:mimic",
    "100:mudslap",
    "100:seedbomb",
    "100:seismictoss",
    "100:sleeptalk",
    "100:snatch",
    "100:snore",
    "100:substitute",
    "100:superpower",
    "100:swagger",
    "100:swordsdance",
    "100:synthesis",
    "100:thunderpunch",
    "100:vacuumwave",
    "100:worryseed"
  ],
  "labels": [
    "gen3"
  ],
  "pokedex": [
    "cobblemon.species.breloom.desc"
  ],
  "preEvolution": "shroomish",
  "evolutions": [],
  "baseScale": 0.9,
  "hitbox": {
    "width": 0.7,
    "height": 1.5,
    "fixed": false
  },
  "baseFriendship": 70,
  "evYield": {
    "hp": 0,
    "attack": 2,
    "defence": 0,
    "special_attack": 0,
    "special_defence": 0,
    "speed": 0
  },
  "height": 12,
  "weight": 392,
  "aspects": [],
  "cannotDynamax": false
}
