{
  "implemented": true,
  "name": "Cacnea",
  "nationalPokedexNumber": 331,
  "primaryType": "grass",
  "abilities": [
    "sandveil",
    "h:waterabsorb"
  ],
  "drops": {
    "amount": 4,
    "entries": [
      {
        "item": "minecraft:cactus",
        "quantityRange": "0-1"
      },
      {
        "item": "cobblemon:poison_barb",
        "percentage": 2.5
      },
      {
        "item": "cobblemon:tanga_berry",
        "percentage": 2.5
      },
      {
        "item": "cobblemon:sticky_barb",
        "percentage": 2.5
      }
    ]
  },
  "baseStats": {
    "hp": 50,
    "attack": 85,
    "defence": 40,
    "special_attack": 85,
    "special_defence": 40,
    "speed": 35
  },
  "catchRate": 190,
  "maleRatio": 0.7,
  "shoulderMountable": false,
  "baseExperienceYield": 67,
  "experienceGroup": "medium_slow",
  "eggCycles": 20,
  "eggGroups": [
    "grass",
    "human_like"
  ],
  "behaviour": {
    "resting": {
      "canSleep": true,
      "willSleepOnBed": false,
      "depth": "normal",
      "light": "0-4"
    },
    "moving": {
      "walk": {
        "walkSpeed": 0.25
      }
    }
  },
  "moves": [
    "1:leer",
    "1:poisonsting",
    "4:absorb",
    "7:growth",
    "10:leechseed",
    "13:sandattack",
    "16:bulletseed",
    "16:needlearm",
    "19:feintattack",
    "19:powertrip",
    "22:ingrain",
    "26:payback",
    "30:spikes",
    "34:suckerpunch",
    "38:pinmissile",
    "42:energyball",
    "46:cottonspore",
    "50:sandstorm",
    "54:destinybond",
    "100:acid",
    "100:belch",
    "100:block",
    "100:counter",
    "100:disable",
    "100:dynamicpunch",
    "100:fellstinger",
    "100:grasswhistle",
    "100:lowkick",
    "100:magicalleaf",
    "100:nastyplot",
    "100:poweruppunch",
    "100:rototiller",
    "100:seedbomb",
    "100:smellingsalts",
    "100:switcheroo",
    "100:teeterdance",
    "100:worryseed",
    "100:attract",
    "100:bodyslam",
    "100:brickbreak",
    "100:bulldoze",
    "100:bulletseed",
    "100:captivate",
    "100:confide",
    "100:curse",
    "100:cut",
    "100:darkpulse",
    "100:dig",
    "100:doubleteam",
    "100:drainpunch",
    "100:encore",
    "100:endeavor",
    "100:endure",
    "100:energyball",
    "100:facade",
    "100:flash",
    "100:fling",
    "100:focuspunch",
    "100:foulplay",
    "100:frustration",
    "100:gigadrain",
    "100:grassknot",
    "100:grassyglide",
    "100:grassyterrain",
    "100:helpinghand",
    "100:hiddenpower",
    "100:leafstorm",
    "100:lowkick",
    "100:magicalleaf",
    "100:nastyplot",
    "100:naturalgift",
    "100:naturepower",
    "100:payback",
    "100:poisonjab",
    "100:poweruppunch",
    "100:protect",
    "100:raindance",
    "100:rest",
    "100:return",
    "100:round",
    "100:sandstorm",
    "100:scaryface",
    "100:secretpower",
    "100:seedbomb",
    "100:skittersmack",
    "100:sleeptalk",
    "100:solarbeam",
    "100:spikes",
    "100:spite",
    "100:substitute",
    "100:sunnyday",
    "100:swagger",
    "100:swift",
    "100:swordsdance",
    "100:takedown",
    "100:terablast",
    "100:thief",
    "100:throatchop",
    "100:thunderpunch",
    "100:toxic",
    "100:toxicspikes",
    "100:trailblaze",
    "100:venoshock",
    "100:absorb",
    "100:block",
    "100:bodyslam",
    "100:counter",
    "100:darkpulse",
    "100:doubleedge",
    "100:drainpunch",
    "100:dynamicpunch",
    "100:encore",
    "100:endure",
    "100:focuspunch",
    "100:furycutter",
    "100:gigadrain",
    "100:headbutt",
    "100:leer",
    "100:lowkick",
    "100:megapunch",
    "100:mimic",
    "100:mudslap",
    "100:poisonsting",
    "100:roleplay",
    "100:seedbomb",
    "100:seismictoss",
    "100:sleeptalk",
    "100:snore",
    "100:spite",
    "100:substitute",
    "100:suckerpunch",
    "100:swagger",
    "100:swordsdance",
    "100:synthesis",
    "100:teeterdance",
    "100:thunderpunch",
    "100:worryseed"
  ],
  "labels": [
    "gen3"
  ],
  "pokedex": [
    "cobblemon.species.cacnea.desc"
  ],
  "evolutions": [
    {
      "id": "cacnea_cacturne",
      "variant": "level_up",
      "result": "cacturne",
      "consumeHeldItem": false,
      "learnableMoves": [
        "spikyshield"
      ],
      "requirements": [
        {
          "variant": "level",
          "minLevel": 32
        }
      ]
    }
  ],
  "baseScale": 0.7,
  "hitbox": {
    "width": 0.65,
    "height": 0.75,
    "fixed": false
  },
  "baseFriendship": 35,
  "evYield": {
    "hp": 0,
    "attack": 0,
    "defence": 0,
    "special_attack": 1,
    "special_defence": 0,
    "speed": 0
  },
  "height": 4,
  "weight": 513,
  "aspects": [],
  "cannotDynamax": false
}
