{
  "implemented": true,
  "name": "Camerupt",
  "nationalPokedexNumber": 323,
  "primaryType": "fire",
  "secondaryType": "ground",
  "abilities": [
    "magmaarmor",
    "solidrock",
    "h:angerpoint"
  ],
  "drops": {
    "amount": 2,
    "entries": [
      {
        "item": "minecraft:magma_cream",
        "percentage": 5.0
      },
      {
        "item": "cobblemon:rawst_berry",
        "percentage": 5.0
      }
    ]
  },
  "baseStats": {
    "hp": 70,
    "attack": 100,
    "defence": 70,
    "special_attack": 105,
    "special_defence": 75,
    "speed": 40
  },
  "catchRate": 150,
  "maleRatio": 0.5,
  "shoulderMountable": false,
  "forms": [
    {
      "name": "Mega",
      "primaryType": "fire",
      "secondaryType": "ground",
      "abilities": [
        "sheerforce"
      ],
      "baseStats": {
        "hp": 70,
        "attack": 120,
        "defence": 100,
        "special_attack": 145,
        "special_defence": 105,
        "speed": 20
      },
      "catchRate": 150,
      "maleRatio": 0.5,
      "baseExperienceYield": 161,
      "baseFriendship": 70,
      "evYield": {
        "hp": 0,
        "attack": 1,
        "defence": 0,
        "special_attack": 1,
        "special_defence": 0,
        "speed": 0
      },
      "experienceGroup": "medium_fast",
      "eggCycles": 20,
      "eggGroups": [
        "field"
      ],
      "labels": [
        "gen6",
        "mega"
      ],
      "aspects": [
        "mega"
      ],
      "height": 25,
      "weight": 3205,
      "cannotDynamax": false,
      "battleOnly": true
    }
  ],
  "baseExperienceYield": 161,
  "experienceGroup": "medium_fast",
  "eggCycles": 20,
  "eggGroups": [
    "field"
  ],
  "moves": [
    "1:ember",
    "1:eruption",
    "1:fissure",
    "1:focusenergy",
    "1:growl",
    "1:rockslide",
    "1:tackle",
    "12:bulldoze",
    "12:magnitude",
    "15:flameburst",
    "15:incinerate",
    "19:amnesia",
    "22:lavaplume",
    "26:earthpower",
    "29:curse",
    "31:takedown",
    "39:yawn",
    "46:earthquake",
    "100:amnesia",
    "100:attract",
    "100:bodypress",
    "100:bodyslam",
    "100:bulldoze",
    "100:captivate",
    "100:charm",
    "100:confide",
    "100:curse",
    "100:dig",
    "100:doubleedge",
    "100:doubleteam",
    "100:earthpower",
    "100:earthquake",
    "100:echoedvoice",
    "100:endeavor",
    "100:endure",
    "100:explosion",
    "100:facade",
    "100:fireblast",
    "100:firespin",
    "100:flamecharge",
    "100:flamethrower",
    "100:flareblitz",
    "100:flashcannon",
    "100:frustration",
    "100:gigaimpact",
    "100:heatcrash",
    "100:heatwave",
    "100:heavyslam",
    "100:helpinghand",
    "100:hiddenpower",
    "100:highhorsepower",
    "100:hyperbeam",
    "100:incinerate",
    "100:ironhead",
    "100:lashout",
    "100:mudshot",
    "100:mudslap",
    "100:naturalgift",
    "100:naturepower",
    "100:overheat",
    "100:protect",
    "100:raindance",
    "100:rest",
    "100:return",
    "100:roar",
    "100:rockpolish",
    "100:rockslide",
    "100:rocksmash",
    "100:rocktomb",
    "100:round",
    "100:sandstorm",
    "100:scaryface",
    "100:scorchingsands",
    "100:secretpower",
    "100:sleeptalk",
    "100:smackdown",
    "100:solarbeam",
    "100:stealthrock",
    "100:stompingtantrum",
    "100:stoneedge",
    "100:strength",
    "100:substitute",
    "100:sunnyday",
    "100:swagger",
    "100:takedown",
    "100:temperflare",
    "100:terablast",
    "100:toxic",
    "100:trailblaze",
    "100:willowisp",
    "100:zenheadbutt",
    "100:afteryou",
    "100:bodyslam",
    "100:curse",
    "100:defensecurl",
    "100:doubleedge",
    "100:earthpower",
    "100:endure",
    "100:explosion",
    "100:headbutt",
    "100:heatwave",
    "100:ironhead",
    "100:mimic",
    "100:mudslap",
    "100:rockslide",
    "100:rollout",
    "100:selfdestruct",
    "100:sleeptalk",
    "100:snore",
    "100:stealthrock",
    "100:stompingtantrum",
    "100:substitute",
    "100:swagger",
    "100:takedown",
    "100:yawn"
  ],
  "labels": [
    "gen3"
  ],
  "pokedex": [
    "cobblemon.species.camerupt.desc"
  ],
  "preEvolution": "numel",
  "evolutions": [],
  "baseScale": 1.2,
  "hitbox": {
    "width": 2,
    "height": 1.5,
    "fixed": false
  },
  "baseFriendship": 70,
  "evYield": {
    "hp": 0,
    "attack": 1,
    "defence": 0,
    "special_attack": 1,
    "special_defence": 0,
    "speed": 0
  },
  "height": 19,
  "weight": 2200,
  "aspects": [],
  "cannotDynamax": false
}
