{
  "name": "Cascoon",
  "nationalPokedexNumber": 268,
  "primaryType": "bug",
  "abilities": [
    "shedskin"
  ],
  "baseStats": {
    "hp": 50,
    "attack": 35,
    "defence": 55,
    "special_attack": 25,
    "special_defence": 25,
    "speed": 15
  },
  "behaviour": {
    "moving": {
      "walk": {
        "canWalk": false
      },
      "swim": {
        "canSwimInWater": false,
        "canSwimInLava": false
      },
      "canLook": false
    }
  },
  "catchRate": 120,
  "maleRatio": 0.5,
  "shoulderMountable": false,
  "baseExperienceYield": 72,
  "experienceGroup": "medium_fast",
  "eggCycles": 15,
  "eggGroups": [
    "bug"
  ],
  "moves": [
    "1:harden",
    "100:bugbite",
    "100:electroweb",
    "100:irondefense",
    "100:stringshot"
  ],
  "labels": [
    "gen3"
  ],
  "pokedex": [
    "cobblemon.species.cascoon.desc"
  ],
  "preEvolution": "wurmple",
  "evolutions": [
    {
      "id": "cascoon_dustox",
      "variant": "level_up",
      "result": "dustox",
      "consumeHeldItem": false,
      "learnableMoves": [],
      "requirements": [
        {
          "variant": "level",
          "minLevel": 10
        }
      ]
    }
  ],
  "baseScale": 1,
  "hitbox": {
    "width": 1,
    "height": 1,
    "fixed": false
  },
  "baseFriendship": 70,
  "evYield": {
    "hp": 0,
    "attack": 0,
    "defence": 2,
    "special_attack": 0,
    "special_defence": 0,
    "speed": 0
  },
  "height": 7,
  "weight": 115,
  "aspects": [],
  "cannotDynamax": false,
  "drops": {
    "amount": 3,
    "entries": [
      {
        "item": "minecraft:string",
        "quantityRange": "0-2"
      },
      {
        "item": "cobblemon:pecha_berry",
        "percentage": 2.5
      }
    ]
  }
}
