{
  "implemented": true,
  "name": "Clamperl",
  "nationalPokedexNumber": 366,
  "primaryType": "water",
  "abilities": [
    "shellarmor",
    "h:rattled"
  ],
  "baseStats": {
    "hp": 35,
    "attack": 64,
    "defence": 85,
    "special_attack": 74,
    "special_defence": 55,
    "speed": 32
  },
  "behaviour": {
    "moving": {
      "walk": {
        "walkSpeed": 0.175,
        "avoidsLand": true
      },
      "swim": {
        "swimSpeed": 0.1,
        "canSwimInWater": false,
        "canBreatheUnderwater": true
      }
    },
    "resting": {
      "canSleep": true,
      "willSleepOnBed": false,
      "depth": "normal",
      "light": "0-4"
    }
  },
  "catchRate": 255,
  "maleRatio": 0.5,
  "shoulderMountable": false,
  "baseExperienceYield": 69,
  "experienceGroup": "erratic",
  "eggCycles": 20,
  "eggGroups": [
    "water_1"
  ],
  "moves": [
    "1:clamp",
    "1:irondefense",
    "1:watergun",
    "1:whirlpool",
    "51:shellsmash",
    "100:aquaring",
    "100:barrier",
    "100:bodyslam",
    "100:brine",
    "100:confuseray",
    "100:endure",
    "100:muddywater",
    "100:mudsport",
    "100:refresh",
    "100:supersonic",
    "100:waterpulse",
    "100:attract",
    "100:blizzard",
    "100:brine",
    "100:captivate",
    "100:confide",
    "100:dive",
    "100:doubleteam",
    "100:endure",
    "100:facade",
    "100:frustration",
    "100:hail",
    "100:hiddenpower",
    "100:icebeam",
    "100:naturalgift",
    "100:protect",
    "100:raindance",
    "100:rest",
    "100:return",
    "100:round",
    "100:scald",
    "100:secretpower",
    "100:sleeptalk",
    "100:substitute",
    "100:surf",
    "100:swagger",
    "100:toxic",
    "100:waterfall",
    "100:waterpulse",
    "100:whirlpool",
    "100:aquaring",
    "100:bodyslam",
    "100:captivate",
    "100:dive",
    "100:doubleedge",
    "100:endure",
    "100:icywind",
    "100:irondefense",
    "100:mimic",
    "100:sleeptalk",
    "100:snore",
    "100:substitute",
    "100:swagger",
    "100:waterpulse",
    "100:whirlpool"
  ],
  "drops": {
    "amount": 1,
    "entries": [
      {
        "item": "cobblemon:shell_bell",
        "percentage": 2.5
      }
    ]
  },
  "labels": [
    "gen3"
  ],
  "pokedex": [
    "cobblemon.species.clamperl.desc"
  ],
  "evolutions": [
    {
      "id": "clamperl_huntail",
      "variant": "trade",
      "result": "huntail",
      "consumeHeldItem": true,
      "learnableMoves": [],
      "requirements": [
        {
          "variant": "held_item",
          "itemCondition": "cobblemon:deep_sea_tooth"
        }
      ]
    },
    {
      "id": "clamperl_gorebyss",
      "variant": "trade",
      "result": "gorebyss",
      "consumeHeldItem": true,
      "learnableMoves": [],
      "requirements": [
        {
          "variant": "held_item",
          "itemCondition": "cobblemon:deep_sea_scale"
        }
      ]
    }
  ],
  "baseScale": 0.75,
  "hitbox": {
    "width": 0.75,
    "height": 0.67,
    "fixed": false
  },
  "baseFriendship": 70,
  "evYield": {
    "hp": 0,
    "attack": 0,
    "defence": 1,
    "special_attack": 0,
    "special_defence": 0,
    "speed": 0
  },
  "height": 4,
  "weight": 525,
  "aspects": [],
  "cannotDynamax": false
}
