{
  "implemented": true,
  "name": "Gardevoir",
  "nationalPokedexNumber": 282,
  "primaryType": "psychic",
  "secondaryType": "fairy",
  "abilities": [
    "synchronize",
    "trace",
    "h:telepathy"
  ],
  "drops": {
    "amount": 6,
    "entries": [
      {
        "item": "minecraft:ender_pearl",
        "quantityRange": "0-3"
      },
      {
        "item": "cobblemon:dawn_stone",
        "percentage": 10.0
      },
      {
        "item": "cobblemon:twisted_spoon",
        "percentage": 10.0
      },
      {
        "item": "cobblemon:kasib_berry",
        "percentage": 10.0
      }
    ]
  },
  "baseStats": {
    "hp": 68,
    "attack": 65,
    "defence": 65,
    "special_attack": 125,
    "special_defence": 115,
    "speed": 80
  },
  "catchRate": 45,
  "maleRatio": 0.5,
  "shoulderMountable": false,
  "forms": [
    {
      "name": "Mega",
      "primaryType": "psychic",
      "secondaryType": "fairy",
      "abilities": [
        "pixilate"
      ],
      "baseStats": {
        "hp": 68,
        "attack": 85,
        "defence": 65,
        "special_attack": 165,
        "special_defence": 135,
        "speed": 100
      },
      "catchRate": 45,
      "maleRatio": 0.5,
      "baseExperienceYield": 259,
      "baseFriendship": 35,
      "evYield": {
        "hp": 0,
        "attack": 0,
        "defence": 0,
        "special_attack": 3,
        "special_defence": 0,
        "speed": 0
      },
      "experienceGroup": "slow",
      "eggCycles": 20,
      "eggGroups": [
        "amorphous"
      ],
      "labels": [
        "gen6",
        "mega"
      ],
      "aspects": [
        "mega"
      ],
      "height": 16,
      "weight": 484,
      "cannotDynamax": false,
      "battleOnly": true
    }
  ],
  "behaviour": {
    "resting": {
      "canSleep": true,
      "willSleepOnBed": true,
      "depth": "normal",
      "light": "0-4"
    },
    "moving": {
      "walk": {
        "walkSpeed": 0.15
      }
    }
  },
  "baseExperienceYield": 259,
  "experienceGroup": "slow",
  "eggCycles": 20,
  "eggGroups": [
    "human_like",
    "amorphous"
  ],
  "moves": [
    "1:charm",
    "1:confusion",
    "1:disarmingvoice",
    "1:doubleteam",
    "1:growl",
    "1:healingwish",
    "1:healpulse",
    "1:mistyterrain",
    "1:mysticalfire",
    "1:storedpower",
    "9:hypnosis",
    "12:drainingkiss",
    "15:teleport",
    "17:magicalleaf",
    "18:psybeam",
    "23:lifedew",
    "28:wish",
    "35:calmmind",
    "35:imprison",
    "42:psychic",
    "44:captivate",
    "49:moonblast",
    "56:dreameater",
    "63:futuresight",
    "100:alluringvoice",
    "100:allyswitch",
    "100:attract",
    "100:aurasphere",
    "100:bodyslam",
    "100:calmmind",
    "100:captivate",
    "100:chargebeam",
    "100:charm",
    "100:confide",
    "100:confuseray",
    "100:dazzlinggleam",
    "100:disarmingvoice",
    "100:doubleteam",
    "100:drainingkiss",
    "100:dreameater",
    "100:echoedvoice",
    "100:encore",
    "100:endure",
    "100:energyball",
    "100:expandingforce",
    "100:facade",
    "100:firepunch",
    "100:flash",
    "100:fling",
    "100:focusblast",
    "100:frustration",
    "100:futuresight",
    "100:gigaimpact",
    "100:grassknot",
    "100:gravity",
    "100:guardswap",
    "100:helpinghand",
    "100:hiddenpower",
    "100:hyperbeam",
    "100:hypervoice",
    "100:icepunch",
    "100:icywind",
    "100:imprison",
    "100:knockoff",
    "100:lightscreen",
    "100:magicalleaf",
    "100:magicroom",
    "100:megakick",
    "100:megapunch",
    "100:metronome",
    "100:mistyexplosion",
    "100:mistyterrain",
    "100:mysticalfire",
    "100:naturalgift",
    "100:nightshade",
    "100:painsplit",
    "100:powerswap",
    "100:protect",
    "100:psybeam",
    "100:psychic",
    "100:psychicnoise",
    "100:psychicterrain",
    "100:psychup",
    "100:psyshock",
    "100:raindance",
    "100:recycle",
    "100:reflect",
    "100:rest",
    "100:return",
    "100:round",
    "100:safeguard",
    "100:secretpower",
    "100:shadowball",
    "100:shockwave",
    "100:skillswap",
    "100:sleeptalk",
    "100:snatch",
    "100:snore",
    "100:storedpower",
    "100:substitute",
    "100:sunnyday",
    "100:swagger",
    "100:swift",
    "100:taunt",
    "100:telekinesis",
    "100:terablast",
    "100:thief",
    "100:thunderbolt",
    "100:thunderpunch",
    "100:thunderwave",
    "100:torment",
    "100:toxic",
    "100:trick",
    "100:trickroom",
    "100:tripleaxel",
    "100:vacuumwave",
    "100:willowisp",
    "100:wonderroom",
    "100:zenheadbutt",
    "100:allyswitch",
    "100:bodyslam",
    "100:calmmind",
    "100:dazzlinggleam",
    "100:defensecurl",
    "100:doubleedge",
    "100:dreameater",
    "100:endure",
    "100:expandingforce",
    "100:firepunch",
    "100:focusblast",
    "100:headbutt",
    "100:healbell",
    "100:helpinghand",
    "100:hypervoice",
    "100:hypnosis",
    "100:icepunch",
    "100:icywind",
    "100:laserfocus",
    "100:magiccoat",
    "100:magicroom",
    "100:mimic",
    "100:mistyexplosion",
    "100:moonblast",
    "100:mudslap",
    "100:nightmare",
    "100:painsplit",
    "100:psychic",
    "100:psychup",
    "100:recycle",
    "100:shockwave",
    "100:signalbeam",
    "100:skillswap",
    "100:sleeptalk",
    "100:snatch",
    "100:snore",
    "100:storedpower",
    "100:substitute",
    "100:swagger",
    "100:swift",
    "100:telekinesis",
    "100:thunderbolt",
    "100:thunderpunch",
    "100:thunderwave",
    "100:trick",
    "100:tripleaxel",
    "100:wonderroom",
    "100:zenheadbutt"
  ],
  "labels": [
    "gen3"
  ],
  "pokedex": [
    "cobblemon.species.gardevoir.desc"
  ],
  "preEvolution": "kirlia",
  "evolutions": [],
  "baseScale": 0.9,
  "hitbox": {
    "width": 0.6,
    "height": 2.2,
    "fixed": false
  },
  "baseFriendship": 35,
  "evYield": {
    "hp": 0,
    "attack": 0,
    "defence": 0,
    "special_attack": 3,
    "special_defence": 0,
    "speed": 0
  },
  "height": 16,
  "weight": 484,
  "aspects": [],
  "cannotDynamax": false
}
