{
  "name": "Groudon",
  "nationalPokedexNumber": 383,
  "primaryType": "ground",
  "abilities": [
    "drought"
  ],
  "baseStats": {
    "hp": 100,
    "attack": 150,
    "defence": 140,
    "special_attack": 100,
    "special_defence": 90,
    "speed": 90
  },
  "catchRate": 3,
  "maleRatio": -1,
  "shoulderMountable": false,
  "forms": [
    {
      "name": "Primal",
      "primaryType": "ground",
      "secondaryType": "fire",
      "abilities": [
        "desolateland"
      ],
      "baseStats": {
        "hp": 100,
        "attack": 180,
        "defence": 160,
        "special_attack": 150,
        "special_defence": 90,
        "speed": 90
      },
      "catchRate": 3,
      "maleRatio": -1,
      "baseExperienceYield": 335,
      "baseFriendship": 0,
      "evYield": {
        "hp": 0,
        "attack": 3,
        "defence": 0,
        "special_attack": 0,
        "special_defence": 0,
        "speed": 0
      },
      "experienceGroup": "slow",
      "eggCycles": 120,
      "eggGroups": [
        "undiscovered"
      ],
      "labels": [
        "gen6",
        "primal",
        "legendary"
      ],
      "aspects": [
        "primal"
      ],
      "height": 50,
      "weight": 9997,
      "cannotDynamax": false,
      "battleOnly": true
    }
  ],
  "baseExperienceYield": 335,
  "experienceGroup": "slow",
  "eggCycles": 120,
  "eggGroups": [
    "undiscovered"
  ],
  "moves": [
    "1:ancientpower",
    "1:lavaplume",
    "1:mudshot",
    "1:precipiceblades",
    "1:scaryface",
    "9:earthpower",
    "18:bulkup",
    "20:slash",
    "27:earthquake",
    "36:hammerarm",
    "45:fissure",
    "54:rest",
    "72:fireblast",
    "81:solarbeam",
    "90:eruption",
    "100:aerialace",
    "100:bodypress",
    "100:bodyslam",
    "100:brickbreak",
    "100:brutalswing",
    "100:bulkup",
    "100:bulldoze",
    "100:confide",
    "100:crunch",
    "100:cut",
    "100:dig",
    "100:doubleedge",
    "100:doubleteam",
    "100:dragonclaw",
    "100:dragonpulse",
    "100:dragontail",
    "100:earthpower",
    "100:earthquake",
    "100:endure",
    "100:facade",
    "100:fireblast",
    "100:firefang",
    "100:firepunch",
    "100:flamethrower",
    "100:fling",
    "100:focusblast",
    "100:focuspunch",
    "100:frustration",
    "100:gigaimpact",
    "100:heatcrash",
    "100:heatwave",
    "100:heavyslam",
    "100:helpinghand",
    "100:hiddenpower",
    "100:highhorsepower",
    "100:honeclaws",
    "100:hyperbeam",
    "100:incinerate",
    "100:ironhead",
    "100:irontail",
    "100:megakick",
    "100:megapunch",
    "100:metalclaw",
    "100:mudshot",
    "100:mudslap",
    "100:naturalgift",
    "100:overheat",
    "100:poweruppunch",
    "100:protect",
    "100:psychup",
    "100:rest",
    "100:return",
    "100:roar",
    "100:rockblast",
    "100:rockclimb",
    "100:rockpolish",
    "100:rockslide",
    "100:rocksmash",
    "100:rocktomb",
    "100:round",
    "100:safeguard",
    "100:sandstorm",
    "100:sandtomb",
    "100:scaryface",
    "100:scorchingsands",
    "100:secretpower",
    "100:shadowclaw",
    "100:shockwave",
    "100:sleeptalk",
    "100:smackdown",
    "100:snore",
    "100:solarbeam",
    "100:spikes",
    "100:stealthrock",
    "100:stompingtantrum",
    "100:stoneedge",
    "100:strength",
    "100:substitute",
    "100:sunnyday",
    "100:swagger",
    "100:swordsdance",
    "100:takedown",
    "100:terablast",
    "100:thunder",
    "100:thunderbolt",
    "100:thunderpunch",
    "100:thunderwave",
    "100:toxic",
    "100:uproar",
    "100:willowisp",
    "100:zenheadbutt",
    "100:ancientpower",
    "100:block",
    "100:bodyslam",
    "100:bulkup",
    "100:counter",
    "100:defensecurl",
    "100:doubleedge",
    "100:dragonpulse",
    "100:dynamicpunch",
    "100:earthpower",
    "100:endure",
    "100:eruption",
    "100:fireblast",
    "100:firepunch",
    "100:furycutter",
    "100:headbutt",
    "100:ironhead",
    "100:irontail",
    "100:lavaplume",
    "100:megakick",
    "100:megapunch",
    "100:mimic",
    "100:mudslap",
    "100:precipiceblades",
    "100:psychup",
    "100:rockslide",
    "100:rollout",
    "100:scaryface",
    "100:scorchingsands",
    "100:seismictoss",
    "100:shockwave",
    "100:slash",
    "100:sleeptalk",
    "100:snore",
    "100:solarbeam",
    "100:stealthrock",
    "100:stompingtantrum",
    "100:substitute",
    "100:swagger",
    "100:swift",
    "100:swordsdance",
    "100:thunderpunch",
    "100:thunderwave",
    "100:uproar"
  ],
  "labels": [
    "gen3",
    "legendary"
  ],
  "pokedex": [
    "cobblemon.species.groudon.desc"
  ],
  "evolutions": [],
  "baseScale": 1,
  "hitbox": {
    "width": 1,
    "height": 1,
    "fixed": false
  },
  "baseFriendship": 0,
  "evYield": {
    "hp": 0,
    "attack": 3,
    "defence": 0,
    "special_attack": 0,
    "special_defence": 0,
    "speed": 0
  },
  "height": 35,
  "weight": 9500,
  "aspects": [],
  "cannotDynamax": false,
  "drops": {
    "amount": 1,
    "entries": [
      {
        "item": "minecraft:nether_star"
      }
    ]
  }
}
