{
  "name": "Grumpig",
  "nationalPokedexNumber": 326,
  "primaryType": "psychic",
  "abilities": [
    "thickfat",
    "owntempo",
    "h:gluttony"
  ],
  "baseStats": {
    "hp": 80,
    "attack": 45,
    "defence": 65,
    "special_attack": 90,
    "special_defence": 110,
    "speed": 80
  },
  "catchRate": 60,
  "maleRatio": 0.5,
  "shoulderMountable": false,
  "baseExperienceYield": 165,
  "experienceGroup": "fast",
  "eggCycles": 20,
  "eggGroups": [
    "field"
  ],
  "moves": [
    "1:belch",
    "1:confusion",
    "1:odorsleuth",
    "1:psybeam",
    "1:psywave",
    "1:splash",
    "1:teeterdance",
    "18:psychup",
    "21:magiccoat",
    "22:confuseray",
    "26:zenheadbutt",
    "29:powergem",
    "35:rest",
    "35:snore",
    "42:psyshock",
    "46:payback",
    "52:psychic",
    "60:bounce",
    "100:amnesia",
    "100:attract",
    "100:bodypress",
    "100:bodyslam",
    "100:brickbreak",
    "100:bulldoze",
    "100:calmmind",
    "100:captivate",
    "100:chargebeam",
    "100:chillingwater",
    "100:confide",
    "100:confuseray",
    "100:dazzlinggleam",
    "100:dig",
    "100:doubleteam",
    "100:drainpunch",
    "100:dreameater",
    "100:earthpower",
    "100:encore",
    "100:endeavor",
    "100:endure",
    "100:energyball",
    "100:expandingforce",
    "100:facade",
    "100:firepunch",
    "100:flash",
    "100:flashcannon",
    "100:fling",
    "100:focusblast",
    "100:focuspunch",
    "100:frustration",
    "100:futuresight",
    "100:gigaimpact",
    "100:grassknot",
    "100:helpinghand",
    "100:hiddenpower",
    "100:hyperbeam",
    "100:hypervoice",
    "100:icepunch",
    "100:icywind",
    "100:imprison",
    "100:irontail",
    "100:lightscreen",
    "100:lowkick",
    "100:lowsweep",
    "100:lunge",
    "100:metronome",
    "100:mudshot",
    "100:mudslap",
    "100:nastyplot",
    "100:naturalgift",
    "100:nightshade",
    "100:payback",
    "100:powergem",
    "100:poweruppunch",
    "100:protect",
    "100:psybeam",
    "100:psychic",
    "100:psychicnoise",
    "100:psychicterrain",
    "100:psychup",
    "100:psyshock",
    "100:raindance",
    "100:recycle",
    "100:reflect",
    "100:rest",
    "100:return",
    "100:round",
    "100:secretpower",
    "100:seedbomb",
    "100:shadowball",
    "100:shockwave",
    "100:skillswap",
    "100:sleeptalk",
    "100:snarl",
    "100:snatch",
    "100:snowscape",
    "100:stompingtantrum",
    "100:storedpower",
    "100:substitute",
    "100:sunnyday",
    "100:swagger",
    "100:swift",
    "100:takedown",
    "100:taunt",
    "100:telekinesis",
    "100:terablast",
    "100:thief",
    "100:thunderpunch",
    "100:thunderwave",
    "100:torment",
    "100:toxic",
    "100:trailblaze",
    "100:trick",
    "100:trickroom",
    "100:uproar",
    "100:zenheadbutt",
    "100:allyswitch",
    "100:bodyslam",
    "100:bounce",
    "100:counter",
    "100:covet",
    "100:doubleedge",
    "100:drainpunch",
    "100:dreameater",
    "100:dynamicpunch",
    "100:endure",
    "100:firepunch",
    "100:focuspunch",
    "100:headbutt",
    "100:healbell",
    "100:icepunch",
    "100:icywind",
    "100:irontail",
    "100:laserfocus",
    "100:magiccoat",
    "100:megakick",
    "100:megapunch",
    "100:mimic",
    "100:mudslap",
    "100:psychup",
    "100:recycle",
    "100:roleplay",
    "100:seismictoss",
    "100:shockwave",
    "100:signalbeam",
    "100:skillswap",
    "100:sleeptalk",
    "100:snatch",
    "100:snore",
    "100:substitute",
    "100:swagger",
    "100:swift",
    "100:telekinesis",
    "100:thunderpunch",
    "100:trick",
    "100:zenheadbutt"
  ],
  "labels": [
    "gen3"
  ],
  "pokedex": [
    "cobblemon.species.grumpig.desc"
  ],
  "preEvolution": "spoink",
  "evolutions": [],
  "baseScale": 1,
  "hitbox": {
    "width": 1,
    "height": 1,
    "fixed": false
  },
  "baseFriendship": 70,
  "evYield": {
    "hp": 0,
    "attack": 0,
    "defence": 0,
    "special_attack": 0,
    "special_defence": 2,
    "speed": 0
  },
  "height": 9,
  "weight": 715,
  "aspects": [],
  "cannotDynamax": false,
  "drops": {
    "amount": 6,
    "entries": [
      {
        "item": "minecraft:porkchop",
        "quantityRange": "1-3"
      },
      {
        "item": "minecraft:ender_pearl",
        "quantityRange": "0-2"
      },
      {
        "item": "cobblemon:tanga_berry",
        "percentage": 5.0
      }
    ]
  }
}
