{
  "implemented": true,
  "name": "Kirlia",
  "nationalPokedexNumber": 281,
  "primaryType": "psychic",
  "secondaryType": "fairy",
  "abilities": [
    "synchronize",
    "trace",
    "h:telepathy"
  ],
  "drops": {
    "amount": 5,
    "entries": [
      {
        "item": "minecraft:ender_pearl",
        "quantityRange": "0-2"
      },
      {
        "item": "cobblemon:dawn_stone",
        "percentage": 5.0
      },
      {
        "item": "cobblemon:twisted_spoon",
        "percentage": 5.0
      },
      {
        "item": "cobblemon:kasib_berry",
        "percentage": 5.0
      }
    ]
  },
  "baseStats": {
    "hp": 38,
    "attack": 35,
    "defence": 35,
    "special_attack": 65,
    "special_defence": 55,
    "speed": 50
  },
  "catchRate": 120,
  "maleRatio": 0.5,
  "shoulderMountable": false,
  "baseExperienceYield": 97,
  "experienceGroup": "slow",
  "eggCycles": 20,
  "eggGroups": [
    "human_like",
    "amorphous"
  ],
  "behaviour": {
    "resting": {
      "canSleep": true,
      "willSleepOnBed": false,
      "depth": "normal",
      "light": "0-4"
    },
    "moving": {
      "walk": {
        "walkSpeed": 0.2
      }
    }
  },
  "moves": [
    "1:confusion",
    "1:disarmingvoice",
    "1:doubleteam",
    "1:growl",
    "9:hypnosis",
    "12:drainingkiss",
    "14:luckychant",
    "15:teleport",
    "17:magicalleaf",
    "18:psybeam",
    "23:lifedew",
    "28:charm",
    "33:calmmind",
    "33:imprison",
    "38:psychic",
    "43:healpulse",
    "48:dreameater",
    "51:storedpower",
    "53:futuresight",
    "100:alluringvoice",
    "100:allyswitch",
    "100:attract",
    "100:bodyslam",
    "100:calmmind",
    "100:captivate",
    "100:chargebeam",
    "100:charm",
    "100:confide",
    "100:confuseray",
    "100:dazzlinggleam",
    "100:disarmingvoice",
    "100:doubleteam",
    "100:drainingkiss",
    "100:dreameater",
    "100:echoedvoice",
    "100:encore",
    "100:endure",
    "100:expandingforce",
    "100:facade",
    "100:firepunch",
    "100:flash",
    "100:fling",
    "100:frustration",
    "100:futuresight",
    "100:grassknot",
    "100:helpinghand",
    "100:hiddenpower",
    "100:hyperbeam",
    "100:hypervoice",
    "100:icepunch",
    "100:icywind",
    "100:imprison",
    "100:knockoff",
    "100:lightscreen",
    "100:magicalleaf",
    "100:magicroom",
    "100:megakick",
    "100:megapunch",
    "100:metronome",
    "100:mistyterrain",
    "100:naturalgift",
    "100:painsplit",
    "100:protect",
    "100:psybeam",
    "100:psychic",
    "100:psychicterrain",
    "100:psychup",
    "100:psyshock",
    "100:raindance",
    "100:recycle",
    "100:reflect",
    "100:rest",
    "100:return",
    "100:round",
    "100:safeguard",
    "100:secretpower",
    "100:shadowball",
    "100:shockwave",
    "100:skillswap",
    "100:sleeptalk",
    "100:snatch",
    "100:snore",
    "100:storedpower",
    "100:substitute",
    "100:sunnyday",
    "100:swagger",
    "100:swift",
    "100:taunt",
    "100:telekinesis",
    "100:terablast",
    "100:thief",
    "100:thunderbolt",
    "100:thunderpunch",
    "100:thunderwave",
    "100:torment",
    "100:toxic",
    "100:trick",
    "100:trickroom",
    "100:tripleaxel",
    "100:willowisp",
    "100:wonderroom",
    "100:zenheadbutt",
    "100:allyswitch",
    "100:bodyslam",
    "100:defensecurl",
    "100:doubleedge",
    "100:dreameater",
    "100:endure",
    "100:expandingforce",
    "100:firepunch",
    "100:headbutt",
    "100:helpinghand",
    "100:hypervoice",
    "100:icepunch",
    "100:icywind",
    "100:magiccoat",
    "100:magicroom",
    "100:mimic",
    "100:mudslap",
    "100:nightmare",
    "100:painsplit",
    "100:psychup",
    "100:recycle",
    "100:shockwave",
    "100:signalbeam",
    "100:skillswap",
    "100:sleeptalk",
    "100:snatch",
    "100:snore",
    "100:substitute",
    "100:swagger",
    "100:swift",
    "100:telekinesis",
    "100:thunderpunch",
    "100:thunderwave",
    "100:trick",
    "100:tripleaxel",
    "100:wonderroom",
    "100:zenheadbutt"
  ],
  "labels": [
    "gen3"
  ],
  "pokedex": [
    "cobblemon.species.kirlia.desc"
  ],
  "preEvolution": "ralts",
  "evolutions": [
    {
      "id": "kirlia_gardevoir",
      "variant": "level_up",
      "result": "gardevoir",
      "consumeHeldItem": false,
      "learnableMoves": [
        "dazzlinggleam"
      ],
      "requirements": [
        {
          "variant": "level",
          "minLevel": 30
        }
      ]
    },
    {
      "id": "kirlia_gallade",
      "variant": "item_interact",
      "result": "gallade",
      "consumeHeldItem": false,
      "learnableMoves": [],
      "requirements": [
        {
          "variant": "properties",
          "target": "gender=male"
        }
      ],
      "requiredContext": "cobblemon:dawn_stone"
    }
  ],
  "baseScale": 0.8,
  "hitbox": {
    "width": 0.5,
    "height": 1.4,
    "fixed": false
  },
  "baseFriendship": 35,
  "evYield": {
    "hp": 0,
    "attack": 0,
    "defence": 0,
    "special_attack": 2,
    "special_defence": 0,
    "speed": 0
  },
  "height": 8,
  "weight": 202,
  "aspects": [],
  "cannotDynamax": false
}
