{
  "name": "Latias",
  "nationalPokedexNumber": 380,
  "primaryType": "dragon",
  "secondaryType": "psychic",
  "abilities": [
    "levitate"
  ],
  "baseStats": {
    "hp": 80,
    "attack": 80,
    "defence": 90,
    "special_attack": 110,
    "special_defence": 130,
    "speed": 110
  },
  "catchRate": 3,
  "maleRatio": 0,
  "shoulderMountable": false,
  "forms": [
    {
      "name": "Mega",
      "primaryType": "dragon",
      "secondaryType": "psychic",
      "abilities": [
        "levitate"
      ],
      "baseStats": {
        "hp": 80,
        "attack": 100,
        "defence": 120,
        "special_attack": 140,
        "special_defence": 150,
        "speed": 110
      },
      "catchRate": 3,
      "maleRatio": 0,
      "baseExperienceYield": 300,
      "baseFriendship": 90,
      "evYield": {
        "hp": 0,
        "attack": 0,
        "defence": 0,
        "special_attack": 0,
        "special_defence": 3,
        "speed": 0
      },
      "experienceGroup": "slow",
      "eggCycles": 120,
      "eggGroups": [
        "undiscovered"
      ],
      "labels": [
        "gen6",
        "mega",
        "legendary"
      ],
      "aspects": [
        "mega"
      ],
      "height": 18,
      "weight": 520,
      "cannotDynamax": false,
      "battleOnly": true
    }
  ],
  "baseExperienceYield": 300,
  "experienceGroup": "slow",
  "eggCycles": 120,
  "eggGroups": [
    "undiscovered"
  ],
  "moves": [
    "1:charm",
    "1:psywave",
    "1:safeguard",
    "1:storedpower",
    "4:watersport",
    "5:helpinghand",
    "10:recover",
    "13:refresh",
    "15:confusion",
    "20:tailwind",
    "25:dragonbreath",
    "30:wish",
    "35:mistball",
    "40:zenheadbutt",
    "45:dragonpulse",
    "50:healpulse",
    "55:reflecttype",
    "60:psychic",
    "65:guardsplit",
    "70:healingwish",
    "75:psychoshift",
    "100:aerialace",
    "100:agility",
    "100:aircutter",
    "100:airslash",
    "100:alluringvoice",
    "100:allyswitch",
    "100:attract",
    "100:aurasphere",
    "100:batonpass",
    "100:bodyslam",
    "100:breakingswipe",
    "100:bulldoze",
    "100:calmmind",
    "100:captivate",
    "100:chargebeam",
    "100:charm",
    "100:chillingwater",
    "100:confide",
    "100:cut",
    "100:defog",
    "100:disarmingvoice",
    "100:dive",
    "100:doubleedge",
    "100:doubleteam",
    "100:dracometeor",
    "100:dragoncheer",
    "100:dragonclaw",
    "100:dragondance",
    "100:dragonpulse",
    "100:drainingkiss",
    "100:dreameater",
    "100:dualwingbeat",
    "100:earthquake",
    "100:endure",
    "100:energyball",
    "100:facade",
    "100:flash",
    "100:fly",
    "100:frustration",
    "100:futuresight",
    "100:gigaimpact",
    "100:grassknot",
    "100:helpinghand",
    "100:hiddenpower",
    "100:honeclaws",
    "100:hyperbeam",
    "100:icebeam",
    "100:icywind",
    "100:lightscreen",
    "100:liquidation",
    "100:magicroom",
    "100:mysticalfire",
    "100:naturalgift",
    "100:outrage",
    "100:protect",
    "100:psychic",
    "100:psychocut",
    "100:psychup",
    "100:psyshock",
    "100:raindance",
    "100:reflect",
    "100:rest",
    "100:retaliate",
    "100:return",
    "100:roar",
    "100:roost",
    "100:round",
    "100:safeguard",
    "100:sandstorm",
    "100:scaleshot",
    "100:secretpower",
    "100:shadowball",
    "100:shadowclaw",
    "100:shockwave",
    "100:sleeptalk",
    "100:snore",
    "100:solarbeam",
    "100:steelwing",
    "100:storedpower",
    "100:substitute",
    "100:sunnyday",
    "100:surf",
    "100:swagger",
    "100:swift",
    "100:tailwind",
    "100:takedown",
    "100:telekinesis",
    "100:terablast",
    "100:thunder",
    "100:thunderbolt",
    "100:thunderwave",
    "100:toxic",
    "100:triattack",
    "100:trick",
    "100:waterfall",
    "100:waterpulse",
    "100:weatherball",
    "100:whirlpool",
    "100:zenheadbutt",
    "100:allyswitch",
    "100:bodyslam",
    "100:charm",
    "100:covet",
    "100:defog",
    "100:dive",
    "100:doubleedge",
    "100:dracometeor",
    "100:dragonbreath",
    "100:dragonpulse",
    "100:dreameater",
    "100:dualwingbeat",
    "100:endure",
    "100:furycutter",
    "100:healpulse",
    "100:helpinghand",
    "100:icywind",
    "100:laserfocus",
    "100:lastresort",
    "100:magiccoat",
    "100:magicroom",
    "100:mimic",
    "100:mistball",
    "100:mudslap",
    "100:outrage",
    "100:psychoshift",
    "100:psychup",
    "100:recover",
    "100:refresh",
    "100:roleplay",
    "100:roost",
    "100:scaleshot",
    "100:shockwave",
    "100:sleeptalk",
    "100:snore",
    "100:substitute",
    "100:suckerpunch",
    "100:surf",
    "100:swagger",
    "100:sweetkiss",
    "100:swift",
    "100:tailwind",
    "100:telekinesis",
    "100:thunderwave",
    "100:trick",
    "100:twister",
    "100:waterpulse",
    "100:watersport",
    "100:wish",
    "100:zenheadbutt"
  ],
  "labels": [
    "gen3",
    "legendary"
  ],
  "pokedex": [
    "cobblemon.species.latias.desc"
  ],
  "evolutions": [],
  "baseScale": 1,
  "hitbox": {
    "width": 1,
    "height": 1,
    "fixed": false
  },
  "baseFriendship": 90,
  "evYield": {
    "hp": 0,
    "attack": 0,
    "defence": 0,
    "special_attack": 0,
    "special_defence": 3,
    "speed": 0
  },
  "height": 14,
  "weight": 400,
  "aspects": [],
  "cannotDynamax": false,
  "drops": {
    "amount": 4,
    "entries": [
      {
        "item": "minecraft:feather",
        "quantityRange": "2-4"
      }
    ]
  }
}
