{
  "implemented": true,
  "name": "Lotad",
  "nationalPokedexNumber": 270,
  "primaryType": "water",
  "secondaryType": "grass",
  "abilities": [
    "swiftswim",
    "raindish",
    "h:owntempo"
  ],
  "baseStats": {
    "hp": 40,
    "attack": 30,
    "defence": 30,
    "special_attack": 40,
    "special_defence": 50,
    "speed": 30
  },
  "catchRate": 255,
  "maleRatio": 0.5,
  "shoulderMountable": false,
  "baseExperienceYield": 44,
  "experienceGroup": "medium_slow",
  "eggCycles": 15,
  "eggGroups": [
    "water_1",
    "grass"
  ],
  "behaviour": {
    "moving": {
      "walk": {
        "walkSpeed": 0.2
      },
      "swim": {
        "swimSpeed": 0.3,
        "canSwimInWater": true,
        "canBreatheUnderwater": true,
        "canWalkOnWater": true
      }
    },
    "resting": {
      "canSleep": true,
      "willSleepOnBed": false,
      "depth": "normal",
      "light": "0-4"
    }
  },
  "drops": {
    "amount": 3,
    "entries": [
      {
        "item": "minecraft:lily_pad",
        "quantityRange": "0-1"
      },
      {
        "item": "cobblemon:mental_herb",
        "percentage": 2.5
      },
      {
        "item": "cobblemon:kebia_berry",
        "percentage": 2.5
      }
    ]
  },
  "moves": [
    "1:astonish",
    "1:growl",
    "3:absorb",
    "6:watergun",
    "9:bubble",
    "9:mist",
    "12:megadrain",
    "12:naturalgift",
    "16:flail",
    "20:bubblebeam",
    "24:leechseed",
    "24:naturepower",
    "28:gigadrain",
    "33:raindance",
    "38:zenheadbutt",
    "43:energyball",
    "100:counter",
    "100:flail",
    "100:gigadrain",
    "100:leechseed",
    "100:razorleaf",
    "100:sweetscent",
    "100:synthesis",
    "100:teeterdance",
    "100:tickle",
    "100:watergun",
    "100:attract",
    "100:blizzard",
    "100:bodyslam",
    "100:bulletseed",
    "100:captivate",
    "100:chillingwater",
    "100:confide",
    "100:disarmingvoice",
    "100:doubleteam",
    "100:doubleedge",
    "100:echoedvoice",
    "100:endure",
    "100:energyball",
    "100:facade",
    "100:flash",
    "100:frustration",
    "100:gigadrain",
    "100:grassknot",
    "100:grassyglide",
    "100:grassyterrain",
    "100:hail",
    "100:hiddenpower",
    "100:icebeam",
    "100:icywind",
    "100:magicalleaf",
    "100:muddywater",
    "100:naturalgift",
    "100:naturepower",
    "100:protect",
    "100:raindance",
    "100:rest",
    "100:return",
    "100:round",
    "100:scald",
    "100:secretpower",
    "100:seedbomb",
    "100:sleeptalk",
    "100:snore",
    "100:solarbeam",
    "100:substitute",
    "100:sunnyday",
    "100:surf",
    "100:swagger",
    "100:swordsdance",
    "100:takedown",
    "100:terablast",
    "100:thief",
    "100:toxic",
    "100:trailblaze",
    "100:uproar",
    "100:waterpulse",
    "100:weatherball",
    "100:whirlpool",
    "100:zenheadbutt",
    "100:absorb",
    "100:astonish",
    "100:bodyslam",
    "100:doubleedge",
    "100:endure",
    "100:gigadrain",
    "100:grassyglide",
    "100:growl",
    "100:headbutt",
    "100:icywind",
    "100:leechseed",
    "100:mimic",
    "100:seedbomb",
    "100:sleeptalk",
    "100:snore",
    "100:substitute",
    "100:swagger",
    "100:swordsdance",
    "100:synthesis",
    "100:uproar",
    "100:waterpulse",
    "100:zenheadbutt"
  ],
  "labels": [
    "gen3"
  ],
  "pokedex": [
    "cobblemon.species.lotad.desc"
  ],
  "evolutions": [
    {
      "id": "lotad_lombre",
      "variant": "level_up",
      "result": "lombre",
      "consumeHeldItem": false,
      "learnableMoves": [],
      "requirements": [
        {
          "variant": "level",
          "minLevel": 14
        }
      ]
    }
  ],
  "baseScale": 0.9,
  "hitbox": {
    "width": 0.9,
    "height": 0.6,
    "fixed": false
  },
  "baseFriendship": 50,
  "evYield": {
    "hp": 0,
    "attack": 0,
    "defence": 0,
    "special_attack": 0,
    "special_defence": 1,
    "speed": 0
  },
  "height": 5,
  "weight": 26,
  "aspects": [],
  "cannotDynamax": false
}
