{
  "implemented": true,
  "name": "Lunatone",
  "nationalPokedexNumber": 337,
  "primaryType": "rock",
  "secondaryType": "psychic",
  "abilities": [
    "levitate"
  ],
  "baseStats": {
    "hp": 90,
    "attack": 55,
    "defence": 65,
    "special_attack": 95,
    "special_defence": 85,
    "speed": 70
  },
  "catchRate": 45,
  "maleRatio": -1,
  "shoulderMountable": false,
  "baseExperienceYield": 161,
  "experienceGroup": "fast",
  "eggCycles": 25,
  "eggGroups": [
    "mineral"
  ],
  "behaviour": {
    "moving": {
      "fly": {
        "canFly": true
      }
    }
  },
  "moves": [
    "1:confusion",
    "1:harden",
    "1:moonblast",
    "1:moonlight",
    "1:powergem",
    "1:rockthrow",
    "1:tackle",
    "5:hypnosis",
    "10:rockpolish",
    "13:psywave",
    "15:rockslide",
    "17:embargo",
    "20:psyshock",
    "25:cosmicpower",
    "30:psychic",
    "33:healblock",
    "35:stoneedge",
    "40:futuresight",
    "45:magicroom",
    "50:explosion",
    "100:acrobatics",
    "100:allyswitch",
    "100:batonpass",
    "100:blizzard",
    "100:bodyslam",
    "100:bulldoze",
    "100:calmmind",
    "100:chargebeam",
    "100:confide",
    "100:cosmicpower",
    "100:doubleteam",
    "100:dreameater",
    "100:earthpower",
    "100:earthquake",
    "100:embargo",
    "100:endure",
    "100:explosion",
    "100:facade",
    "100:flash",
    "100:frustration",
    "100:futuresight",
    "100:gigaimpact",
    "100:grassknot",
    "100:gyroball",
    "100:hail",
    "100:helpinghand",
    "100:hiddenpower",
    "100:hyperbeam",
    "100:icebeam",
    "100:icywind",
    "100:ironhead",
    "100:lightscreen",
    "100:magicroom",
    "100:nastyplot",
    "100:naturalgift",
    "100:powergem",
    "100:powerswap",
    "100:protect",
    "100:psychic",
    "100:psychicterrain",
    "100:psychup",
    "100:psyshock",
    "100:raindance",
    "100:recycle",
    "100:reflect",
    "100:rest",
    "100:return",
    "100:rockblast",
    "100:rockpolish",
    "100:rockslide",
    "100:rocktomb",
    "100:round",
    "100:safeguard",
    "100:sandstorm",
    "100:sandtomb",
    "100:secretpower",
    "100:selfdestruct",
    "100:shadowball",
    "100:skillswap",
    "100:sleeptalk",
    "100:smackdown",
    "100:snore",
    "100:stealthrock",
    "100:stompingtantrum",
    "100:stoneedge",
    "100:storedpower",
    "100:substitute",
    "100:swagger",
    "100:swift",
    "100:telekinesis",
    "100:toxic",
    "100:trickroom",
    "100:weatherball",
    "100:zenheadbutt",
    "100:allyswitch",
    "100:ancientpower",
    "100:batonpass",
    "100:bodyslam",
    "100:confusion",
    "100:cosmicpower",
    "100:defensecurl",
    "100:doubleedge",
    "100:dreameater",
    "100:earthpower",
    "100:endure",
    "100:explosion",
    "100:gravity",
    "100:harden",
    "100:helpinghand",
    "100:hiddenpower",
    "100:icywind",
    "100:ironhead",
    "100:laserfocus",
    "100:magiccoat",
    "100:magicroom",
    "100:meteorbeam",
    "100:mimic",
    "100:moonblast",
    "100:moonlight",
    "100:painsplit",
    "100:powergem",
    "100:psychic",
    "100:psychup",
    "100:raindance",
    "100:recycle",
    "100:rockslide",
    "100:rocktomb",
    "100:rollout",
    "100:selfdestruct",
    "100:signalbeam",
    "100:skillswap",
    "100:sleeptalk",
    "100:snore",
    "100:stealthrock",
    "100:stompingtantrum",
    "100:substitute",
    "100:swagger",
    "100:swift",
    "100:tackle",
    "100:telekinesis",
    "100:zenheadbutt"
  ],
  "labels": [
    "gen3"
  ],
  "pokedex": [
    "cobblemon.species.lunatone.desc"
  ],
  "evolutions": [],
  "baseScale": 0.8,
  "hitbox": {
    "width": 1.15,
    "height": 1.7,
    "fixed": false
  },
  "baseFriendship": 50,
  "evYield": {
    "hp": 0,
    "attack": 0,
    "defence": 0,
    "special_attack": 2,
    "special_defence": 0,
    "speed": 0
  },
  "height": 10,
  "weight": 1680,
  "aspects": [],
  "cannotDynamax": false,
  "drops": {
    "amount": 2,
    "entries": [
      {
        "item": "cobblemon:moon_stone",
        "percentage": 5.0
      },
      {
        "item": "cobblemon:colbur_berry",
        "percentage": 5.0
      }
    ]
  }
}
