{
  "name": "Meditite",
  "nationalPokedexNumber": 307,
  "primaryType": "fighting",
  "secondaryType": "psychic",
  "abilities": [
    "purepower",
    "h:telepathy"
  ],
  "baseStats": {
    "hp": 30,
    "attack": 40,
    "defence": 55,
    "special_attack": 40,
    "special_defence": 55,
    "speed": 60
  },
  "catchRate": 180,
  "maleRatio": 0.5,
  "shoulderMountable": false,
  "baseExperienceYield": 56,
  "experienceGroup": "medium_fast",
  "eggCycles": 20,
  "eggGroups": [
    "human_like"
  ],
  "moves": [
    "1:bide",
    "1:confusion",
    "1:workup",
    "4:meditate",
    "9:detect",
    "12:endure",
    "15:feint",
    "17:forcepalm",
    "20:hiddenpower",
    "20:psybeam",
    "20:swagger",
    "23:calmmind",
    "25:mindreader",
    "25:zenheadbutt",
    "28:highjumpkick",
    "31:psychup",
    "33:acupressure",
    "36:powertrick",
    "39:reversal",
    "41:recover",
    "44:counter",
    "100:batonpass",
    "100:bulletpunch",
    "100:drainpunch",
    "100:dynamicpunch",
    "100:fakeout",
    "100:firepunch",
    "100:foresight",
    "100:guardswap",
    "100:icepunch",
    "100:powerswap",
    "100:psychocut",
    "100:quickguard",
    "100:secretpower",
    "100:thunderpunch",
    "100:aerialace",
    "100:attract",
    "100:batonpass",
    "100:bodyslam",
    "100:brickbreak",
    "100:bulkup",
    "100:calmmind",
    "100:captivate",
    "100:closecombat",
    "100:confide",
    "100:doubleteam",
    "100:drainpunch",
    "100:dreameater",
    "100:endure",
    "100:expandingforce",
    "100:facade",
    "100:firepunch",
    "100:flash",
    "100:fling",
    "100:focusblast",
    "100:focuspunch",
    "100:frustration",
    "100:grassknot",
    "100:helpinghand",
    "100:hiddenpower",
    "100:icepunch",
    "100:imprison",
    "100:lightscreen",
    "100:lowkick",
    "100:lowsweep",
    "100:metronome",
    "100:naturalgift",
    "100:nightshade",
    "100:painsplit",
    "100:poisonjab",
    "100:poweruppunch",
    "100:protect",
    "100:psybeam",
    "100:psychic",
    "100:psychicterrain",
    "100:psychup",
    "100:psyshock",
    "100:raindance",
    "100:recycle",
    "100:reflect",
    "100:rest",
    "100:retaliate",
    "100:return",
    "100:reversal",
    "100:rockslide",
    "100:rocksmash",
    "100:rocktomb",
    "100:round",
    "100:secretpower",
    "100:shadowball",
    "100:skillswap",
    "100:sleeptalk",
    "100:storedpower",
    "100:strength",
    "100:substitute",
    "100:sunnyday",
    "100:swagger",
    "100:swift",
    "100:takedown",
    "100:taunt",
    "100:telekinesis",
    "100:terablast",
    "100:thief",
    "100:thunderpunch",
    "100:toxic",
    "100:trailblaze",
    "100:trick",
    "100:trickroom",
    "100:upperhand",
    "100:workup",
    "100:zenheadbutt",
    "100:bide",
    "100:bodyslam",
    "100:confusion",
    "100:counter",
    "100:detect",
    "100:doubleedge",
    "100:drainpunch",
    "100:dreameater",
    "100:dynamicpunch",
    "100:endure",
    "100:firepunch",
    "100:focuspunch",
    "100:gravity",
    "100:headbutt",
    "100:helpinghand",
    "100:icepunch",
    "100:lowkick",
    "100:magiccoat",
    "100:meditate",
    "100:megakick",
    "100:megapunch",
    "100:metronome",
    "100:mimic",
    "100:mudslap",
    "100:painsplit",
    "100:psychup",
    "100:recycle",
    "100:roleplay",
    "100:seismictoss",
    "100:shadowball",
    "100:signalbeam",
    "100:sleeptalk",
    "100:snore",
    "100:substitute",
    "100:swagger",
    "100:swift",
    "100:telekinesis",
    "100:thunderpunch",
    "100:trick",
    "100:vacuumwave",
    "100:zenheadbutt"
  ],
  "labels": [
    "gen3"
  ],
  "pokedex": [
    "cobblemon.species.meditite.desc"
  ],
  "evolutions": [
    {
      "id": "meditite_medicham",
      "variant": "level_up",
      "result": "medicham",
      "consumeHeldItem": false,
      "learnableMoves": [],
      "requirements": [
        {
          "variant": "level",
          "minLevel": 37
        }
      ]
    }
  ],
  "baseScale": 1,
  "hitbox": {
    "width": 1,
    "height": 1,
    "fixed": false
  },
  "baseFriendship": 70,
  "evYield": {
    "hp": 0,
    "attack": 0,
    "defence": 0,
    "special_attack": 0,
    "special_defence": 0,
    "speed": 1
  },
  "height": 6,
  "weight": 112,
  "aspects": [],
  "cannotDynamax": false,
  "drops": {
    "amount": 3,
    "entries": [
      {
        "item": "cobblemon:wise_glasses",
        "percentage": 2.5
      },
      {
        "item": "cobblemon:black_belt",
        "percentage": 2.5
      },
      {
        "item": "cobblemon:nanab_berry",
        "percentage": 2.5
      }
    ]
  }
}
