{
  "name": "Medicham",
  "nationalPokedexNumber": 308,
  "primaryType": "fighting",
  "secondaryType": "psychic",
  "abilities": [
    "purepower",
    "h:telepathy"
  ],
  "baseStats": {
    "hp": 60,
    "attack": 60,
    "defence": 75,
    "special_attack": 60,
    "special_defence": 75,
    "speed": 80
  },
  "catchRate": 90,
  "maleRatio": 0.5,
  "shoulderMountable": false,
  "forms": [
    {
      "name": "Mega",
      "primaryType": "fighting",
      "secondaryType": "psychic",
      "abilities": [
        "purepower"
      ],
      "baseStats": {
        "hp": 60,
        "attack": 100,
        "defence": 85,
        "special_attack": 80,
        "special_defence": 85,
        "speed": 100
      },
      "catchRate": 90,
      "maleRatio": 0.5,
      "baseExperienceYield": 144,
      "baseFriendship": 70,
      "evYield": {
        "hp": 0,
        "attack": 0,
        "defence": 0,
        "special_attack": 0,
        "special_defence": 0,
        "speed": 2
      },
      "experienceGroup": "medium_fast",
      "eggCycles": 20,
      "eggGroups": [
        "human_like"
      ],
      "labels": [
        "gen6",
        "mega"
      ],
      "aspects": [
        "mega"
      ],
      "height": 13,
      "weight": 315,
      "cannotDynamax": false,
      "battleOnly": true
    }
  ],
  "baseExperienceYield": 144,
  "experienceGroup": "medium_fast",
  "eggCycles": 20,
  "eggGroups": [
    "human_like"
  ],
  "moves": [
    "1:bide",
    "1:confusion",
    "1:detect",
    "1:firepunch",
    "1:icepunch",
    "1:meditate",
    "1:thunderpunch",
    "1:workup",
    "12:endure",
    "15:feint",
    "17:forcepalm",
    "20:hiddenpower",
    "20:psybeam",
    "20:swagger",
    "23:calmmind",
    "25:mindreader",
    "25:zenheadbutt",
    "28:highjumpkick",
    "31:psychup",
    "33:acupressure",
    "36:powertrick",
    "42:reversal",
    "47:recover",
    "53:axekick",
    "53:counter",
    "100:aerialace",
    "100:attract",
    "100:aurasphere",
    "100:batonpass",
    "100:bodyslam",
    "100:brickbreak",
    "100:bulkup",
    "100:calmmind",
    "100:captivate",
    "100:closecombat",
    "100:confide",
    "100:doubleteam",
    "100:drainpunch",
    "100:dreameater",
    "100:endure",
    "100:energyball",
    "100:expandingforce",
    "100:facade",
    "100:firepunch",
    "100:flash",
    "100:fling",
    "100:focusblast",
    "100:focuspunch",
    "100:frustration",
    "100:gigaimpact",
    "100:grassknot",
    "100:gravity",
    "100:helpinghand",
    "100:hiddenpower",
    "100:hyperbeam",
    "100:icepunch",
    "100:imprison",
    "100:lightscreen",
    "100:lowkick",
    "100:lowsweep",
    "100:metronome",
    "100:naturalgift",
    "100:nightshade",
    "100:painsplit",
    "100:poisonjab",
    "100:poweruppunch",
    "100:protect",
    "100:psybeam",
    "100:psychic",
    "100:psychicterrain",
    "100:psychup",
    "100:psyshock",
    "100:raindance",
    "100:recycle",
    "100:reflect",
    "100:rest",
    "100:retaliate",
    "100:return",
    "100:reversal",
    "100:rockslide",
    "100:rocksmash",
    "100:rocktomb",
    "100:round",
    "100:secretpower",
    "100:shadowball",
    "100:skillswap",
    "100:sleeptalk",
    "100:storedpower",
    "100:strength",
    "100:substitute",
    "100:sunnyday",
    "100:swagger",
    "100:swift",
    "100:takedown",
    "100:taunt",
    "100:telekinesis",
    "100:terablast",
    "100:thief",
    "100:thunderpunch",
    "100:toxic",
    "100:trailblaze",
    "100:trick",
    "100:trickroom",
    "100:upperhand",
    "100:vacuumwave",
    "100:workup",
    "100:zenheadbutt",
    "100:bodyslam",
    "100:counter",
    "100:doubleedge",
    "100:drainpunch",
    "100:dreameater",
    "100:dynamicpunch",
    "100:endure",
    "100:firepunch",
    "100:focuspunch",
    "100:gravity",
    "100:headbutt",
    "100:helpinghand",
    "100:icepunch",
    "100:laserfocus",
    "100:lowkick",
    "100:magiccoat",
    "100:megakick",
    "100:megapunch",
    "100:metronome",
    "100:mimic",
    "100:mudslap",
    "100:painsplit",
    "100:psychup",
    "100:recycle",
    "100:rockslide",
    "100:roleplay",
    "100:seismictoss",
    "100:signalbeam",
    "100:sleeptalk",
    "100:snore",
    "100:substitute",
    "100:swagger",
    "100:swift",
    "100:telekinesis",
    "100:thunderpunch",
    "100:trick",
    "100:vacuumwave",
    "100:zenheadbutt"
  ],
  "labels": [
    "gen3"
  ],
  "pokedex": [
    "cobblemon.species.medicham.desc"
  ],
  "preEvolution": "meditite",
  "evolutions": [],
  "baseScale": 1,
  "hitbox": {
    "width": 1,
    "height": 1,
    "fixed": false
  },
  "baseFriendship": 70,
  "evYield": {
    "hp": 0,
    "attack": 0,
    "defence": 0,
    "special_attack": 0,
    "special_defence": 0,
    "speed": 2
  },
  "height": 13,
  "weight": 315,
  "aspects": [],
  "cannotDynamax": false,
  "drops": {
    "amount": 3,
    "entries": [
      {
        "item": "cobblemon:wise_glasses",
        "percentage": 5.0
      },
      {
        "item": "cobblemon:black_belt",
        "percentage": 5.0
      },
      {
        "item": "cobblemon:nanab_berry",
        "percentage": 5.0
      }
    ]
  }
}
