{
  "implemented": true,
  "name": "Metang",
  "nationalPokedexNumber": 375,
  "primaryType": "steel",
  "secondaryType": "psychic",
  "abilities": [
    "clearbody",
    "h:lightmetal"
  ],
  "drops": {
    "amount": 3,
    "entries": [
      {
        "item": "minecraft:ender_pearl",
        "quantityRange": "0-2"
      },
      {
        "item": "cobblemon:metal_coat",
        "percentage": 5.0
      }
    ]
  },
  "baseStats": {
    "hp": 60,
    "attack": 75,
    "defence": 100,
    "special_attack": 55,
    "special_defence": 80,
    "speed": 50
  },
  "catchRate": 3,
  "maleRatio": -1,
  "shoulderMountable": false,
  "baseExperienceYield": 147,
  "experienceGroup": "slow",
  "eggCycles": 40,
  "eggGroups": [
    "mineral"
  ],
  "behaviour": {
    "moving": {
      "fly": {
        "canFly": true
      }
    },
    "resting": {
      "canSleep": true,
      "willSleepOnBed": false,
      "depth": "normal",
      "light": "0-4"
    }
  },
  "moves": [
    "1:bulletpunch",
    "1:confusion",
    "1:honeclaws",
    "1:metalclaw",
    "1:tackle",
    "6:zenheadbutt",
    "12:magnetrise",
    "18:flashcannon",
    "23:pursuit",
    "26:takedown",
    "29:miracleeye",
    "34:psychic",
    "42:scaryface",
    "50:meteormash",
    "58:irondefense",
    "66:agility",
    "74:hyperbeam",
    "100:aerialace",
    "100:agility",
    "100:allyswitch",
    "100:bodyslam",
    "100:brickbreak",
    "100:bulldoze",
    "100:confide",
    "100:cosmicpower",
    "100:cut",
    "100:doubleedge",
    "100:doubleteam",
    "100:earthquake",
    "100:endure",
    "100:expandingforce",
    "100:explosion",
    "100:facade",
    "100:flash",
    "100:flashcannon",
    "100:focuspunch",
    "100:frustration",
    "100:futuresight",
    "100:gigaimpact",
    "100:grassknot",
    "100:gravity",
    "100:gyroball",
    "100:hardpress",
    "100:heavyslam",
    "100:hiddenpower",
    "100:honeclaws",
    "100:hyperbeam",
    "100:icepunch",
    "100:icywind",
    "100:irondefense",
    "100:ironhead",
    "100:lightscreen",
    "100:metalclaw",
    "100:meteorbeam",
    "100:naturalgift",
    "100:poweruppunch",
    "100:protect",
    "100:psychic",
    "100:psychicnoise",
    "100:psychocut",
    "100:psychup",
    "100:psyshock",
    "100:raindance",
    "100:reflect",
    "100:rest",
    "100:return",
    "100:rockpolish",
    "100:rockslide",
    "100:rocksmash",
    "100:rocktomb",
    "100:round",
    "100:sandstorm",
    "100:scaryface",
    "100:secretpower",
    "100:selfdestruct",
    "100:shadowball",
    "100:sleeptalk",
    "100:sludgebomb",
    "100:snore",
    "100:stealthrock",
    "100:steelbeam",
    "100:strength",
    "100:substitute",
    "100:sunnyday",
    "100:swagger",
    "100:swift",
    "100:takedown",
    "100:telekinesis",
    "100:terablast",
    "100:thunderpunch",
    "100:toxic",
    "100:trailblaze",
    "100:trick",
    "100:zenheadbutt",
    "100:allyswitch",
    "100:bodyslam",
    "100:confusion",
    "100:defensecurl",
    "100:doubleedge",
    "100:dynamicpunch",
    "100:endure",
    "100:expandingforce",
    "100:explosion",
    "100:furycutter",
    "100:gravity",
    "100:headbutt",
    "100:icepunch",
    "100:icywind",
    "100:irondefense",
    "100:ironhead",
    "100:magnetrise",
    "100:metalclaw",
    "100:meteorbeam",
    "100:mimic",
    "100:mudslap",
    "100:psychup",
    "100:refresh",
    "100:rockslide",
    "100:rollout",
    "100:selfdestruct",
    "100:signalbeam",
    "100:sleeptalk",
    "100:snore",
    "100:stealthrock",
    "100:steelbeam",
    "100:steelroller",
    "100:substitute",
    "100:swagger",
    "100:swift",
    "100:takedown",
    "100:telekinesis",
    "100:thunderpunch",
    "100:trick",
    "100:zenheadbutt"
  ],
  "labels": [
    "gen3"
  ],
  "pokedex": [
    "cobblemon.species.metang.desc"
  ],
  "preEvolution": "beldum",
  "evolutions": [
    {
      "id": "metang_metagross",
      "variant": "level_up",
      "result": "metagross",
      "consumeHeldItem": false,
      "learnableMoves": [
        "hammerarm"
      ],
      "requirements": [
        {
          "variant": "level",
          "minLevel": 45
        }
      ]
    }
  ],
  "baseScale": 1,
  "hitbox": {
    "width": 1,
    "height": 1.2,
    "fixed": false
  },
  "baseFriendship": 35,
  "evYield": {
    "hp": 0,
    "attack": 0,
    "defence": 2,
    "special_attack": 0,
    "special_defence": 0,
    "speed": 0
  },
  "height": 12,
  "weight": 2025,
  "aspects": [],
  "cannotDynamax": false
}
