{
  "implemented": true,
  "name": "Mightyena",
  "nationalPokedexNumber": 262,
  "primaryType": "dark",
  "abilities": [
    "intimidate",
    "quickfeet",
    "h:moxie"
  ],
  "drops": {
    "amount": 5,
    "entries": [
      {
        "item": "minecraft:bone",
        "quantityRange": "0-2"
      },
      {
        "item": "minecraft:rotten_flesh",
        "quantityRange": "0-2"
      },
      {
        "item": "cobblemon:pecha_berry",
        "percentage": 5.0
      }
    ]
  },
  "baseStats": {
    "hp": 70,
    "attack": 90,
    "defence": 70,
    "special_attack": 60,
    "special_defence": 60,
    "speed": 70
  },
  "catchRate": 127,
  "maleRatio": 0.5,
  "shoulderMountable": false,
  "baseExperienceYield": 147,
  "experienceGroup": "medium_fast",
  "eggCycles": 15,
  "eggGroups": [
    "field"
  ],
  "behaviour": {
    "resting": {
      "canSleep": true,
      "depth": "normal",
      "light": "0-4"
    },
    "moving": {
      "walk": {
        "walkSpeed": 0.25
      }
    }
  },
  "moves": [
    "1:bite",
    "1:crunch",
    "1:firefang",
    "1:howl",
    "1:icefang",
    "1:sandattack",
    "1:snarl",
    "1:tackle",
    "1:thief",
    "1:thunderfang",
    "13:howl",
    "13:leer",
    "13:odorsleuth",
    "16:roar",
    "20:swagger",
    "24:assurance",
    "28:scaryface",
    "32:embargo",
    "36:taunt",
    "44:yawn",
    "48:takedown",
    "52:suckerpunch",
    "56:playrough",
    "100:attract",
    "100:bodyslam",
    "100:captivate",
    "100:charm",
    "100:confide",
    "100:crunch",
    "100:darkpulse",
    "100:dig",
    "100:doubleedge",
    "100:doubleteam",
    "100:embargo",
    "100:endeavor",
    "100:endure",
    "100:facade",
    "100:firefang",
    "100:foulplay",
    "100:frustration",
    "100:gigaimpact",
    "100:helpinghand",
    "100:hiddenpower",
    "100:hyperbeam",
    "100:hypervoice",
    "100:icefang",
    "100:incinerate",
    "100:irontail",
    "100:lashout",
    "100:mudslap",
    "100:nastyplot",
    "100:naturalgift",
    "100:payback",
    "100:playrough",
    "100:protect",
    "100:psychicfangs",
    "100:raindance",
    "100:rest",
    "100:retaliate",
    "100:return",
    "100:roar",
    "100:rocksmash",
    "100:round",
    "100:scaryface",
    "100:secretpower",
    "100:shadowball",
    "100:sleeptalk",
    "100:snarl",
    "100:snatch",
    "100:spite",
    "100:strength",
    "100:substitute",
    "100:sunnyday",
    "100:superfang",
    "100:swagger",
    "100:takedown",
    "100:taunt",
    "100:terablast",
    "100:thief",
    "100:throatchop",
    "100:thunderfang",
    "100:torment",
    "100:toxic",
    "100:trailblaze",
    "100:uproar",
    "100:bodyslam",
    "100:counter",
    "100:covet",
    "100:crunch",
    "100:darkpulse",
    "100:doubleedge",
    "100:endure",
    "100:firefang",
    "100:foulplay",
    "100:headbutt",
    "100:hypervoice",
    "100:icefang",
    "100:irontail",
    "100:laserfocus",
    "100:mimic",
    "100:mudslap",
    "100:psychup",
    "100:sleeptalk",
    "100:snatch",
    "100:snore",
    "100:spite",
    "100:substitute",
    "100:suckerpunch",
    "100:superfang",
    "100:swagger",
    "100:throatchop",
    "100:thunderfang",
    "100:uproar"
  ],
  "labels": [
    "gen3"
  ],
  "pokedex": [
    "cobblemon.species.mightyena.desc"
  ],
  "preEvolution": "poochyena",
  "evolutions": [],
  "baseScale": 0.7,
  "hitbox": {
    "width": 1,
    "height": 1,
    "fixed": false
  },
  "baseFriendship": 70,
  "evYield": {
    "hp": 0,
    "attack": 2,
    "defence": 0,
    "special_attack": 0,
    "special_defence": 0,
    "speed": 0
  },
  "height": 10,
  "weight": 370,
  "aspects": [],
  "cannotDynamax": false
}
