{
  "implemented": true,
  "name": "Nincada",
  "nationalPokedexNumber": 290,
  "primaryType": "bug",
  "secondaryType": "ground",
  "abilities": [
    "compoundeyes",
    "h:runaway"
  ],
  "drops": {
    "amount": 1,
    "entries": [
      {
        "item": "cobblemon:soft_sand",
        "percentage": 2.5
      }
    ]
  },
  "baseStats": {
    "hp": 31,
    "attack": 45,
    "defence": 90,
    "special_attack": 30,
    "special_defence": 30,
    "speed": 40
  },
  "catchRate": 255,
  "maleRatio": 0.5,
  "shoulderMountable": false,
  "baseExperienceYield": 53,
  "experienceGroup": "erratic",
  "eggCycles": 15,
  "eggGroups": [
    "bug"
  ],
  "behaviour": {
    "resting": {
      "canSleep": true,
      "willSleepOnBed": true,
      "depth": "normal",
      "light": "0-4"
    },
    "moving": {
      "walk": {
        "walkSpeed": 0.2
      }
    }
  },
  "moves": [
    "1:sandattack",
    "1:scratch",
    "5:harden",
    "5:leechlife",
    "10:falseswipe",
    "15:mudslap",
    "21:absorb",
    "25:metalclaw",
    "29:bide",
    "30:furyswipes",
    "35:mindreader",
    "40:dig",
    "100:bugbite",
    "100:bugbuzz",
    "100:endure",
    "100:feintattack",
    "100:finalgambit",
    "100:flail",
    "100:gust",
    "100:nightslash",
    "100:silverwind",
    "100:aerialace",
    "100:bugbuzz",
    "100:confide",
    "100:cut",
    "100:dig",
    "100:doubleteam",
    "100:endure",
    "100:facade",
    "100:falseswipe",
    "100:flash",
    "100:frustration",
    "100:gigadrain",
    "100:hiddenpower",
    "100:honeclaws",
    "100:leechlife",
    "100:naturalgift",
    "100:protect",
    "100:rest",
    "100:return",
    "100:round",
    "100:sandstorm",
    "100:secretpower",
    "100:shadowball",
    "100:sleeptalk",
    "100:snore",
    "100:solarbeam",
    "100:strugglebug",
    "100:substitute",
    "100:sunnyday",
    "100:swagger",
    "100:toxic",
    "100:xscissor",
    "100:bugbite",
    "100:doubleedge",
    "100:endure",
    "100:furycutter",
    "100:gigadrain",
    "100:leechlife",
    "100:mimic",
    "100:mudslap",
    "100:nightslash",
    "100:skittersmack",
    "100:sleeptalk",
    "100:snore",
    "100:spite",
    "100:stringshot",
    "100:substitute",
    "100:swagger"
  ],
  "labels": [
    "gen3"
  ],
  "pokedex": [
    "cobblemon.species.nincada.desc"
  ],
  "evolutions": [
    {
      "id": "nincada_ninjask",
      "variant": "level_up",
      "result": "ninjask",
      "consumeHeldItem": false,
      "learnableMoves": [
        "doubleteam",
        "furycutter",
        "screech"
      ],
      "requirements": [
        {
          "variant": "level",
          "minLevel": 20
        }
      ]
    }
  ],
  "baseScale": 0.45,
  "hitbox": {
    "width": 0.9,
    "height": 0.7,
    "fixed": false
  },
  "baseFriendship": 50,
  "evYield": {
    "hp": 0,
    "attack": 0,
    "defence": 1,
    "special_attack": 0,
    "special_defence": 0,
    "speed": 0
  },
  "height": 5,
  "weight": 55,
  "aspects": [],
  "cannotDynamax": false
}
