{
  "implemented": true,
  "name": "Ninjask",
  "nationalPokedexNumber": 291,
  "primaryType": "bug",
  "secondaryType": "flying",
  "abilities": [
    "speedboost",
    "h:infiltrator"
  ],
  "baseStats": {
    "hp": 61,
    "attack": 90,
    "defence": 45,
    "special_attack": 50,
    "special_defence": 50,
    "speed": 160
  },
  "catchRate": 120,
  "maleRatio": 0.5,
  "shoulderMountable": false,
  "baseExperienceYield": 160,
  "experienceGroup": "erratic",
  "eggCycles": 15,
  "eggGroups": [
    "bug"
  ],
  "behaviour": {
    "moving": {
      "fly": {
        "canFly": true
      }
    },
    "resting": {
      "canSleep": true,
      "willSleepOnBed": false,
      "depth": "normal",
      "light": "0-4"
    }
  },
  "moves": [
    "1:aerialace",
    "1:batonpass",
    "1:dig",
    "1:doubleteam",
    "1:falseswipe",
    "1:furycutter",
    "1:harden",
    "1:leechlife",
    "1:metalclaw",
    "1:mudslap",
    "1:sandattack",
    "1:scratch",
    "1:screech",
    "15:agility",
    "23:absorb",
    "29:bugbite",
    "36:furyswipes",
    "43:mindreader",
    "50:slash",
    "57:swordsdance",
    "64:xscissor",
    "100:acrobatics",
    "100:aerialace",
    "100:agility",
    "100:airslash",
    "100:attract",
    "100:batonpass",
    "100:bugbuzz",
    "100:captivate",
    "100:confide",
    "100:cut",
    "100:defog",
    "100:dig",
    "100:doubleteam",
    "100:endure",
    "100:facade",
    "100:falseswipe",
    "100:flash",
    "100:frustration",
    "100:gigadrain",
    "100:gigaimpact",
    "100:hiddenpower",
    "100:honeclaws",
    "100:hyperbeam",
    "100:leechlife",
    "100:naturalgift",
    "100:protect",
    "100:rest",
    "100:return",
    "100:roost",
    "100:round",
    "100:sandstorm",
    "100:screech",
    "100:secretpower",
    "100:shadowball",
    "100:silverwind",
    "100:sleeptalk",
    "100:snore",
    "100:solarbeam",
    "100:strugglebug",
    "100:substitute",
    "100:sunnyday",
    "100:swagger",
    "100:swift",
    "100:swordsdance",
    "100:thief",
    "100:toxic",
    "100:uproar",
    "100:uturn",
    "100:xscissor",
    "100:aircutter",
    "100:bugbite",
    "100:defog",
    "100:doubleedge",
    "100:dualwingbeat",
    "100:endure",
    "100:furycutter",
    "100:gigadrain",
    "100:laserfocus",
    "100:mimic",
    "100:mudslap",
    "100:ominouswind",
    "100:roost",
    "100:skittersmack",
    "100:sleeptalk",
    "100:snore",
    "100:spite",
    "100:stringshot",
    "100:substitute",
    "100:swagger",
    "100:swift",
    "100:swordsdance",
    "100:uproar"
  ],
  "labels": [
    "gen3"
  ],
  "pokedex": [
    "cobblemon.species.ninjask.desc"
  ],
  "preEvolution": "nincada",
  "evolutions": [],
  "baseScale": 0.7,
  "hitbox": {
    "width": 0.7,
    "height": 0.9,
    "fixed": false
  },
  "baseFriendship": 50,
  "evYield": {
    "hp": 0,
    "attack": 0,
    "defence": 0,
    "special_attack": 0,
    "special_defence": 0,
    "speed": 2
  },
  "height": 8,
  "weight": 120,
  "aspects": [],
  "cannotDynamax": false
}
