{
  "implemented": true,
  "name": "Nosepass",
  "nationalPokedexNumber": 299,
  "primaryType": "rock",
  "abilities": [
    "sturdy",
    "magnetpull",
    "h:sandforce"
  ],
  "drops": {
    "amount": 4,
    "entries": [
      {
        "item": "minecraft:flint",
        "quantityRange": "0-1"
      },
      {
        "item": "cobblemon:hard_stone",
        "percentage": 2.5
      },
      {
        "item": "cobblemon:magnet",
        "percentage": 2.5
      },
      {
        "item": "cobblemon:chople_berry",
        "percentage": 2.5
      }
    ]
  },
  "baseStats": {
    "hp": 30,
    "attack": 45,
    "defence": 135,
    "special_attack": 45,
    "special_defence": 90,
    "speed": 30
  },
  "behaviour": {
    "resting": {
      "canSleep": true,
      "willSleepOnBed": false,
      "depth": "normal",
      "light": "0-4"
    },
    "idle": {
      "pointsAtSpawn": true
    }
  },
  "catchRate": 255,
  "maleRatio": 0.5,
  "shoulderMountable": false,
  "baseExperienceYield": 75,
  "experienceGroup": "medium_fast",
  "eggCycles": 20,
  "eggGroups": [
    "mineral"
  ],
  "moves": [
    "1:tackle",
    "4:harden",
    "7:block",
    "10:rockthrow",
    "13:thunderwave",
    "16:rest",
    "19:spark",
    "22:rockslide",
    "25:powergem",
    "28:rockblast",
    "31:discharge",
    "34:sandstorm",
    "37:earthpower",
    "40:stoneedge",
    "43:lockon",
    "43:zapcannon",
    "100:block",
    "100:doubleedge",
    "100:endure",
    "100:explosion",
    "100:headsmash",
    "100:magnitude",
    "100:rollout",
    "100:stealthrock",
    "100:wideguard",
    "100:attract",
    "100:bodypress",
    "100:bodyslam",
    "100:bulldoze",
    "100:captivate",
    "100:confide",
    "100:curse",
    "100:dazzlinggleam",
    "100:doubleedge",
    "100:doubleteam",
    "100:earthpower",
    "100:earthquake",
    "100:endure",
    "100:explosion",
    "100:facade",
    "100:firepunch",
    "100:flashcannon",
    "100:frustration",
    "100:gravity",
    "100:heavyslam",
    "100:helpinghand",
    "100:hiddenpower",
    "100:highhorsepower",
    "100:icepunch",
    "100:irondefense",
    "100:meteorbeam",
    "100:naturalgift",
    "100:painsplit",
    "100:powergem",
    "100:protect",
    "100:rest",
    "100:return",
    "100:rockblast",
    "100:rockpolish",
    "100:rockslide",
    "100:rocksmash",
    "100:rocktomb",
    "100:round",
    "100:sandstorm",
    "100:sandtomb",
    "100:secretpower",
    "100:shockwave",
    "100:sleeptalk",
    "100:smackdown",
    "100:stealthrock",
    "100:steelbeam",
    "100:stompingtantrum",
    "100:stoneedge",
    "100:strength",
    "100:substitute",
    "100:sunnyday",
    "100:swagger",
    "100:takedown",
    "100:taunt",
    "100:terablast",
    "100:thunder",
    "100:thunderbolt",
    "100:thunderpunch",
    "100:thunderwave",
    "100:torment",
    "100:toxic",
    "100:voltswitch",
    "100:ancientpower",
    "100:block",
    "100:bodyslam",
    "100:defensecurl",
    "100:doubleedge",
    "100:dynamicpunch",
    "100:earthpower",
    "100:endure",
    "100:explosion",
    "100:firepunch",
    "100:gravity",
    "100:headbutt",
    "100:helpinghand",
    "100:icepunch",
    "100:irondefense",
    "100:magiccoat",
    "100:magnetrise",
    "100:mimic",
    "100:mudslap",
    "100:painsplit",
    "100:rockslide",
    "100:rollout",
    "100:selfdestruct",
    "100:shockwave",
    "100:sleeptalk",
    "100:snore",
    "100:stealthrock",
    "100:stompingtantrum",
    "100:substitute",
    "100:swagger",
    "100:tackle",
    "100:thunderbolt",
    "100:thunderpunch",
    "100:thunderwave"
  ],
  "labels": [
    "gen3"
  ],
  "pokedex": [
    "cobblemon.species.nosepass.desc"
  ],
  "evolutions": [
    {
      "id": "nosepass_probopass",
      "variant": "item_interact",
      "result": "probopass",
      "consumeHeldItem": false,
      "learnableMoves": [],
      "requirements": [],
      "requiredContext": "cobblemon:thunder_stone"
    }
  ],
  "baseScale": 0.8,
  "hitbox": {
    "width": 0.9,
    "height": 1.35,
    "fixed": false
  },
  "baseFriendship": 70,
  "evYield": {
    "hp": 0,
    "attack": 0,
    "defence": 1,
    "special_attack": 0,
    "special_defence": 0,
    "speed": 0
  },
  "height": 10,
  "weight": 970,
  "aspects": [],
  "cannotDynamax": false
}
