{
  "implemented": true,
  "name": "Pelipper",
  "nationalPokedexNumber": 279,
  "primaryType": "water",
  "secondaryType": "flying",
  "abilities": [
    "keeneye",
    "drizzle",
    "h:raindish"
  ],
  "drops": {
    "amount": 4,
    "entries": [
      {
        "item": "minecraft:feather",
        "quantityRange": "0-2"
      },
      {
        "item": "minecraft:chicken"
      },
      {
        "item": "cobblemon:wacan_berry",
        "percentage": 5.0
      }
    ]
  },
  "baseStats": {
    "hp": 60,
    "attack": 50,
    "defence": 100,
    "special_attack": 95,
    "special_defence": 70,
    "speed": 65
  },
  "catchRate": 45,
  "maleRatio": 0.5,
  "shoulderMountable": false,
  "baseExperienceYield": 154,
  "experienceGroup": "medium_fast",
  "eggCycles": 20,
  "eggGroups": [
    "water_1",
    "flying"
  ],
  "behaviour": {
    "moving": {
      "fly": {
        "canFly": true
      },
      "swim": {
        "canSwimInWater": true,
        "canBreatheUnderwater": true,
        "canWalkOnWater": true
      }
    },
    "resting": {
      "canSleep": true,
      "willSleepOnBed": false,
      "depth": "normal",
      "light": "0-4"
    }
  },
  "moves": [
    "1:agility",
    "1:airslash",
    "1:growl",
    "1:protect",
    "1:quickattack",
    "1:soak",
    "1:supersonic",
    "1:tailwind",
    "1:watergun",
    "1:watersport",
    "15:wingattack",
    "19:payback",
    "20:waterpulse",
    "22:brine",
    "28:spitup",
    "28:stockpile",
    "28:swallow",
    "34:fling",
    "41:mist",
    "48:roost",
    "55:hurricane",
    "62:hydropump",
    "100:acrobatics",
    "100:aerialace",
    "100:agility",
    "100:aircutter",
    "100:airslash",
    "100:attract",
    "100:blizzard",
    "100:bodyslam",
    "100:bravebird",
    "100:brine",
    "100:captivate",
    "100:chillingwater",
    "100:confide",
    "100:defog",
    "100:doubleteam",
    "100:dualwingbeat",
    "100:echoedvoice",
    "100:endure",
    "100:facade",
    "100:featherdance",
    "100:fling",
    "100:fly",
    "100:frustration",
    "100:gigaimpact",
    "100:gunkshot",
    "100:hail",
    "100:helpinghand",
    "100:hiddenpower",
    "100:hurricane",
    "100:hydropump",
    "100:hyperbeam",
    "100:icebeam",
    "100:icywind",
    "100:knockoff",
    "100:liquidation",
    "100:muddywater",
    "100:naturalgift",
    "100:payback",
    "100:pluck",
    "100:protect",
    "100:raindance",
    "100:rest",
    "100:return",
    "100:roost",
    "100:round",
    "100:scald",
    "100:secretpower",
    "100:seedbomb",
    "100:shockwave",
    "100:skydrop",
    "100:sleeptalk",
    "100:snore",
    "100:snowscape",
    "100:steelwing",
    "100:substitute",
    "100:surf",
    "100:swagger",
    "100:swift",
    "100:tailwind",
    "100:takedown",
    "100:terablast",
    "100:thief",
    "100:toxic",
    "100:uproar",
    "100:uturn",
    "100:waterfall",
    "100:waterpulse",
    "100:weatherball",
    "100:whirlpool",
    "100:aircutter",
    "100:defog",
    "100:doubleedge",
    "100:dualwingbeat",
    "100:endure",
    "100:gunkshot",
    "100:icywind",
    "100:knockoff",
    "100:liquidation",
    "100:mimic",
    "100:mudslap",
    "100:ominouswind",
    "100:roost",
    "100:seedbomb",
    "100:shockwave",
    "100:skyattack",
    "100:sleeptalk",
    "100:snore",
    "100:substitute",
    "100:swagger",
    "100:swift",
    "100:tailwind",
    "100:twister",
    "100:uproar",
    "100:waterpulse"
  ],
  "labels": [
    "gen3"
  ],
  "pokedex": [
    "cobblemon.species.pelipper.desc"
  ],
  "preEvolution": "wingull",
  "evolutions": [],
  "baseScale": 1.2,
  "hitbox": {
    "width": 0.8,
    "height": 1.2,
    "fixed": false
  },
  "baseFriendship": 50,
  "evYield": {
    "hp": 0,
    "attack": 0,
    "defence": 2,
    "special_attack": 0,
    "special_defence": 0,
    "speed": 0
  },
  "height": 12,
  "weight": 280,
  "aspects": [],
  "cannotDynamax": false
}
