{
  "implemented": true,
  "name": "Ralts",
  "nationalPokedexNumber": 280,
  "primaryType": "psychic",
  "secondaryType": "fairy",
  "abilities": [
    "synchronize",
    "trace",
    "h:telepathy"
  ],
  "drops": {
    "amount": 4,
    "entries": [
      {
        "item": "minecraft:ender_pearl",
        "quantityRange": "0-1"
      },
      {
        "item": "cobblemon:dawn_stone",
        "percentage": 2.5
      },
      {
        "item": "cobblemon:twisted_spoon",
        "percentage": 2.5
      },
      {
        "item": "cobblemon:kasib_berry",
        "percentage": 2.5
      }
    ]
  },
  "baseStats": {
    "hp": 28,
    "attack": 25,
    "defence": 25,
    "special_attack": 45,
    "special_defence": 35,
    "speed": 40
  },
  "catchRate": 235,
  "maleRatio": 0.5,
  "shoulderMountable": true,
  "baseExperienceYield": 40,
  "experienceGroup": "slow",
  "eggCycles": 20,
  "eggGroups": [
    "human_like",
    "amorphous"
  ],
  "behaviour": {
    "resting": {
      "canSleep": true,
      "willSleepOnBed": true,
      "depth": "normal",
      "light": "0-4"
    },
    "moving": {
      "walk": {
        "walkSpeed": 0.2
      }
    }
  },
  "moves": [
    "1:disarmingvoice",
    "1:growl",
    "3:doubleteam",
    "6:confusion",
    "9:hypnosis",
    "12:drainingkiss",
    "14:luckychant",
    "15:teleport",
    "17:magicalleaf",
    "18:psybeam",
    "21:lifedew",
    "24:charm",
    "27:calmmind",
    "29:imprison",
    "30:psychic",
    "33:healpulse",
    "36:dreameater",
    "39:futuresight",
    "42:storedpower",
    "100:allyswitch",
    "100:confuseray",
    "100:destinybond",
    "100:disable",
    "100:encore",
    "100:grudge",
    "100:knockoff",
    "100:meanlook",
    "100:memento",
    "100:mistyterrain",
    "100:mysticalfire",
    "100:shadowsneak",
    "100:skillswap",
    "100:synchronoise",
    "100:willowisp",
    "100:alluringvoice",
    "100:allyswitch",
    "100:attract",
    "100:bodyslam",
    "100:calmmind",
    "100:captivate",
    "100:chargebeam",
    "100:charm",
    "100:confide",
    "100:confuseray",
    "100:dazzlinggleam",
    "100:disarmingvoice",
    "100:doubleteam",
    "100:drainingkiss",
    "100:dreameater",
    "100:echoedvoice",
    "100:encore",
    "100:endure",
    "100:expandingforce",
    "100:facade",
    "100:firepunch",
    "100:flash",
    "100:fling",
    "100:frustration",
    "100:futuresight",
    "100:grassknot",
    "100:helpinghand",
    "100:hiddenpower",
    "100:hypervoice",
    "100:icepunch",
    "100:icywind",
    "100:imprison",
    "100:knockoff",
    "100:lightscreen",
    "100:magicalleaf",
    "100:magicroom",
    "100:megakick",
    "100:megapunch",
    "100:metronome",
    "100:mistyterrain",
    "100:naturalgift",
    "100:painsplit",
    "100:protect",
    "100:psybeam",
    "100:psychic",
    "100:psychicterrain",
    "100:psychup",
    "100:psyshock",
    "100:raindance",
    "100:recycle",
    "100:reflect",
    "100:rest",
    "100:return",
    "100:round",
    "100:safeguard",
    "100:secretpower",
    "100:shadowball",
    "100:shockwave",
    "100:skillswap",
    "100:sleeptalk",
    "100:snatch",
    "100:snore",
    "100:storedpower",
    "100:substitute",
    "100:sunnyday",
    "100:swagger",
    "100:swift",
    "100:taunt",
    "100:telekinesis",
    "100:terablast",
    "100:thief",
    "100:thunderbolt",
    "100:thunderpunch",
    "100:thunderwave",
    "100:torment",
    "100:toxic",
    "100:trick",
    "100:trickroom",
    "100:willowisp",
    "100:wonderroom",
    "100:zenheadbutt",
    "100:allyswitch",
    "100:bodyslam",
    "100:charm",
    "100:confusion",
    "100:defensecurl",
    "100:destinybond",
    "100:doubleedge",
    "100:dreameater",
    "100:encore",
    "100:endure",
    "100:expandingforce",
    "100:firepunch",
    "100:growl",
    "100:headbutt",
    "100:helpinghand",
    "100:hypervoice",
    "100:icepunch",
    "100:icywind",
    "100:magiccoat",
    "100:magicroom",
    "100:mimic",
    "100:mudslap",
    "100:nightmare",
    "100:painsplit",
    "100:psychup",
    "100:recycle",
    "100:reflect",
    "100:shockwave",
    "100:signalbeam",
    "100:sing",
    "100:skillswap",
    "100:sleeptalk",
    "100:snatch",
    "100:snore",
    "100:substitute",
    "100:swagger",
    "100:swift",
    "100:telekinesis",
    "100:thunderpunch",
    "100:thunderwave",
    "100:trick",
    "100:wish",
    "100:wonderroom",
    "100:zenheadbutt"
  ],
  "labels": [
    "gen3"
  ],
  "pokedex": [
    "cobblemon.species.ralts.desc"
  ],
  "evolutions": [
    {
      "id": "ralts_kirlia",
      "variant": "level_up",
      "result": "kirlia",
      "consumeHeldItem": false,
      "learnableMoves": [],
      "requirements": [
        {
          "variant": "level",
          "minLevel": 20
        }
      ]
    }
  ],
  "baseScale": 0.8,
  "hitbox": {
    "width": 0.5,
    "height": 0.9,
    "fixed": false
  },
  "baseFriendship": 35,
  "evYield": {
    "hp": 0,
    "attack": 0,
    "defence": 0,
    "special_attack": 1,
    "special_defence": 0,
    "speed": 0
  },
  "height": 4,
  "weight": 66,
  "aspects": [],
  "cannotDynamax": false
}
