{
  "name": "Registeel",
  "nationalPokedexNumber": 379,
  "primaryType": "steel",
  "abilities": [
    "clearbody",
    "h:lightmetal"
  ],
  "baseStats": {
    "hp": 80,
    "attack": 75,
    "defence": 150,
    "special_attack": 75,
    "special_defence": 150,
    "speed": 50
  },
  "catchRate": 3,
  "maleRatio": -1,
  "shoulderMountable": false,
  "baseExperienceYield": 290,
  "experienceGroup": "slow",
  "eggCycles": 80,
  "eggGroups": [
    "undiscovered"
  ],
  "moves": [
    "1:chargebeam",
    "1:metalclaw",
    "6:bulldoze",
    "12:ancientpower",
    "18:stomp",
    "24:flashcannon",
    "24:ironhead",
    "30:curse",
    "36:amnesia",
    "36:irondefense",
    "42:hammerarm",
    "48:heavyslam",
    "54:superpower",
    "60:lockon",
    "66:zapcannon",
    "72:hyperbeam",
    "78:explosion",
    "100:aerialace",
    "100:amnesia",
    "100:bodypress",
    "100:bodyslam",
    "100:brickbreak",
    "100:bulldoze",
    "100:chargebeam",
    "100:confide",
    "100:curse",
    "100:doubleedge",
    "100:doubleteam",
    "100:earthquake",
    "100:endure",
    "100:explosion",
    "100:facade",
    "100:flashcannon",
    "100:fling",
    "100:focusblast",
    "100:focuspunch",
    "100:frustration",
    "100:gigaimpact",
    "100:gravity",
    "100:hardpress",
    "100:heavyslam",
    "100:hiddenpower",
    "100:honeclaws",
    "100:hyperbeam",
    "100:icepunch",
    "100:icespinner",
    "100:irondefense",
    "100:ironhead",
    "100:megakick",
    "100:megapunch",
    "100:metalclaw",
    "100:metalsound",
    "100:meteorbeam",
    "100:naturalgift",
    "100:poweruppunch",
    "100:protect",
    "100:psychup",
    "100:raindance",
    "100:rest",
    "100:return",
    "100:rockclimb",
    "100:rockpolish",
    "100:rockslide",
    "100:rocksmash",
    "100:rocktomb",
    "100:round",
    "100:safeguard",
    "100:sandstorm",
    "100:sandtomb",
    "100:secretpower",
    "100:selfdestruct",
    "100:shadowclaw",
    "100:shockwave",
    "100:sleeptalk",
    "100:snore",
    "100:stealthrock",
    "100:steelbeam",
    "100:stompingtantrum",
    "100:strength",
    "100:substitute",
    "100:sunnyday",
    "100:superpower",
    "100:swagger",
    "100:takedown",
    "100:terablast",
    "100:thunder",
    "100:thunderbolt",
    "100:thunderpunch",
    "100:thunderwave",
    "100:toxic",
    "100:amnesia",
    "100:ancientpower",
    "100:block",
    "100:bodyslam",
    "100:chargebeam",
    "100:counter",
    "100:curse",
    "100:defensecurl",
    "100:doubleedge",
    "100:dynamicpunch",
    "100:endure",
    "100:explosion",
    "100:flashcannon",
    "100:focuspunch",
    "100:gravity",
    "100:hammerarm",
    "100:headbutt",
    "100:heavyslam",
    "100:hyperbeam",
    "100:icepunch",
    "100:irondefense",
    "100:ironhead",
    "100:lockon",
    "100:magnetrise",
    "100:megakick",
    "100:megapunch",
    "100:metalclaw",
    "100:meteorbeam",
    "100:mimic",
    "100:mudslap",
    "100:psychup",
    "100:rockslide",
    "100:rollout",
    "100:seismictoss",
    "100:selfdestruct",
    "100:shockwave",
    "100:sleeptalk",
    "100:snore",
    "100:stealthrock",
    "100:steelbeam",
    "100:steelroller",
    "100:stomp",
    "100:stompingtantrum",
    "100:substitute",
    "100:superpower",
    "100:swagger",
    "100:thunderpunch",
    "100:thunderwave",
    "100:zapcannon"
  ],
  "labels": [
    "gen3",
    "legendary"
  ],
  "pokedex": [
    "cobblemon.species.registeel.desc"
  ],
  "evolutions": [],
  "baseScale": 1,
  "hitbox": {
    "width": 1,
    "height": 1,
    "fixed": false
  },
  "baseFriendship": 35,
  "evYield": {
    "hp": 0,
    "attack": 0,
    "defence": 2,
    "special_attack": 0,
    "special_defence": 1,
    "speed": 0
  },
  "height": 19,
  "weight": 2050,
  "aspects": [],
  "cannotDynamax": false,
  "drops": {
    "amount": 1,
    "entries": [
      {
        "item": "cobblemon:metal_coat"
      }
    ]
  }
}
