{
  "implemented": true,
  "name": "Relicanth",
  "nationalPokedexNumber": 369,
  "primaryType": "water",
  "secondaryType": "rock",
  "abilities": [
    "swiftswim",
    "rockhead",
    "h:sturdy"
  ],
  "drops": {
    "amount": 2,
    "entries": [
      {
        "item": "cobblemon:deep_sea_scale",
        "percentage": 5.0
      },
      {
        "item": "cobblemon:rindo_berry",
        "percentage": 5.0
      }
    ]
  },
  "baseStats": {
    "hp": 100,
    "attack": 90,
    "defence": 130,
    "special_attack": 45,
    "special_defence": 65,
    "speed": 55
  },
  "catchRate": 25,
  "maleRatio": 0.875,
  "shoulderMountable": false,
  "baseExperienceYield": 170,
  "experienceGroup": "slow",
  "eggCycles": 40,
  "eggGroups": [
    "water_1",
    "water_2"
  ],
  "behaviour": {
    "moving": {
      "canLook": false,
      "walk": {
        "avoidsLand": true
      },
      "swim": {
        "swimSpeed": 0.1,
        "canSwimInWater": true,
        "canBreatheUnderwater": true
      }
    }
  },
  "moves": [
    "1:harden",
    "1:mudsport",
    "1:tackle",
    "5:watergun",
    "10:ancientpower",
    "15:rocktomb",
    "15:yawn",
    "20:dive",
    "25:takedown",
    "30:aquatail",
    "35:rest",
    "40:flail",
    "45:hydropump",
    "50:doubleedge",
    "55:headsmash",
    "100:amnesia",
    "100:aquatail",
    "100:brine",
    "100:magnitude",
    "100:muddywater",
    "100:mudshot",
    "100:mudslap",
    "100:rockslide",
    "100:skullbash",
    "100:sleeptalk",
    "100:snore",
    "100:watersport",
    "100:zenheadbutt",
    "100:amnesia",
    "100:attract",
    "100:blizzard",
    "100:bodypress",
    "100:bodyslam",
    "100:bounce",
    "100:brine",
    "100:bulldoze",
    "100:calmmind",
    "100:captivate",
    "100:confide",
    "100:dive",
    "100:doubleteam",
    "100:earthpower",
    "100:earthquake",
    "100:endure",
    "100:facade",
    "100:frustration",
    "100:gigaimpact",
    "100:hail",
    "100:hiddenpower",
    "100:hydropump",
    "100:hyperbeam",
    "100:icebeam",
    "100:icywind",
    "100:irondefense",
    "100:liquidation",
    "100:muddywater",
    "100:mudshot",
    "100:naturalgift",
    "100:protect",
    "100:psychup",
    "100:raindance",
    "100:rest",
    "100:return",
    "100:rockblast",
    "100:rockpolish",
    "100:rockslide",
    "100:rocksmash",
    "100:rocktomb",
    "100:round",
    "100:safeguard",
    "100:sandstorm",
    "100:scald",
    "100:secretpower",
    "100:sleeptalk",
    "100:smackdown",
    "100:snore",
    "100:stealthrock",
    "100:stompingtantrum",
    "100:stoneedge",
    "100:substitute",
    "100:surf",
    "100:swagger",
    "100:toxic",
    "100:waterfall",
    "100:waterpulse",
    "100:whirlpool",
    "100:zenheadbutt",
    "100:ancientpower",
    "100:aquatail",
    "100:bodyslam",
    "100:bounce",
    "100:dive",
    "100:doubleedge",
    "100:earthpower",
    "100:endure",
    "100:headbutt",
    "100:icywind",
    "100:meteorbeam",
    "100:mimic",
    "100:mudslap",
    "100:psychup",
    "100:rockslide",
    "100:scaleshot",
    "100:sleeptalk",
    "100:snore",
    "100:stealthrock",
    "100:stompingtantrum",
    "100:substitute",
    "100:swagger",
    "100:watergun",
    "100:waterpulse",
    "100:zenheadbutt"
  ],
  "labels": [
    "gen3"
  ],
  "pokedex": [
    "cobblemon.species.relicanth.desc"
  ],
  "evolutions": [],
  "baseScale": 1.7,
  "hitbox": {
    "width": 0.8,
    "height": 0.8,
    "fixed": false
  },
  "baseFriendship": 50,
  "evYield": {
    "hp": 1,
    "attack": 0,
    "defence": 1,
    "special_attack": 0,
    "special_defence": 0,
    "speed": 0
  },
  "height": 10,
  "weight": 234,
  "aspects": [],
  "cannotDynamax": false
}
