{
  "name": "Seviper",
  "nationalPokedexNumber": 336,
  "primaryType": "poison",
  "abilities": [
    "shedskin",
    "h:infiltrator"
  ],
  "baseStats": {
    "hp": 73,
    "attack": 100,
    "defence": 60,
    "special_attack": 100,
    "special_defence": 60,
    "speed": 65
  },
  "catchRate": 90,
  "maleRatio": 0.5,
  "shoulderMountable": false,
  "baseExperienceYield": 160,
  "experienceGroup": "fluctuating",
  "eggCycles": 20,
  "eggGroups": [
    "field",
    "dragon"
  ],
  "moves": [
    "1:swagger",
    "1:wrap",
    "4:bite",
    "6:lick",
    "9:poisontail",
    "11:feint",
    "14:screech",
    "19:glare",
    "21:poisonfang",
    "24:venomdrench",
    "24:venoshock",
    "26:nightslash",
    "29:gastroacid",
    "31:poisonjab",
    "34:haze",
    "36:swordsdance",
    "39:crunch",
    "41:belch",
    "44:coil",
    "46:sludgebomb",
    "46:wringout",
    "100:assurance",
    "100:bodyslam",
    "100:finalgambit",
    "100:irontail",
    "100:nightslash",
    "100:punishment",
    "100:scaryface",
    "100:spitup",
    "100:stockpile",
    "100:swallow",
    "100:switcheroo",
    "100:wringout",
    "100:acidspray",
    "100:attract",
    "100:bodyslam",
    "100:breakingswipe",
    "100:brickbreak",
    "100:brutalswing",
    "100:bulldoze",
    "100:captivate",
    "100:confide",
    "100:crunch",
    "100:curse",
    "100:darkpulse",
    "100:dig",
    "100:doubleedge",
    "100:doubleteam",
    "100:dragontail",
    "100:earthquake",
    "100:endeavor",
    "100:endure",
    "100:facade",
    "100:firefang",
    "100:flamethrower",
    "100:frustration",
    "100:gigadrain",
    "100:gigaimpact",
    "100:gunkshot",
    "100:haze",
    "100:helpinghand",
    "100:hiddenpower",
    "100:hyperbeam",
    "100:icefang",
    "100:infestation",
    "100:ironhead",
    "100:irontail",
    "100:knockoff",
    "100:lashout",
    "100:naturalgift",
    "100:payback",
    "100:poisonjab",
    "100:poisontail",
    "100:pounce",
    "100:protect",
    "100:psychicfangs",
    "100:raindance",
    "100:rest",
    "100:retaliate",
    "100:return",
    "100:reversal",
    "100:rocksmash",
    "100:round",
    "100:scaryface",
    "100:secretpower",
    "100:seedbomb",
    "100:skittersmack",
    "100:sleeptalk",
    "100:sludgebomb",
    "100:sludgewave",
    "100:snarl",
    "100:snatch",
    "100:strength",
    "100:substitute",
    "100:sunnyday",
    "100:swagger",
    "100:swordsdance",
    "100:takedown",
    "100:taunt",
    "100:terablast",
    "100:thief",
    "100:throatchop",
    "100:thunderfang",
    "100:toxic",
    "100:trailblaze",
    "100:venoshock",
    "100:xscissor",
    "100:zenheadbutt",
    "100:aquatail",
    "100:bind",
    "100:bite",
    "100:bodyslam",
    "100:crunch",
    "100:darkpulse",
    "100:doubleedge",
    "100:endure",
    "100:furycutter",
    "100:gastroacid",
    "100:gigadrain",
    "100:glare",
    "100:headbutt",
    "100:irontail",
    "100:knockoff",
    "100:lick",
    "100:mimic",
    "100:mudslap",
    "100:poisontail",
    "100:screech",
    "100:sleeptalk",
    "100:snatch",
    "100:snore",
    "100:substitute",
    "100:suckerpunch",
    "100:swagger",
    "100:swift",
    "100:throatchop",
    "100:wrap"
  ],
  "labels": [
    "gen3"
  ],
  "pokedex": [
    "cobblemon.species.seviper.desc"
  ],
  "evolutions": [],
  "baseScale": 1,
  "hitbox": {
    "width": 1,
    "height": 1,
    "fixed": false
  },
  "baseFriendship": 70,
  "evYield": {
    "hp": 0,
    "attack": 1,
    "defence": 0,
    "special_attack": 1,
    "special_defence": 0,
    "speed": 0
  },
  "height": 27,
  "weight": 525,
  "aspects": [],
  "cannotDynamax": false,
  "drops": {
    "amount": 3,
    "entries": [
      {
        "item": "cobblemon:razor_fang",
        "percentage": 5.0
      },
      {
        "item": "cobblemon:poison_barb",
        "percentage": 5.0
      },
      {
        "item": "cobblemon:persim_berry",
        "percentage": 5.0
      }
    ]
  }
}
