{
  "implemented": true,
  "name": "Shedinja",
  "nationalPokedexNumber": 292,
  "primaryType": "bug",
  "secondaryType": "ghost",
  "abilities": [
    "wonderguard"
  ],
  "baseStats": {
    "hp": 1,
    "attack": 90,
    "defence": 45,
    "special_attack": 30,
    "special_defence": 30,
    "speed": 40
  },
  "catchRate": 45,
  "maleRatio": -1,
  "shoulderMountable": false,
  "baseExperienceYield": 83,
  "experienceGroup": "erratic",
  "eggCycles": 15,
  "eggGroups": [
    "mineral"
  ],
  "behaviour": {
    "moving": {
      "fly": {
        "canFly": true
      }
    },
    "resting": {
      "canSleep": true,
      "willSleepOnBed": false,
      "depth": "normal",
      "light": "0-4"
    }
  },
  "moves": [
    "1:dig",
    "1:falseswipe",
    "1:grudge",
    "1:harden",
    "1:metalclaw",
    "1:mudslap",
    "1:sandattack",
    "1:scratch",
    "1:shadowclaw",
    "5:leechlife",
    "15:confuseray",
    "23:absorb",
    "29:shadowsneak",
    "36:furyswipes",
    "41:healblock",
    "43:mindreader",
    "50:shadowball",
    "57:spite",
    "64:phantomforce",
    "form_change:agility",
    "form_change:batonpass",
    "form_change:screech",
    "form_change:slash",
    "form_change:swordsdance",
    "100:aerialace",
    "100:agility",
    "100:allyswitch",
    "100:bugbuzz",
    "100:confide",
    "100:cut",
    "100:dig",
    "100:doubleteam",
    "100:dreameater",
    "100:endure",
    "100:facade",
    "100:falseswipe",
    "100:flash",
    "100:frustration",
    "100:gigadrain",
    "100:gigaimpact",
    "100:hex",
    "100:hiddenpower",
    "100:honeclaws",
    "100:hyperbeam",
    "100:leechlife",
    "100:naturalgift",
    "100:phantomforce",
    "100:protect",
    "100:rest",
    "100:return",
    "100:round",
    "100:sandstorm",
    "100:secretpower",
    "100:shadowball",
    "100:shadowclaw",
    "100:sleeptalk",
    "100:snore",
    "100:solarbeam",
    "100:strugglebug",
    "100:substitute",
    "100:sunnyday",
    "100:swagger",
    "100:telekinesis",
    "100:thief",
    "100:toxic",
    "100:trick",
    "100:willowisp",
    "100:xscissor",
    "100:allyswitch",
    "100:bugbite",
    "100:confuseray",
    "100:doubleedge",
    "100:dreameater",
    "100:endure",
    "100:furycutter",
    "100:gigadrain",
    "100:grudge",
    "100:mimic",
    "100:mudslap",
    "100:nightmare",
    "100:poltergeist",
    "100:shadowball",
    "100:skittersmack",
    "100:sleeptalk",
    "100:snore",
    "100:spite",
    "100:stringshot",
    "100:substitute",
    "100:suckerpunch",
    "100:swagger",
    "100:telekinesis",
    "100:trick"
  ],
  "labels": [
    "gen3"
  ],
  "pokedex": [
    "cobblemon.species.shedinja.desc"
  ],
  "preEvolution": "nincada",
  "evolutions": [],
  "baseScale": 0.7,
  "hitbox": {
    "width": 0.7,
    "height": 1.3,
    "fixed": false
  },
  "baseFriendship": 50,
  "evYield": {
    "hp": 2,
    "attack": 0,
    "defence": 0,
    "special_attack": 0,
    "special_defence": 0,
    "speed": 0
  },
  "height": 8,
  "weight": 12,
  "aspects": [],
  "cannotDynamax": false
}
