{
  "implemented": true,
  "name": "Shiftry",
  "nationalPokedexNumber": 275,
  "primaryType": "grass",
  "secondaryType": "dark",
  "abilities": [
    "chlorophyll",
    "windrider",
    "h:pickpocket"
  ],
  "drops": {
    "amount": 4,
    "entries": [
      {
        "item": "minecraft:dark_oak_sapling",
        "quantityRange": "0-3"
      },
      {
        "item": "cobblemon:tanga_berry",
        "percentage": 10.0
      }
    ]
  },
  "baseStats": {
    "hp": 90,
    "attack": 100,
    "defence": 60,
    "special_attack": 90,
    "special_defence": 60,
    "speed": 80
  },
  "catchRate": 45,
  "maleRatio": 0.5,
  "shoulderMountable": false,
  "baseExperienceYield": 240,
  "experienceGroup": "medium_slow",
  "eggCycles": 15,
  "eggGroups": [
    "field",
    "grass"
  ],
  "moves": [
    "1:absorb",
    "1:aircutter",
    "1:astonish",
    "1:beatup",
    "1:explosion",
    "1:extrasensory",
    "1:fakeout",
    "1:feintattack",
    "1:growth",
    "1:harden",
    "1:hurricane",
    "1:leafblade",
    "1:megadrain",
    "1:nastyplot",
    "1:naturepower",
    "1:payback",
    "1:pound",
    "1:razorleaf",
    "1:rollout",
    "1:suckerpunch",
    "1:sunnyday",
    "1:swagger",
    "1:synthesis",
    "1:tackle",
    "1:torment",
    "1:whirlwind",
    "20:leaftornado",
    "44:leafstorm",
    "100:aerialace",
    "100:aircutter",
    "100:airslash",
    "100:amnesia",
    "100:assurance",
    "100:attract",
    "100:beatup",
    "100:bodyslam",
    "100:bounce",
    "100:brickbreak",
    "100:brutalswing",
    "100:bulletseed",
    "100:captivate",
    "100:chillingwater",
    "100:confide",
    "100:confuseray",
    "100:curse",
    "100:cut",
    "100:darkpulse",
    "100:defog",
    "100:dig",
    "100:doubleedge",
    "100:doubleteam",
    "100:embargo",
    "100:endeavor",
    "100:endure",
    "100:energyball",
    "100:explosion",
    "100:facade",
    "100:falseswipe",
    "100:flash",
    "100:fling",
    "100:focusblast",
    "100:foulplay",
    "100:frustration",
    "100:gigadrain",
    "100:gigaimpact",
    "100:grassknot",
    "100:grassyglide",
    "100:grassyterrain",
    "100:heatwave",
    "100:hex",
    "100:hiddenpower",
    "100:hurricane",
    "100:hyperbeam",
    "100:icywind",
    "100:imprison",
    "100:knockoff",
    "100:lashout",
    "100:leafblade",
    "100:leafstorm",
    "100:lowkick",
    "100:lowsweep",
    "100:magicalleaf",
    "100:megakick",
    "100:nastyplot",
    "100:naturalgift",
    "100:naturepower",
    "100:payback",
    "100:petalblizzard",
    "100:powerswap",
    "100:poweruppunch",
    "100:protect",
    "100:psychup",
    "100:raindance",
    "100:rest",
    "100:retaliate",
    "100:return",
    "100:revenge",
    "100:reversal",
    "100:rockslide",
    "100:rocksmash",
    "100:rocktomb",
    "100:round",
    "100:scaryface",
    "100:screech",
    "100:secretpower",
    "100:seedbomb",
    "100:selfdestruct",
    "100:shadowball",
    "100:silverwind",
    "100:sleeptalk",
    "100:snarl",
    "100:snore",
    "100:solarbeam",
    "100:solarblade",
    "100:spite",
    "100:strength",
    "100:substitute",
    "100:sunnyday",
    "100:swagger",
    "100:swift",
    "100:swordsdance",
    "100:tailwind",
    "100:takedown",
    "100:taunt",
    "100:terablast",
    "100:thief",
    "100:throatchop",
    "100:torment",
    "100:toxic",
    "100:toxicspikes",
    "100:trailblaze",
    "100:upperhand",
    "100:uproar",
    "100:vacuumwave",
    "100:weatherball",
    "100:willowisp",
    "100:xscissor",
    "100:aircutter",
    "100:bodyslam",
    "100:bounce",
    "100:darkpulse",
    "100:defensecurl",
    "100:defog",
    "100:doubleedge",
    "100:endure",
    "100:explosion",
    "100:foulplay",
    "100:furycutter",
    "100:gigadrain",
    "100:grassyglide",
    "100:headbutt",
    "100:icywind",
    "100:knockoff",
    "100:lashout",
    "100:lowkick",
    "100:megakick",
    "100:mimic",
    "100:mudslap",
    "100:ominouswind",
    "100:psychup",
    "100:rollout",
    "100:seedbomb",
    "100:selfdestruct",
    "100:sleeptalk",
    "100:snore",
    "100:spite",
    "100:substitute",
    "100:suckerpunch",
    "100:swagger",
    "100:swift",
    "100:swordsdance",
    "100:synthesis",
    "100:tailwind",
    "100:throatchop",
    "100:twister",
    "100:worryseed"
  ],
  "labels": [
    "gen3"
  ],
  "pokedex": [
    "cobblemon.species.shiftry.desc"
  ],
  "preEvolution": "nuzleaf",
  "evolutions": [],
  "baseScale": 1,
  "hitbox": {
    "width": 1,
    "height": 1.7,
    "fixed": false
  },
  "baseFriendship": 50,
  "evYield": {
    "hp": 0,
    "attack": 3,
    "defence": 0,
    "special_attack": 0,
    "special_defence": 0,
    "speed": 0
  },
  "height": 13,
  "weight": 596,
  "aspects": [],
  "cannotDynamax": false
}
