{
  "name": "Slakoth",
  "nationalPokedexNumber": 287,
  "primaryType": "normal",
  "abilities": [
    "truant"
  ],
  "baseStats": {
    "hp": 60,
    "attack": 60,
    "defence": 60,
    "special_attack": 35,
    "special_defence": 35,
    "speed": 30
  },
  "catchRate": 255,
  "maleRatio": 0.5,
  "shoulderMountable": false,
  "baseExperienceYield": 56,
  "experienceGroup": "slow",
  "eggCycles": 15,
  "eggGroups": [
    "field"
  ],
  "moves": [
    "1:scratch",
    "1:yawn",
    "6:encore",
    "9:slackoff",
    "14:feintattack",
    "14:headbutt",
    "17:amnesia",
    "22:covet",
    "25:chipaway",
    "25:throatchop",
    "30:counter",
    "33:flail",
    "38:playrough",
    "100:afteryou",
    "100:bodyslam",
    "100:crushclaw",
    "100:curse",
    "100:hammerarm",
    "100:nightslash",
    "100:pursuit",
    "100:slash",
    "100:sleeptalk",
    "100:snore",
    "100:tickle",
    "100:aerialace",
    "100:amnesia",
    "100:attract",
    "100:blizzard",
    "100:bodyslam",
    "100:brickbreak",
    "100:bulkup",
    "100:captivate",
    "100:chillingwater",
    "100:confide",
    "100:curse",
    "100:cut",
    "100:doubleteam",
    "100:encore",
    "100:endure",
    "100:facade",
    "100:falseswipe",
    "100:fireblast",
    "100:firepunch",
    "100:flamethrower",
    "100:fling",
    "100:focuspunch",
    "100:frustration",
    "100:gunkshot",
    "100:helpinghand",
    "100:hiddenpower",
    "100:honeclaws",
    "100:icebeam",
    "100:icepunch",
    "100:icywind",
    "100:incinerate",
    "100:metalclaw",
    "100:metronome",
    "100:mudshot",
    "100:mudslap",
    "100:naturalgift",
    "100:playrough",
    "100:poisonjab",
    "100:poweruppunch",
    "100:protect",
    "100:raindance",
    "100:rest",
    "100:retaliate",
    "100:return",
    "100:rockslide",
    "100:rocksmash",
    "100:rocktomb",
    "100:round",
    "100:secretpower",
    "100:seedbomb",
    "100:shadowball",
    "100:shadowclaw",
    "100:shockwave",
    "100:sleeptalk",
    "100:solarbeam",
    "100:strength",
    "100:substitute",
    "100:sunnyday",
    "100:swagger",
    "100:takedown",
    "100:terablast",
    "100:thief",
    "100:throatchop",
    "100:thunder",
    "100:thunderbolt",
    "100:thunderpunch",
    "100:toxic",
    "100:waterpulse",
    "100:workup",
    "100:xscissor",
    "100:zenheadbutt",
    "100:afteryou",
    "100:bodyslam",
    "100:counter",
    "100:covet",
    "100:doubleedge",
    "100:dynamicpunch",
    "100:endure",
    "100:firepunch",
    "100:focuspunch",
    "100:furycutter",
    "100:gunkshot",
    "100:headbutt",
    "100:icepunch",
    "100:icywind",
    "100:megakick",
    "100:megapunch",
    "100:mimic",
    "100:mudslap",
    "100:nightslash",
    "100:rockslide",
    "100:seismictoss",
    "100:shockwave",
    "100:sleeptalk",
    "100:snore",
    "100:substitute",
    "100:suckerpunch",
    "100:swagger",
    "100:thunderpunch",
    "100:waterpulse",
    "100:yawn"
  ],
  "labels": [
    "gen3"
  ],
  "pokedex": [
    "cobblemon.species.slakoth.desc"
  ],
  "evolutions": [
    {
      "id": "slakoth_vigoroth",
      "variant": "level_up",
      "result": "vigoroth",
      "consumeHeldItem": false,
      "learnableMoves": [],
      "requirements": [
        {
          "variant": "level",
          "minLevel": 18
        }
      ]
    }
  ],
  "baseScale": 1,
  "hitbox": {
    "width": 1,
    "height": 1,
    "fixed": false
  },
  "baseFriendship": 70,
  "evYield": {
    "hp": 1,
    "attack": 0,
    "defence": 0,
    "special_attack": 0,
    "special_defence": 0,
    "speed": 0
  },
  "height": 8,
  "weight": 240,
  "aspects": [],
  "cannotDynamax": false,
  "drops": {
    "amount": 1,
    "entries": [
      {
        "item": "cobblemon:chesto_berry",
        "percentage": 2.5
      }
    ]
  }
}
