{
  "implemented": true,
  "name": "Spinda",
  "nationalPokedexNumber": 327,
  "primaryType": "normal",
  "abilities": [
    "owntempo",
    "tangledfeet",
    "h:contrary"
  ],
  "baseStats": {
    "hp": 60,
    "attack": 60,
    "defence": 60,
    "special_attack": 60,
    "special_defence": 60,
    "speed": 60
  },
  "catchRate": 255,
  "maleRatio": 0.5,
  "shoulderMountable": false,
  "baseExperienceYield": 126,
  "experienceGroup": "fast",
  "eggCycles": 15,
  "eggGroups": [
    "field",
    "human_like"
  ],
  "drops": {
    "amount": 3,
    "entries": [
      {
        "item": "minecraft:bamboo",
        "quantityRange": "0-2"
      },
      {
        "item": "cobblemon:chesto_berry",
        "percentage": 5.0
      }
    ]
  },
  "moves": [
    "1:tackle",
    "5:copycat",
    "10:feintattack",
    "14:psybeam",
    "19:hypnosis",
    "23:dizzypunch",
    "28:suckerpunch",
    "32:teeterdance",
    "37:uproar",
    "41:psychup",
    "46:doubleedge",
    "50:flail",
    "55:thrash",
    "100:assist",
    "100:batonpass",
    "100:disable",
    "100:encore",
    "100:fakeout",
    "100:faketears",
    "100:guardsplit",
    "100:icywind",
    "100:psychocut",
    "100:psychoshift",
    "100:rapidspin",
    "100:rockslide",
    "100:roleplay",
    "100:smellingsalts",
    "100:spotlight",
    "100:trick",
    "100:waterpulse",
    "100:wish",
    "100:attract",
    "100:brickbreak",
    "100:calmmind",
    "100:captivate",
    "100:confide",
    "100:dig",
    "100:doubleteam",
    "100:drainpunch",
    "100:dreameater",
    "100:endure",
    "100:facade",
    "100:flash",
    "100:fling",
    "100:focuspunch",
    "100:frustration",
    "100:hiddenpower",
    "100:naturalgift",
    "100:poweruppunch",
    "100:protect",
    "100:psychic",
    "100:psychup",
    "100:raindance",
    "100:recycle",
    "100:rest",
    "100:retaliate",
    "100:return",
    "100:rockslide",
    "100:rocksmash",
    "100:rocktomb",
    "100:round",
    "100:safeguard",
    "100:secretpower",
    "100:shadowball",
    "100:shockwave",
    "100:skillswap",
    "100:sleeptalk",
    "100:snatch",
    "100:strength",
    "100:substitute",
    "100:sunnyday",
    "100:swagger",
    "100:thief",
    "100:toxic",
    "100:trickroom",
    "100:waterpulse",
    "100:wildcharge",
    "100:workup",
    "100:bodyslam",
    "100:copycat",
    "100:counter",
    "100:covet",
    "100:defensecurl",
    "100:doubleedge",
    "100:drainpunch",
    "100:dreameater",
    "100:dynamicpunch",
    "100:endure",
    "100:fakeout",
    "100:firepunch",
    "100:focuspunch",
    "100:headbutt",
    "100:helpinghand",
    "100:hypervoice",
    "100:icepunch",
    "100:icywind",
    "100:lastresort",
    "100:lowkick",
    "100:megakick",
    "100:megapunch",
    "100:metronome",
    "100:mimic",
    "100:mudslap",
    "100:nightmare",
    "100:psychup",
    "100:recycle",
    "100:rockslide",
    "100:roleplay",
    "100:rollout",
    "100:seismictoss",
    "100:shockwave",
    "100:sing",
    "100:skillswap",
    "100:sleeptalk",
    "100:snatch",
    "100:snore",
    "100:stompingtantrum",
    "100:substitute",
    "100:suckerpunch",
    "100:superpower",
    "100:swagger",
    "100:swift",
    "100:tackle",
    "100:thunderpunch",
    "100:trick",
    "100:uproar",
    "100:waterpulse",
    "100:zenheadbutt"
  ],
  "labels": [
    "gen3"
  ],
  "pokedex": [
    "cobblemon.species.spinda.desc"
  ],
  "evolutions": [],
  "baseScale": 0.9,
  "hitbox": {
    "width": 0.7,
    "height": 1.4,
    "fixed": false
  },
  "baseFriendship": 70,
  "evYield": {
    "hp": 0,
    "attack": 0,
    "defence": 0,
    "special_attack": 1,
    "special_defence": 0,
    "speed": 0
  },
  "height": 11,
  "weight": 50,
  "aspects": [],
  "cannotDynamax": false
}
