{
  "implemented": true,
  "name": "Surskit",
  "nationalPokedexNumber": 283,
  "primaryType": "bug",
  "secondaryType": "water",
  "abilities": [
    "swiftswim",
    "h:raindish"
  ],
  "drops": {
    "amount": 2,
    "entries": [
      {
        "item": "minecraft:honey_bottle",
        "percentage": 2.5
      },
      {
        "item": "cobblemon:wacan_berry",
        "percentage": 2.5
      }
    ]
  },
  "baseStats": {
    "hp": 40,
    "attack": 30,
    "defence": 32,
    "special_attack": 50,
    "special_defence": 52,
    "speed": 65
  },
  "catchRate": 200,
  "maleRatio": 0.5,
  "shoulderMountable": false,
  "baseExperienceYield": 54,
  "experienceGroup": "medium_fast",
  "eggCycles": 15,
  "eggGroups": [
    "water_1",
    "bug"
  ],
  "behaviour": {
    "moving": {
      "swim": {
        "canSwimInWater": true,
        "canBreatheUnderwater": true,
        "canWalkOnWater": true
      },
      "walk": {
        "avoidsLand": true
      }
    }
  },
  "moves": [
    "1:bubble",
    "1:watergun",
    "6:quickattack",
    "9:sweetscent",
    "14:soak",
    "14:watersport",
    "17:bubblebeam",
    "22:agility",
    "25:haze",
    "25:mist",
    "30:aquajet",
    "35:batonpass",
    "38:stickyweb",
    "100:aquajet",
    "100:bugbite",
    "100:endure",
    "100:fellstinger",
    "100:foresight",
    "100:hydropump",
    "100:lunge",
    "100:mindreader",
    "100:mudshot",
    "100:powersplit",
    "100:psybeam",
    "100:signalbeam",
    "100:acrobatics",
    "100:agility",
    "100:attract",
    "100:batonpass",
    "100:blizzard",
    "100:bugbite",
    "100:bugbuzz",
    "100:captivate",
    "100:chillingwater",
    "100:confide",
    "100:doubleteam",
    "100:endure",
    "100:facade",
    "100:flash",
    "100:frustration",
    "100:gigadrain",
    "100:haze",
    "100:helpinghand",
    "100:hiddenpower",
    "100:hydropump",
    "100:icebeam",
    "100:icywind",
    "100:infestation",
    "100:leechlife",
    "100:liquidation",
    "100:lunge",
    "100:mudshot",
    "100:mudslap",
    "100:naturalgift",
    "100:pounce",
    "100:protect",
    "100:psybeam",
    "100:psychup",
    "100:raindance",
    "100:rest",
    "100:return",
    "100:round",
    "100:scald",
    "100:secretpower",
    "100:shadowball",
    "100:skittersmack",
    "100:sleeptalk",
    "100:solarbeam",
    "100:strugglebug",
    "100:substitute",
    "100:sunnyday",
    "100:surf",
    "100:swagger",
    "100:takedown",
    "100:terablast",
    "100:thief",
    "100:toxic",
    "100:waterfall",
    "100:waterpulse",
    "100:bubble",
    "100:bugbite",
    "100:doubleedge",
    "100:endure",
    "100:gigadrain",
    "100:hydropump",
    "100:icywind",
    "100:liquidation",
    "100:mimic",
    "100:mudslap",
    "100:mudsport",
    "100:psychup",
    "100:quickattack",
    "100:signalbeam",
    "100:sleeptalk",
    "100:snore",
    "100:stringshot",
    "100:substitute",
    "100:swagger",
    "100:swift",
    "100:waterpulse"
  ],
  "labels": [
    "gen3"
  ],
  "pokedex": [
    "cobblemon.species.surskit.desc"
  ],
  "evolutions": [
    {
      "id": "surskit_masquerain",
      "variant": "level_up",
      "result": "masquerain",
      "consumeHeldItem": false,
      "learnableMoves": [],
      "requirements": [
        {
          "variant": "level",
          "minLevel": 22
        }
      ]
    }
  ],
  "baseScale": 0.7,
  "hitbox": {
    "width": 0.8,
    "height": 1.6,
    "fixed": false
  },
  "baseFriendship": 70,
  "evYield": {
    "hp": 0,
    "attack": 0,
    "defence": 0,
    "special_attack": 0,
    "special_defence": 0,
    "speed": 1
  },
  "height": 5,
  "weight": 17,
  "aspects": [],
  "cannotDynamax": false
}
