{
  "implemented": true,
  "name": "Swellow",
  "nationalPokedexNumber": 277,
  "primaryType": "normal",
  "secondaryType": "flying",
  "abilities": [
    "guts",
    "h:scrappy"
  ],
  "drops": {
    "amount": 5,
    "entries": [
      {
        "item": "minecraft:feather",
        "quantityRange": "0-2"
      },
      {
        "item": "minecraft:chicken"
      },
      {
        "item": "cobblemon:sharp_beak",
        "percentage": 2.5
      },
      {
        "item": "cobblemon:charti_berry",
        "percentage": 5.0
      }
    ]
  },
  "baseStats": {
    "hp": 60,
    "attack": 85,
    "defence": 60,
    "special_attack": 75,
    "special_defence": 50,
    "speed": 125
  },
  "catchRate": 45,
  "maleRatio": 0.5,
  "shoulderMountable": false,
  "baseExperienceYield": 159,
  "experienceGroup": "medium_slow",
  "eggCycles": 15,
  "eggGroups": [
    "flying"
  ],
  "behaviour": {
    "moving": {
      "fly": {
        "canFly": true
      }
    },
    "resting": {
      "canSleep": true,
      "willSleepOnBed": false,
      "depth": "normal",
      "light": "0-4"
    }
  },
  "moves": [
    "1:airslash",
    "1:bravebird",
    "1:focusenergy",
    "1:growl",
    "1:peck",
    "1:pluck",
    "1:quickattack",
    "13:wingattack",
    "17:doubleteam",
    "21:aerialace",
    "27:quickguard",
    "33:agility",
    "45:endeavor",
    "57:reversal",
    "100:aerialace",
    "100:attract",
    "100:captivate",
    "100:confide",
    "100:defog",
    "100:doubleteam",
    "100:echoedvoice",
    "100:endure",
    "100:facade",
    "100:fly",
    "100:frustration",
    "100:gigaimpact",
    "100:hiddenpower",
    "100:hyperbeam",
    "100:naturalgift",
    "100:pluck",
    "100:protect",
    "100:raindance",
    "100:rest",
    "100:return",
    "100:roost",
    "100:round",
    "100:secretpower",
    "100:sleeptalk",
    "100:steelwing",
    "100:substitute",
    "100:sunnyday",
    "100:swagger",
    "100:thief",
    "100:toxic",
    "100:uturn",
    "100:workup",
    "100:agility",
    "100:aircutter",
    "100:batonpass",
    "100:counter",
    "100:defog",
    "100:doubleedge",
    "100:endeavor",
    "100:endure",
    "100:facade",
    "100:heatwave",
    "100:laserfocus",
    "100:mimic",
    "100:mudslap",
    "100:ominouswind",
    "100:roost",
    "100:skyattack",
    "100:sleeptalk",
    "100:snore",
    "100:substitute",
    "100:swagger",
    "100:swift",
    "100:tailwind",
    "100:twister"
  ],
  "labels": [
    "gen3"
  ],
  "pokedex": [
    "cobblemon.species.swellow.desc"
  ],
  "preEvolution": "taillow",
  "evolutions": [],
  "baseScale": 0.9,
  "hitbox": {
    "width": 0.7,
    "height": 1.2,
    "fixed": false
  },
  "baseFriendship": 70,
  "evYield": {
    "hp": 0,
    "attack": 0,
    "defence": 0,
    "special_attack": 0,
    "special_defence": 0,
    "speed": 2
  },
  "height": 7,
  "weight": 198,
  "aspects": [],
  "cannotDynamax": false
}
