{
  "implemented": true,
  "name": "Taillow",
  "nationalPokedexNumber": 276,
  "primaryType": "normal",
  "secondaryType": "flying",
  "abilities": [
    "guts",
    "h:scrappy"
  ],
  "drops": {
    "amount": 3,
    "entries": [
      {
        "item": "minecraft:feather",
        "quantityRange": "0-1"
      },
      {
        "item": "minecraft:chicken"
      },
      {
        "item": "cobblemon:charti_berry",
        "percentage": 2.5
      }
    ]
  },
  "baseStats": {
    "hp": 40,
    "attack": 55,
    "defence": 30,
    "special_attack": 30,
    "special_defence": 30,
    "speed": 85
  },
  "catchRate": 200,
  "maleRatio": 0.5,
  "shoulderMountable": false,
  "baseExperienceYield": 54,
  "experienceGroup": "medium_slow",
  "eggCycles": 15,
  "eggGroups": [
    "flying"
  ],
  "behaviour": {
    "moving": {
      "fly": {
        "canFly": true
      }
    },
    "resting": {
      "canSleep": true,
      "willSleepOnBed": true,
      "depth": "normal",
      "light": "0-4"
    }
  },
  "moves": [
    "1:growl",
    "1:peck",
    "5:focusenergy",
    "9:quickattack",
    "13:wingattack",
    "17:doubleteam",
    "21:aerialace",
    "25:quickguard",
    "29:agility",
    "33:airslash",
    "37:endeavor",
    "41:bravebird",
    "45:reversal",
    "100:boomburst",
    "100:bravebird",
    "100:defog",
    "100:hurricane",
    "100:mirrormove",
    "100:pursuit",
    "100:rage",
    "100:refresh",
    "100:roost",
    "100:skyattack",
    "100:steelwing",
    "100:supersonic",
    "100:whirlwind",
    "100:aerialace",
    "100:attract",
    "100:captivate",
    "100:confide",
    "100:defog",
    "100:doubleteam",
    "100:echoedvoice",
    "100:endure",
    "100:facade",
    "100:fly",
    "100:frustration",
    "100:hiddenpower",
    "100:naturalgift",
    "100:pluck",
    "100:protect",
    "100:raindance",
    "100:rest",
    "100:return",
    "100:roost",
    "100:round",
    "100:secretpower",
    "100:sleeptalk",
    "100:steelwing",
    "100:substitute",
    "100:sunnyday",
    "100:swagger",
    "100:thief",
    "100:toxic",
    "100:uturn",
    "100:workup",
    "100:aircutter",
    "100:bravebird",
    "100:counter",
    "100:defog",
    "100:doubleedge",
    "100:endeavor",
    "100:endure",
    "100:featherdance",
    "100:focusenergy",
    "100:growl",
    "100:heatwave",
    "100:mimic",
    "100:mirrormove",
    "100:mudslap",
    "100:ominouswind",
    "100:peck",
    "100:roost",
    "100:skyattack",
    "100:sleeptalk",
    "100:snore",
    "100:substitute",
    "100:swagger",
    "100:swift",
    "100:tailwind",
    "100:twister"
  ],
  "labels": [
    "gen3"
  ],
  "pokedex": [
    "cobblemon.species.taillow.desc"
  ],
  "evolutions": [
    {
      "id": "taillow_swellow",
      "variant": "level_up",
      "result": "swellow",
      "consumeHeldItem": false,
      "learnableMoves": [],
      "requirements": [
        {
          "variant": "level",
          "minLevel": 22
        }
      ]
    }
  ],
  "baseScale": 0.8,
  "hitbox": {
    "width": 0.5,
    "height": 0.65,
    "fixed": false
  },
  "baseFriendship": 70,
  "evYield": {
    "hp": 0,
    "attack": 0,
    "defence": 0,
    "special_attack": 0,
    "special_defence": 0,
    "speed": 1
  },
  "height": 3,
  "weight": 23,
  "aspects": [],
  "cannotDynamax": false
}
