{
  "implemented": true,
  "name": "Torkoal",
  "nationalPokedexNumber": 324,
  "primaryType": "fire",
  "abilities": [
    "whitesmoke",
    "drought",
    "h:shellarmor"
  ],
  "baseStats": {
    "hp": 70,
    "attack": 85,
    "defence": 140,
    "special_attack": 85,
    "special_defence": 70,
    "speed": 20
  },
  "catchRate": 90,
  "maleRatio": 0.5,
  "shoulderMountable": false,
  "baseExperienceYield": 165,
  "experienceGroup": "medium_fast",
  "eggCycles": 20,
  "eggGroups": [
    "field"
  ],
  "drops": {
    "amount": 5,
    "entries": [
      {
        "item": "minecraft:coal",
        "quantityRange": "0-2"
      },
      {
        "item": "cobblemon:charcoal_stick",
        "percentage": 5.0
      },
      {
        "item": "cobblemon:smoke_ball",
        "percentage": 5.0
      },
      {
        "item": "cobblemon:charti_berry",
        "percentage": 5.0
      }
    ]
  },
  "moves": [
    "1:ember",
    "1:smog",
    "4:withdraw",
    "8:rapidspin",
    "12:smokescreen",
    "13:firespin",
    "16:clearsmog",
    "20:flamewheel",
    "24:protect",
    "28:lavaplume",
    "32:bodyslam",
    "36:irondefense",
    "40:flamethrower",
    "42:flail",
    "44:curse",
    "48:heatwave",
    "52:amnesia",
    "56:inferno",
    "60:shellsmash",
    "64:eruption",
    "100:ancientpower",
    "100:clearsmog",
    "100:earthquake",
    "100:endure",
    "100:eruption",
    "100:fissure",
    "100:flail",
    "100:flameburst",
    "100:skullbash",
    "100:sleeptalk",
    "100:superpower",
    "100:yawn",
    "100:amnesia",
    "100:attract",
    "100:bodypress",
    "100:bodyslam",
    "100:bulldoze",
    "100:burningjealousy",
    "100:captivate",
    "100:confide",
    "100:curse",
    "100:doubleedge",
    "100:doubleteam",
    "100:earthpower",
    "100:earthquake",
    "100:endure",
    "100:explosion",
    "100:facade",
    "100:fireblast",
    "100:firespin",
    "100:flamecharge",
    "100:flamethrower",
    "100:flareblitz",
    "100:frustration",
    "100:gigaimpact",
    "100:gyroball",
    "100:heatcrash",
    "100:heatwave",
    "100:heavyslam",
    "100:helpinghand",
    "100:hiddenpower",
    "100:hyperbeam",
    "100:incinerate",
    "100:irondefense",
    "100:irontail",
    "100:naturalgift",
    "100:naturepower",
    "100:overheat",
    "100:protect",
    "100:rest",
    "100:return",
    "100:rockslide",
    "100:rocksmash",
    "100:rocktomb",
    "100:round",
    "100:sandstorm",
    "100:scorchingsands",
    "100:secretpower",
    "100:selfdestruct",
    "100:sleeptalk",
    "100:sludgebomb",
    "100:snore",
    "100:solarbeam",
    "100:stealthrock",
    "100:stompingtantrum",
    "100:stoneedge",
    "100:strength",
    "100:substitute",
    "100:sunnyday",
    "100:superpower",
    "100:swagger",
    "100:takedown",
    "100:temperflare",
    "100:terablast",
    "100:toxic",
    "100:weatherball",
    "100:willowisp",
    "100:zenheadbutt",
    "100:afteryou",
    "100:bodypress",
    "100:bodyslam",
    "100:burningjealousy",
    "100:doubleedge",
    "100:earthpower",
    "100:ember",
    "100:endure",
    "100:explosion",
    "100:fissure",
    "100:headbutt",
    "100:heatwave",
    "100:irondefense",
    "100:irontail",
    "100:mimic",
    "100:mudslap",
    "100:protect",
    "100:rockslide",
    "100:rollout",
    "100:scorchingsands",
    "100:selfdestruct",
    "100:sleeptalk",
    "100:snore",
    "100:stealthrock",
    "100:stompingtantrum",
    "100:substitute",
    "100:superpower",
    "100:swagger",
    "100:yawn"
  ],
  "labels": [
    "gen3"
  ],
  "pokedex": [
    "cobblemon.species.torkoal.desc"
  ],
  "evolutions": [],
  "baseScale": 1,
  "hitbox": {
    "width": 1,
    "height": 1,
    "fixed": false
  },
  "baseFriendship": 50,
  "evYield": {
    "hp": 0,
    "attack": 0,
    "defence": 2,
    "special_attack": 0,
    "special_defence": 0,
    "speed": 0
  },
  "height": 5,
  "weight": 804,
  "aspects": [],
  "cannotDynamax": false
}
