{
  "implemented": true,
  "name": "Vibrava",
  "nationalPokedexNumber": 329,
  "primaryType": "ground",
  "secondaryType": "dragon",
  "abilities": [
    "levitate"
  ],
  "baseStats": {
    "hp": 50,
    "attack": 70,
    "defence": 50,
    "special_attack": 50,
    "special_defence": 50,
    "speed": 70
  },
  "behaviour": {
    "resting": {
      "canSleep": true,
      "depth": "normal",
      "light": "0-4"
    },
    "moving": {
      "fly": {
        "canFly": true,
        "flySpeedHorizontal": 0.6
      }
    }
  },
  "catchRate": 120,
  "maleRatio": 0.5,
  "shoulderMountable": false,
  "baseExperienceYield": 119,
  "experienceGroup": "medium_slow",
  "eggCycles": 20,
  "eggGroups": [
    "bug",
    "dragon"
  ],
  "moves": [
    "1:astonish",
    "1:bide",
    "1:bite",
    "1:bulldoze",
    "1:crunch",
    "1:dig",
    "1:dragonbreath",
    "1:feintattack",
    "1:fissure",
    "1:laserfocus",
    "1:sandattack",
    "1:sonicboom",
    "1:superpower",
    "1:supersonic",
    "12:mudslap",
    "15:rockslide",
    "16:sandtomb",
    "20:dragontail",
    "24:screech",
    "28:bugbuzz",
    "32:sandstorm",
    "38:earthpower",
    "43:hyperbeam",
    "44:earthquake",
    "50:uproar",
    "56:dragonrush",
    "62:boomburst",
    "100:aerialace",
    "100:aircutter",
    "100:airslash",
    "100:attract",
    "100:bodyslam",
    "100:bugbite",
    "100:bugbuzz",
    "100:bulldoze",
    "100:captivate",
    "100:confide",
    "100:crunch",
    "100:defog",
    "100:dig",
    "100:doubleteam",
    "100:dracometeor",
    "100:dragonclaw",
    "100:dragonpulse",
    "100:dragontail",
    "100:dualwingbeat",
    "100:earthpower",
    "100:earthquake",
    "100:endure",
    "100:facade",
    "100:fly",
    "100:focusenergy",
    "100:frustration",
    "100:gigadrain",
    "100:gigaimpact",
    "100:heatwave",
    "100:hiddenpower",
    "100:hyperbeam",
    "100:mudshot",
    "100:mudslap",
    "100:naturalgift",
    "100:outrage",
    "100:protect",
    "100:rest",
    "100:return",
    "100:rockslide",
    "100:rocksmash",
    "100:rocktomb",
    "100:roost",
    "100:round",
    "100:sandstorm",
    "100:sandtomb",
    "100:scorchingsands",
    "100:screech",
    "100:secretpower",
    "100:silverwind",
    "100:sleeptalk",
    "100:snore",
    "100:solarbeam",
    "100:stealthrock",
    "100:steelwing",
    "100:stoneedge",
    "100:strength",
    "100:strugglebug",
    "100:substitute",
    "100:sunnyday",
    "100:superpower",
    "100:swagger",
    "100:swift",
    "100:tailwind",
    "100:takedown",
    "100:terablast",
    "100:throatchop",
    "100:toxic",
    "100:uproar",
    "100:uturn",
    "100:aircutter",
    "100:bodyslam",
    "100:bugbite",
    "100:defog",
    "100:doubleedge",
    "100:dracometeor",
    "100:dragonpulse",
    "100:dualwingbeat",
    "100:earthpower",
    "100:endure",
    "100:furycutter",
    "100:gigadrain",
    "100:headbutt",
    "100:heatwave",
    "100:mimic",
    "100:mudslap",
    "100:ominouswind",
    "100:outrage",
    "100:rockslide",
    "100:roost",
    "100:scorchingsands",
    "100:signalbeam",
    "100:sleeptalk",
    "100:snore",
    "100:substitute",
    "100:superpower",
    "100:swagger",
    "100:swift",
    "100:tailwind",
    "100:throatchop",
    "100:twister",
    "100:uproar"
  ],
  "labels": [
    "gen3"
  ],
  "pokedex": [
    "cobblemon.species.vibrava.desc"
  ],
  "preEvolution": "trapinch",
  "evolutions": [
    {
      "id": "vibrava_flygon",
      "variant": "level_up",
      "result": "flygon",
      "consumeHeldItem": false,
      "learnableMoves": [
        "dragonclaw"
      ],
      "requirements": [
        {
          "variant": "level",
          "minLevel": 45
        }
      ]
    }
  ],
  "baseScale": 0.65,
  "hitbox": {
    "width": 1.7,
    "height": 0.8,
    "fixed": false
  },
  "baseFriendship": 50,
  "evYield": {
    "hp": 0,
    "attack": 1,
    "defence": 0,
    "special_attack": 0,
    "special_defence": 0,
    "speed": 1
  },
  "height": 11,
  "weight": 153,
  "aspects": [],
  "cannotDynamax": false,
  "drops": {
    "amount": 2,
    "entries": [
      {
        "item": "cobblemon:soft_sand",
        "percentage": 5.0
      },
      {
        "item": "cobblemon:yache_berry",
        "percentage": 5.0
      }
    ]
  }
}
