{
  "implemented": true,
  "name": "Volbeat",
  "nationalPokedexNumber": 313,
  "primaryType": "bug",
  "abilities": [
    "illuminate",
    "swarm",
    "h:prankster"
  ],
  "drops": {
    "amount": 2,
    "entries": [
      {
        "item": "cobblemon:bright_powder",
        "percentage": 5.0
      },
      {
        "item": "cobblemon:razz_berry",
        "percentage": 5.0
      }
    ]
  },
  "baseStats": {
    "hp": 65,
    "attack": 73,
    "defence": 75,
    "special_attack": 47,
    "special_defence": 85,
    "speed": 85
  },
  "catchRate": 150,
  "maleRatio": 1,
  "shoulderMountable": false,
  "baseExperienceYield": 151,
  "experienceGroup": "erratic",
  "eggCycles": 15,
  "eggGroups": [
    "bug",
    "human_like"
  ],
  "behaviour": {
    "moving": {
      "fly": {
        "canFly": true
      },
      "swim": {
        "canWalkOnWater": true
      }
    },
    "resting": {
      "canSleep": true,
      "willSleepOnBed": false,
      "depth": "normal",
      "light": "0-4"
    }
  },
  "moves": [
    "1:flash",
    "1:tackle",
    "5:doubleteam",
    "8:confuseray",
    "12:quickattack",
    "15:strugglebug",
    "19:moonlight",
    "22:tailglow",
    "26:signalbeam",
    "26:protect",
    "29:zenheadbutt",
    "33:helpinghand",
    "36:bugbuzz",
    "40:playrough",
    "43:doubleedge",
    "47:infestation",
    "100:batonpass",
    "100:bugbuzz",
    "100:counter",
    "100:dizzypunch",
    "100:encore",
    "100:lunge",
    "100:roost",
    "100:seismictoss",
    "100:silverwind",
    "100:swagger",
    "100:trick",
    "100:acrobatics",
    "100:aerialace",
    "100:aircutter",
    "100:airslash",
    "100:attract",
    "100:batonpass",
    "100:bodyslam",
    "100:brickbreak",
    "100:bugbite",
    "100:bugbuzz",
    "100:captivate",
    "100:chargebeam",
    "100:chillingwater",
    "100:confide",
    "100:confuseray",
    "100:dazzlinggleam",
    "100:doubleedge",
    "100:doubleteam",
    "100:encore",
    "100:endeavor",
    "100:endure",
    "100:facade",
    "100:flash",
    "100:fling",
    "100:focuspunch",
    "100:frustration",
    "100:gigadrain",
    "100:helpinghand",
    "100:hiddenpower",
    "100:icepunch",
    "100:infestation",
    "100:lightscreen",
    "100:lunge",
    "100:metronome",
    "100:mudslap",
    "100:naturalgift",
    "100:playrough",
    "100:pounce",
    "100:poweruppunch",
    "100:protect",
    "100:psychup",
    "100:raindance",
    "100:rest",
    "100:return",
    "100:roost",
    "100:round",
    "100:secretpower",
    "100:shadowball",
    "100:shockwave",
    "100:silverwind",
    "100:skittersmack",
    "100:sleeptalk",
    "100:solarbeam",
    "100:strugglebug",
    "100:substitute",
    "100:sunnyday",
    "100:swagger",
    "100:swift",
    "100:tailwind",
    "100:takedown",
    "100:taunt",
    "100:terablast",
    "100:thief",
    "100:thunder",
    "100:thunderbolt",
    "100:thunderpunch",
    "100:thunderwave",
    "100:toxic",
    "100:trailblaze",
    "100:trick",
    "100:uturn",
    "100:waterpulse",
    "100:zenheadbutt",
    "100:aircutter",
    "100:bodyslam",
    "100:bugbite",
    "100:counter",
    "100:defog",
    "100:doubleedge",
    "100:dynamicpunch",
    "100:endure",
    "100:flash",
    "100:focuspunch",
    "100:gigadrain",
    "100:helpinghand",
    "100:icepunch",
    "100:megakick",
    "100:megapunch",
    "100:metronome",
    "100:mimic",
    "100:mudslap",
    "100:ominouswind",
    "100:psychup",
    "100:roost",
    "100:seismictoss",
    "100:shockwave",
    "100:signalbeam",
    "100:sleeptalk",
    "100:snore",
    "100:stringshot",
    "100:substitute",
    "100:swagger",
    "100:swift",
    "100:tailwind",
    "100:thunderpunch",
    "100:thunderwave",
    "100:trick",
    "100:waterpulse",
    "100:zenheadbutt"
  ],
  "labels": [
    "gen3"
  ],
  "pokedex": [
    "cobblemon.species.volbeat.desc"
  ],
  "evolutions": [],
  "baseScale": 0.7,
  "hitbox": {
    "width": 0.7,
    "height": 1.1,
    "fixed": false
  },
  "baseFriendship": 70,
  "evYield": {
    "hp": 0,
    "attack": 0,
    "defence": 0,
    "special_attack": 0,
    "special_defence": 0,
    "speed": 1
  },
  "height": 7,
  "weight": 177,
  "aspects": [],
  "cannotDynamax": false
}
