{
  "implemented": true,
  "name": "Whismur",
  "nationalPokedexNumber": 293,
  "primaryType": "normal",
  "abilities": [
    "soundproof",
    "h:rattled"
  ],
  "drops": {
    "amount": 1,
    "entries": [
      {
        "item": "cobblemon:chesto_berry",
        "percentage": 2.5
      }
    ]
  },
  "baseStats": {
    "hp": 64,
    "attack": 51,
    "defence": 23,
    "special_attack": 51,
    "special_defence": 23,
    "speed": 28
  },
  "catchRate": 190,
  "maleRatio": 0.5,
  "shoulderMountable": false,
  "baseExperienceYield": 48,
  "experienceGroup": "medium_slow",
  "eggCycles": 20,
  "eggGroups": [
    "monster",
    "field"
  ],
  "moves": [
    "1:astonish",
    "1:pound",
    "5:echoedvoice",
    "10:howl",
    "15:rest",
    "15:sleeptalk",
    "21:stomp",
    "25:roar",
    "30:supersonic",
    "35:uproar",
    "40:screech",
    "43:synchronoise",
    "45:hypervoice",
    "100:circlethrow",
    "100:disarmingvoice",
    "100:endeavor",
    "100:extrasensory",
    "100:faketears",
    "100:hammerarm",
    "100:smellingsalts",
    "100:smokescreen",
    "100:snore",
    "100:swagger",
    "100:takedown",
    "100:whirlwind",
    "100:attract",
    "100:blizzard",
    "100:bodyslam",
    "100:captivate",
    "100:confide",
    "100:doubleteam",
    "100:echoedvoice",
    "100:endure",
    "100:facade",
    "100:faketears",
    "100:fireblast",
    "100:firepunch",
    "100:flamethrower",
    "100:fling",
    "100:frustration",
    "100:hiddenpower",
    "100:hypervoice",
    "100:icebeam",
    "100:icepunch",
    "100:icywind",
    "100:incinerate",
    "100:megakick",
    "100:megapunch",
    "100:naturalgift",
    "100:protect",
    "100:raindance",
    "100:rest",
    "100:retaliate",
    "100:return",
    "100:roar",
    "100:round",
    "100:screech",
    "100:secretpower",
    "100:shadowball",
    "100:shockwave",
    "100:sleeptalk",
    "100:snore",
    "100:solarbeam",
    "100:substitute",
    "100:sunnyday",
    "100:swagger",
    "100:thunderpunch",
    "100:toxic",
    "100:uproar",
    "100:waterpulse",
    "100:workup",
    "100:zenheadbutt",
    "100:bodyslam",
    "100:counter",
    "100:defensecurl",
    "100:doubleedge",
    "100:dynamicpunch",
    "100:endeavor",
    "100:endure",
    "100:firepunch",
    "100:headbutt",
    "100:hypervoice",
    "100:icepunch",
    "100:icywind",
    "100:megakick",
    "100:megapunch",
    "100:mimic",
    "100:mudslap",
    "100:pound",
    "100:psychup",
    "100:rollout",
    "100:seismictoss",
    "100:shockwave",
    "100:sleeptalk",
    "100:snore",
    "100:substitute",
    "100:swagger",
    "100:teeterdance",
    "100:thunderpunch",
    "100:uproar",
    "100:waterpulse",
    "100:zenheadbutt"
  ],
  "labels": [
    "gen3"
  ],
  "pokedex": [
    "cobblemon.species.whismur.desc"
  ],
  "evolutions": [
    {
      "id": "whismur_loudred",
      "variant": "level_up",
      "result": "loudred",
      "consumeHeldItem": false,
      "learnableMoves": [
        "bite"
      ],
      "requirements": [
        {
          "variant": "level",
          "minLevel": 20
        }
      ]
    }
  ],
  "baseScale": 0.9,
  "hitbox": {
    "width": 0.8,
    "height": 0.8,
    "fixed": false
  },
  "baseFriendship": 50,
  "evYield": {
    "hp": 1,
    "attack": 0,
    "defence": 0,
    "special_attack": 0,
    "special_defence": 0,
    "speed": 0
  },
  "height": 6,
  "weight": 163,
  "aspects": [],
  "cannotDynamax": false
}
