{
  "implemented": true,
  "name": "Wingull",
  "nationalPokedexNumber": 278,
  "primaryType": "water",
  "secondaryType": "flying",
  "abilities": [
    "keeneye",
    "hydration",
    "h:raindish"
  ],
  "drops": {
    "amount": 3,
    "entries": [
      {
        "item": "minecraft:feather",
        "quantityRange": "0-1"
      },
      {
        "item": "minecraft:chicken"
      },
      {
        "item": "cobblemon:wacan_berry",
        "percentage": 2.5
      }
    ]
  },
  "baseStats": {
    "hp": 40,
    "attack": 30,
    "defence": 30,
    "special_attack": 55,
    "special_defence": 30,
    "speed": 85
  },
  "catchRate": 190,
  "maleRatio": 0.5,
  "shoulderMountable": false,
  "baseExperienceYield": 54,
  "experienceGroup": "medium_fast",
  "eggCycles": 20,
  "eggGroups": [
    "water_1",
    "flying"
  ],
  "behaviour": {
    "moving": {
      "fly": {
        "canFly": true
      },
      "swim": {
        "canSwimInWater": true,
        "canBreatheUnderwater": true,
        "canWalkOnWater": true
      },
      "walk": {
        "walkSpeed": 0.3
      }
    },
    "resting": {
      "canSleep": true,
      "willSleepOnBed": true,
      "depth": "normal",
      "light": "0-4"
    }
  },
  "moves": [
    "1:growl",
    "1:watergun",
    "5:quickattack",
    "10:supersonic",
    "15:wingattack",
    "20:waterpulse",
    "22:aircutter",
    "26:agility",
    "26:pursuit",
    "29:aerialace",
    "30:airslash",
    "35:mist",
    "40:roost",
    "45:hurricane",
    "100:aerialace",
    "100:agility",
    "100:aircutter",
    "100:aquaring",
    "100:brine",
    "100:gust",
    "100:knockoff",
    "100:mist",
    "100:roost",
    "100:soak",
    "100:twister",
    "100:watersport",
    "100:wideguard",
    "100:acrobatics",
    "100:aerialace",
    "100:agility",
    "100:aircutter",
    "100:airslash",
    "100:attract",
    "100:blizzard",
    "100:bravebird",
    "100:brine",
    "100:captivate",
    "100:chillingwater",
    "100:confide",
    "100:defog",
    "100:doubleteam",
    "100:dualwingbeat",
    "100:echoedvoice",
    "100:endure",
    "100:facade",
    "100:featherdance",
    "100:fly",
    "100:frustration",
    "100:hail",
    "100:helpinghand",
    "100:hiddenpower",
    "100:hurricane",
    "100:hydropump",
    "100:icebeam",
    "100:icywind",
    "100:knockoff",
    "100:liquidation",
    "100:muddywater",
    "100:naturalgift",
    "100:pluck",
    "100:protect",
    "100:raindance",
    "100:rest",
    "100:return",
    "100:roost",
    "100:round",
    "100:scald",
    "100:secretpower",
    "100:shockwave",
    "100:sleeptalk",
    "100:snore",
    "100:snowscape",
    "100:steelwing",
    "100:substitute",
    "100:surf",
    "100:swagger",
    "100:swift",
    "100:tailwind",
    "100:takedown",
    "100:terablast",
    "100:thief",
    "100:toxic",
    "100:uproar",
    "100:uturn",
    "100:waterfall",
    "100:waterpulse",
    "100:whirlpool",
    "100:aircutter",
    "100:defog",
    "100:doubleedge",
    "100:dualwingbeat",
    "100:endure",
    "100:icywind",
    "100:knockoff",
    "100:liquidation",
    "100:mimic",
    "100:mudslap",
    "100:ominouswind",
    "100:roost",
    "100:shockwave",
    "100:skyattack",
    "100:sleeptalk",
    "100:snore",
    "100:substitute",
    "100:swagger",
    "100:swift",
    "100:tailwind",
    "100:twister",
    "100:uproar",
    "100:watergun",
    "100:waterpulse"
  ],
  "labels": [
    "gen3"
  ],
  "pokedex": [
    "cobblemon.species.wingull.desc"
  ],
  "evolutions": [
    {
      "id": "wingull_pelipper",
      "variant": "level_up",
      "result": "pelipper",
      "consumeHeldItem": false,
      "learnableMoves": [],
      "requirements": [
        {
          "variant": "level",
          "minLevel": 25
        }
      ]
    }
  ],
  "baseScale": 0.6,
  "hitbox": {
    "width": 0.7,
    "height": 0.9,
    "fixed": false
  },
  "baseFriendship": 50,
  "evYield": {
    "hp": 0,
    "attack": 0,
    "defence": 0,
    "special_attack": 0,
    "special_defence": 0,
    "speed": 1
  },
  "height": 6,
  "weight": 95,
  "aspects": [],
  "cannotDynamax": false
}
