{
  "implemented": true,
  "name": "Zigzagoon",
  "nationalPokedexNumber": 263,
  "primaryType": "normal",
  "abilities": [
    "pickup",
    "gluttony",
    "h:quickfeet"
  ],
  "drops": {
    "amount": 1,
    "entries": [
      {
        "item": "cobblemon:oran_berry",
        "percentage": 2.5
      }
    ]
  },
  "baseStats": {
    "hp": 38,
    "attack": 30,
    "defence": 41,
    "special_attack": 30,
    "special_defence": 41,
    "speed": 60
  },
  "features": [
    "galarian"
  ],
  "catchRate": 255,
  "maleRatio": 0.5,
  "shoulderMountable": true,
  "forms": [
    {
      "name": "Galar",
      "primaryType": "dark",
      "secondaryType": "normal",
      "abilities": [
        "pickup",
        "gluttony",
        "h:quickfeet"
      ],
      "baseStats": {
        "hp": 38,
        "attack": 30,
        "defence": 41,
        "special_attack": 30,
        "special_defence": 41,
        "speed": 60
      },
      "catchRate": 255,
      "maleRatio": 0.5,
      "baseExperienceYield": 56,
      "baseFriendship": 50,
      "evYield": {
        "hp": 0,
        "attack": 0,
        "defence": 0,
        "special_attack": 0,
        "special_defence": 0,
        "speed": 1
      },
      "experienceGroup": "medium_fast",
      "eggCycles": 15,
      "eggGroups": [
        "field"
      ],
      "moves": [
        "1:leer",
        "1:tackle",
        "3:sandattack",
        "6:lick",
        "9:snarl",
        "12:headbutt",
        "15:babydolleyes",
        "18:pinmissile",
        "21:rest",
        "24:takedown",
        "27:scaryface",
        "30:counter",
        "33:taunt",
        "36:doubleedge",
        "100:knockoff",
        "100:partingshot",
        "100:quickguard",
        "100:assurance",
        "100:attract",
        "100:blizzard",
        "100:bodyslam",
        "100:dig",
        "100:endure",
        "100:facade",
        "100:faketears",
        "100:fling",
        "100:grassknot",
        "100:gunkshot",
        "100:helpinghand",
        "100:hypervoice",
        "100:icebeam",
        "100:icywind",
        "100:irontail",
        "100:mudshot",
        "100:payback",
        "100:pinmissile",
        "100:protect",
        "100:raindance",
        "100:rest",
        "100:retaliate",
        "100:round",
        "100:scaryface",
        "100:screech",
        "100:seedbomb",
        "100:shadowball",
        "100:sleeptalk",
        "100:snarl",
        "100:snore",
        "100:substitute",
        "100:sunnyday",
        "100:surf",
        "100:swift",
        "100:taunt",
        "100:thief",
        "100:thunder",
        "100:thunderbolt",
        "100:thunderwave",
        "100:trick",
        "100:whirlpool",
        "100:workup",
        "100:lashout"
      ],
      "labels": [
        "gen8",
        "galar_regional"
      ],
      "aspects": [
        "galarian"
      ],
      "height": 4,
      "weight": 175,
      "evolutions": [
        {
          "id": "galarian_zigzagoon_linoone",
          "variant": "level_up",
          "result": "linoone galarian",
          "consumeHeldItem": false,
          "learnableMoves": [
            "nightslash"
          ],
          "requirements": [
            {
              "variant": "level",
              "minLevel": 20
            }
          ]
        }
      ],
      "baseScale": 0.8,
      "hitbox": {
        "width": 0.6,
        "height": 0.4,
        "fixed": false
      },
      "cannotDynamax": false,
      "battleOnly": false,
      "drops": {
        "amount": 1,
        "entries": [
          {
            "item": "cobblemon:chople_berry",
            "percentage": 2.5
          }
        ]
      }
    }
  ],
  "baseExperienceYield": 56,
  "experienceGroup": "medium_fast",
  "eggCycles": 15,
  "eggGroups": [
    "field"
  ],
  "behaviour": {
    "resting": {
      "canSleep": true,
      "willSleepOnBed": true,
      "depth": "normal",
      "light": "0-4"
    }
  },
  "moves": [
    "1:growl",
    "1:tackle",
    "3:sandattack",
    "6:tailwhip",
    "9:covet",
    "12:headbutt",
    "13:odorsleuth",
    "15:babydolleyes",
    "17:mudsport",
    "18:pinmissile",
    "21:rest",
    "24:takedown",
    "25:bestow",
    "27:fling",
    "30:flail",
    "33:bellydrum",
    "36:doubleedge",
    "100:charm",
    "100:extremespeed",
    "100:helpinghand",
    "100:mudslap",
    "100:pursuit",
    "100:rockclimb",
    "100:simplebeam",
    "100:sleeptalk",
    "100:substitute",
    "100:tickle",
    "100:trick",
    "100:attract",
    "100:blizzard",
    "100:bodyslam",
    "100:captivate",
    "100:chargebeam",
    "100:charm",
    "100:confide",
    "100:cut",
    "100:dig",
    "100:doubleteam",
    "100:echoedvoice",
    "100:endure",
    "100:facade",
    "100:fling",
    "100:frustration",
    "100:grassknot",
    "100:gunkshot",
    "100:helpinghand",
    "100:hiddenpower",
    "100:honeclaws",
    "100:hypervoice",
    "100:icebeam",
    "100:icywind",
    "100:irontail",
    "100:mudshot",
    "100:naturalgift",
    "100:pinmissile",
    "100:protect",
    "100:raindance",
    "100:rest",
    "100:retaliate",
    "100:return",
    "100:rocksmash",
    "100:round",
    "100:secretpower",
    "100:seedbomb",
    "100:shadowball",
    "100:shockwave",
    "100:sleeptalk",
    "100:snore",
    "100:substitute",
    "100:sunnyday",
    "100:surf",
    "100:swagger",
    "100:swift",
    "100:tailslap",
    "100:thief",
    "100:thunder",
    "100:thunderbolt",
    "100:thunderwave",
    "100:toxic",
    "100:trick",
    "100:waterpulse",
    "100:whirlpool",
    "100:workup",
    "100:bodyslam",
    "100:covet",
    "100:defensecurl",
    "100:doubleedge",
    "100:endure",
    "100:extremespeed",
    "100:furycutter",
    "100:growl",
    "100:gunkshot",
    "100:headbutt",
    "100:helpinghand",
    "100:hypervoice",
    "100:icywind",
    "100:irontail",
    "100:lastresort",
    "100:mimic",
    "100:mudslap",
    "100:rollout",
    "100:seedbomb",
    "100:shockwave",
    "100:sleeptalk",
    "100:snore",
    "100:substitute",
    "100:superfang",
    "100:swagger",
    "100:swift",
    "100:tackle",
    "100:tailwhip",
    "100:thunderwave",
    "100:trick",
    "100:waterpulse"
  ],
  "labels": [
    "gen3",
    "hoenn_regional"
  ],
  "pokedex": [
    "cobblemon.species.zigzagoon.desc"
  ],
  "evolutions": [
    {
      "id": "zigzagoon_linoone",
      "variant": "level_up",
      "result": "linoone",
      "consumeHeldItem": false,
      "learnableMoves": [
        "slash"
      ],
      "requirements": [
        {
          "variant": "level",
          "minLevel": 20
        }
      ]
    }
  ],
  "baseScale": 0.8,
  "hitbox": {
    "width": 0.6,
    "height": 0.4,
    "fixed": false
  },
  "baseFriendship": 50,
  "evYield": {
    "hp": 0,
    "attack": 0,
    "defence": 0,
    "special_attack": 0,
    "special_defence": 0,
    "speed": 1
  },
  "height": 4,
  "weight": 175,
  "aspects": [],
  "cannotDynamax": false
}
