{
  "implemented": true,
  "name": "Blissey",
  "nationalPokedexNumber": 242,
  "primaryType": "normal",
  "abilities": [
    "naturalcure",
    "serenegrace",
    "h:healer"
  ],
  "baseStats": {
    "hp": 255,
    "attack": 10,
    "defence": 10,
    "special_attack": 75,
    "special_defence": 135,
    "speed": 55
  },
  "catchRate": 30,
  "maleRatio": 0,
  "shoulderMountable": false,
  "baseExperienceYield": 635,
  "experienceGroup": "fast",
  "eggCycles": 40,
  "eggGroups": [
    "fairy"
  ],
  "drops": {
    "amount": 1,
    "entries": [
      {
        "item": "cobblemon:lucky_egg",
        "percentage": 25.0
      },
      {
        "item": "cobblemon:oval_stone",
        "percentage": 25.0
      },
      {
        "item": "minecraft:egg",
        "percentage": 50.0
      }
    ]
  },
  "behaviour": {
    "resting": {
      "canSleep": true,
      "depth": "normal",
      "light": "0-4"
    }
  },
  "moves": [
    "1:charm",
    "1:copycat",
    "1:covet",
    "1:defensecurl",
    "1:disarmingvoice",
    "1:growl",
    "1:minimize",
    "1:pound",
    "1:sweetkiss",
    "4:tailwhip",
    "8:echoedvoice",
    "9:refresh",
    "12:doubleslap",
    "12:lifedew",
    "16:sing",
    "20:bestow",
    "20:fling",
    "24:takedown",
    "28:healpulse",
    "32:helpinghand",
    "36:lightscreen",
    "40:doubleedge",
    "42:eggbomb",
    "44:softboiled",
    "48:lastresort",
    "52:healingwish",
    "100:alluringvoice",
    "100:allyswitch",
    "100:attract",
    "100:avalanche",
    "100:blizzard",
    "100:bodyslam",
    "100:brickbreak",
    "100:bulldoze",
    "100:calmmind",
    "100:captivate",
    "100:chargebeam",
    "100:charm",
    "100:chillingwater",
    "100:confide",
    "100:dazzlinggleam",
    "100:disarmingvoice",
    "100:doubleedge",
    "100:doubleteam",
    "100:drainpunch",
    "100:dreameater",
    "100:earthquake",
    "100:echoedvoice",
    "100:electricterrain",
    "100:endeavor",
    "100:endure",
    "100:facade",
    "100:fireblast",
    "100:firepunch",
    "100:flamethrower",
    "100:flash",
    "100:fling",
    "100:focusblast",
    "100:focuspunch",
    "100:frustration",
    "100:gigaimpact",
    "100:grassknot",
    "100:gravity",
    "100:hail",
    "100:helpinghand",
    "100:hiddenpower",
    "100:hyperbeam",
    "100:hypervoice",
    "100:icebeam",
    "100:icepunch",
    "100:icywind",
    "100:incinerate",
    "100:irontail",
    "100:lightscreen",
    "100:megakick",
    "100:megapunch",
    "100:metronome",
    "100:naturalgift",
    "100:poweruppunch",
    "100:protect",
    "100:psychic",
    "100:psychup",
    "100:raindance",
    "100:recycle",
    "100:rest",
    "100:retaliate",
    "100:return",
    "100:rockclimb",
    "100:rockslide",
    "100:rocksmash",
    "100:rocktomb",
    "100:round",
    "100:safeguard",
    "100:sandstorm",
    "100:secretpower",
    "100:shadowball",
    "100:shockwave",
    "100:skillswap",
    "100:sleeptalk",
    "100:snatch",
    "100:snore",
    "100:snowscape",
    "100:solarbeam",
    "100:stealthrock",
    "100:stompingtantrum",
    "100:storedpower",
    "100:strength",
    "100:substitute",
    "100:sunnyday",
    "100:swagger",
    "100:swift",
    "100:takedown",
    "100:terablast",
    "100:thief",
    "100:thunder",
    "100:thunderbolt",
    "100:thunderpunch",
    "100:thunderwave",
    "100:toxic",
    "100:trailblaze",
    "100:triattack",
    "100:trick",
    "100:uproar",
    "100:waterpulse",
    "100:wildcharge",
    "100:workup",
    "100:zenheadbutt",
    "100:allyswitch",
    "100:attract",
    "100:blizzard",
    "100:block",
    "100:bodyslam",
    "100:counter",
    "100:covet",
    "100:curse",
    "100:defensecurl",
    "100:doubleedge",
    "100:doubleslap",
    "100:doubleteam",
    "100:drainpunch",
    "100:dreameater",
    "100:dynamicpunch",
    "100:eggbomb",
    "100:endeavor",
    "100:endure",
    "100:fireblast",
    "100:firepunch",
    "100:flash",
    "100:focuspunch",
    "100:frustration",
    "100:gravity",
    "100:growl",
    "100:headbutt",
    "100:healbell",
    "100:helpinghand",
    "100:hiddenpower",
    "100:hyperbeam",
    "100:hypervoice",
    "100:icepunch",
    "100:icywind",
    "100:irontail",
    "100:laserfocus",
    "100:lastresort",
    "100:lightscreen",
    "100:megakick",
    "100:megapunch",
    "100:metronome",
    "100:mimic",
    "100:minimize",
    "100:mudslap",
    "100:pound",
    "100:protect",
    "100:psychic",
    "100:raindance",
    "100:recycle",
    "100:refresh",
    "100:rest",
    "100:return",
    "100:rocksmash",
    "100:rollout",
    "100:sandstorm",
    "100:seismictoss",
    "100:shadowball",
    "100:shockwave",
    "100:sing",
    "100:skillswap",
    "100:sleeptalk",
    "100:snatch",
    "100:snore",
    "100:softboiled",
    "100:solarbeam",
    "100:stealthrock",
    "100:stompingtantrum",
    "100:strength",
    "100:substitute",
    "100:sunnyday",
    "100:swagger",
    "100:tailwhip",
    "100:telekinesis",
    "100:thunder",
    "100:thunderpunch",
    "100:thunderwave",
    "100:toxic",
    "100:waterpulse",
    "100:zapcannon",
    "100:zenheadbutt"
  ],
  "labels": [
    "gen2"
  ],
  "pokedex": [
    "cobblemon.species.blissey.desc"
  ],
  "preEvolution": "chansey",
  "evolutions": [],
  "baseScale": 1,
  "hitbox": {
    "width": 1.3,
    "height": 1.7,
    "fixed": false
  },
  "baseFriendship": 140,
  "evYield": {
    "hp": 3,
    "attack": 0,
    "defence": 0,
    "special_attack": 0,
    "special_defence": 0,
    "speed": 0
  },
  "height": 15,
  "weight": 468,
  "aspects": [],
  "cannotDynamax": false
}
