{
  "implemented": true,
  "name": "Chikorita",
  "nationalPokedexNumber": 152,
  "primaryType": "grass",
  "abilities": [
    "overgrow",
    "h:leafguard"
  ],
  "baseStats": {
    "hp": 45,
    "attack": 49,
    "defence": 65,
    "special_attack": 49,
    "special_defence": 65,
    "speed": 45
  },
  "catchRate": 45,
  "maleRatio": 0.875,
  "shoulderMountable": false,
  "baseExperienceYield": 64,
  "experienceGroup": "medium_slow",
  "eggCycles": 20,
  "eggGroups": [
    "monster",
    "grass"
  ],
  "behaviour": {
    "resting": {
      "canSleep": true,
      "willSleepOnBed": true,
      "depth": "normal",
      "light": "0-4"
    },
    "moving": {
      "walk": {
        "walkSpeed": 0.2
      }
    }
  },
  "drops": {
    "amount": 1,
    "entries": [
      {
        "item": "cobblemon:miracle_seed",
        "percentage": 5.0
      }
    ]
  },
  "moves": [
    "1:growl",
    "1:tackle",
    "6:razorleaf",
    "9:poisonpowder",
    "12:synthesis",
    "17:reflect",
    "20:magicalleaf",
    "23:leechseed",
    "23:naturalgift",
    "28:sweetscent",
    "31:lightscreen",
    "34:bodyslam",
    "39:safeguard",
    "42:aromatherapy",
    "42:gigadrain",
    "45:solarbeam",
    "100:ancientpower",
    "100:aromatherapy",
    "100:bodyslam",
    "100:counter",
    "100:flail",
    "100:grasswhistle",
    "100:grassyterrain",
    "100:healpulse",
    "100:ingrain",
    "100:leafstorm",
    "100:leechseed",
    "100:naturepower",
    "100:refresh",
    "100:vinewhip",
    "100:wringout",
    "100:attract",
    "100:bodyslam",
    "100:bulletseed",
    "100:captivate",
    "100:charm",
    "100:confide",
    "100:curse",
    "100:cut",
    "100:doubleedge",
    "100:doubleteam",
    "100:echoedvoice",
    "100:encore",
    "100:endure",
    "100:energyball",
    "100:facade",
    "100:faketears",
    "100:flash",
    "100:frustration",
    "100:gigadrain",
    "100:grassknot",
    "100:grasspledge",
    "100:grassyglide",
    "100:grassyterrain",
    "100:helpinghand",
    "100:hiddenpower",
    "100:irontail",
    "100:leafstorm",
    "100:lightscreen",
    "100:magicalleaf",
    "100:mudslap",
    "100:naturalgift",
    "100:naturepower",
    "100:protect",
    "100:reflect",
    "100:rest",
    "100:return",
    "100:round",
    "100:safeguard",
    "100:secretpower",
    "100:seedbomb",
    "100:sleeptalk",
    "100:solarbeam",
    "100:solarblade",
    "100:substitute",
    "100:sunnyday",
    "100:swagger",
    "100:swordsdance",
    "100:takedown",
    "100:terablast",
    "100:toxic",
    "100:trailblaze",
    "100:workup",
    "100:ancientpower",
    "100:attract",
    "100:bodyslam",
    "100:counter",
    "100:curse",
    "100:cut",
    "100:detect",
    "100:doubleedge",
    "100:doubleteam",
    "100:endure",
    "100:flail",
    "100:flash",
    "100:frenzyplant",
    "100:frustration",
    "100:furycutter",
    "100:gigadrain",
    "100:grasspledge",
    "100:growl",
    "100:headbutt",
    "100:hiddenpower",
    "100:irontail",
    "100:leechseed",
    "100:lightscreen",
    "100:magiccoat",
    "100:mimic",
    "100:mudslap",
    "100:poisonpowder",
    "100:protect",
    "100:razorleaf",
    "100:reflect",
    "100:rest",
    "100:return",
    "100:safeguard",
    "100:seedbomb",
    "100:sleeptalk",
    "100:snore",
    "100:solarbeam",
    "100:substitute",
    "100:sunnyday",
    "100:swagger",
    "100:sweetscent",
    "100:swordsdance",
    "100:synthesis",
    "100:tackle",
    "100:toxic",
    "100:vinewhip",
    "100:worryseed"
  ],
  "labels": [
    "gen2"
  ],
  "pokedex": [
    "cobblemon.species.chikorita.desc"
  ],
  "evolutions": [
    {
      "id": "chikorita_bayleef",
      "variant": "level_up",
      "result": "bayleef",
      "consumeHeldItem": false,
      "learnableMoves": [],
      "requirements": [
        {
          "variant": "level",
          "minLevel": 16
        }
      ]
    }
  ],
  "baseScale": 0.6,
  "hitbox": {
    "width": 0.7,
    "height": 1.1,
    "fixed": false
  },
  "baseFriendship": 70,
  "evYield": {
    "hp": 0,
    "attack": 0,
    "defence": 0,
    "special_attack": 0,
    "special_defence": 1,
    "speed": 0
  },
  "height": 9,
  "weight": 64,
  "aspects": [],
  "cannotDynamax": false
}
