{
  "implemented": true,
  "name": "Chinchou",
  "nationalPokedexNumber": 170,
  "primaryType": "water",
  "secondaryType": "electric",
  "abilities": [
    "voltabsorb",
    "illuminate",
    "h:waterabsorb"
  ],
  "drops": {
    "amount": 3,
    "entries": [
      {
        "item": "minecraft:prismarine_crystals",
        "quantityRange": "0-1"
      },
      {
        "item": "cobblemon:deep_sea_scale",
        "percentage": 2.5
      },
      {
        "item": "cobblemon:persim_berry",
        "percentage": 2.5
      }
    ]
  },
  "baseStats": {
    "hp": 75,
    "attack": 38,
    "defence": 38,
    "special_attack": 56,
    "special_defence": 56,
    "speed": 67
  },
  "catchRate": 190,
  "maleRatio": 0.5,
  "shoulderMountable": false,
  "baseExperienceYield": 66,
  "experienceGroup": "slow",
  "eggCycles": 20,
  "eggGroups": [
    "water_2"
  ],
  "behaviour": {
    "moving": {
      "canLook": false,
      "walk": {
        "walkSpeed": 0.3
      },
      "swim": {
        "swimSpeed": 0.15,
        "canSwimInWater": true,
        "canBreatheUnderwater": true
      }
    },
    "resting": {
      "canSleep": true,
      "willSleepOnBed": false,
      "depth": "normal",
      "light": "0-4"
    }
  },
  "moves": [
    "1:bubble",
    "1:supersonic",
    "1:watergun",
    "4:electroball",
    "8:thunderwave",
    "12:bubblebeam",
    "16:confuseray",
    "20:spark",
    "24:charge",
    "28:discharge",
    "28:signalbeam",
    "32:aquaring",
    "36:flail",
    "40:takedown",
    "44:hydropump",
    "47:iondeluge",
    "100:agility",
    "100:amnesia",
    "100:brine",
    "100:flail",
    "100:mist",
    "100:psybeam",
    "100:screech",
    "100:shockwave",
    "100:soak",
    "100:suckerpunch",
    "100:waterpulse",
    "100:whirlpool",
    "100:agility",
    "100:amnesia",
    "100:attract",
    "100:blizzard",
    "100:bounce",
    "100:brine",
    "100:captivate",
    "100:charge",
    "100:chargebeam",
    "100:chillingwater",
    "100:confide",
    "100:confuseray",
    "100:curse",
    "100:dazzlinggleam",
    "100:dive",
    "100:doubleedge",
    "100:doubleteam",
    "100:eerieimpulse",
    "100:electricterrain",
    "100:electroball",
    "100:electroweb",
    "100:endure",
    "100:facade",
    "100:flash",
    "100:flipturn",
    "100:frustration",
    "100:hail",
    "100:hiddenpower",
    "100:hydropump",
    "100:icebeam",
    "100:icywind",
    "100:liquidation",
    "100:muddywater",
    "100:naturalgift",
    "100:protect",
    "100:psybeam",
    "100:raindance",
    "100:rest",
    "100:return",
    "100:round",
    "100:scald",
    "100:screech",
    "100:secretpower",
    "100:shockwave",
    "100:sleeptalk",
    "100:snore",
    "100:substitute",
    "100:surf",
    "100:swagger",
    "100:takedown",
    "100:terablast",
    "100:thunder",
    "100:thunderbolt",
    "100:thunderwave",
    "100:toxic",
    "100:voltswitch",
    "100:waterfall",
    "100:waterpulse",
    "100:whirlpool",
    "100:wildcharge",
    "100:amnesia",
    "100:attract",
    "100:bounce",
    "100:bubble",
    "100:confuseray",
    "100:curse",
    "100:dive",
    "100:doubleedge",
    "100:doubleteam",
    "100:endure",
    "100:flail",
    "100:flash",
    "100:frustration",
    "100:healbell",
    "100:hiddenpower",
    "100:hydropump",
    "100:icywind",
    "100:mimic",
    "100:protect",
    "100:raindance",
    "100:rest",
    "100:return",
    "100:risingvoltage",
    "100:screech",
    "100:shockwave",
    "100:signalbeam",
    "100:sleeptalk",
    "100:snore",
    "100:spark",
    "100:substitute",
    "100:suckerpunch",
    "100:supersonic",
    "100:surf",
    "100:swagger",
    "100:takedown",
    "100:thunder",
    "100:thunderwave",
    "100:toxic",
    "100:waterfall",
    "100:watergun",
    "100:waterpulse",
    "100:whirlpool",
    "100:zapcannon"
  ],
  "labels": [
    "gen2"
  ],
  "pokedex": [
    "cobblemon.species.chinchou.desc"
  ],
  "evolutions": [
    {
      "id": "chinchou_lanturn",
      "variant": "level_up",
      "result": "lanturn",
      "consumeHeldItem": false,
      "learnableMoves": [
        "spitup",
        "stockpile",
        "swallow"
      ],
      "requirements": [
        {
          "variant": "level",
          "minLevel": 27
        }
      ]
    }
  ],
  "baseScale": 0.6,
  "hitbox": {
    "width": 1,
    "height": 1,
    "fixed": false
  },
  "baseFriendship": 50,
  "evYield": {
    "hp": 1,
    "attack": 0,
    "defence": 0,
    "special_attack": 0,
    "special_defence": 0,
    "speed": 0
  },
  "height": 5,
  "weight": 120,
  "aspects": [],
  "cannotDynamax": false
}
