{
  "implemented": true,
  "name": "Cyndaquil",
  "nationalPokedexNumber": 155,
  "primaryType": "fire",
  "abilities": [
    "blaze",
    "h:flashfire"
  ],
  "drops": {
    "amount": 1,
    "entries": [
      {
        "item": "cobblemon:charcoal_stick",
        "percentage": 5.0
      }
    ]
  },
  "features": ["region_bias"],
  "forms": [
    {
      "name": "Hisui Bias",
      "primaryType": "fire",
      "abilities": [
        "blaze",
        "h:flashfire"
      ],
      "drops": {
        "amount": 1,
        "entries": [
          {
            "item": "cobblemon:charcoal_stick",
            "percentage": 5.0
          }
        ]
      },
      "baseStats": {
        "hp": 39,
        "attack": 52,
        "defence": 43,
        "special_attack": 60,
        "special_defence": 50,
        "speed": 65
      },
      "catchRate": 45,
      "maleRatio": 0.875,
      "shoulderMountable": false,
      "baseExperienceYield": 62,
      "experienceGroup": "medium_slow",
      "eggCycles": 20,
      "eggGroups": [
        "field"
      ],
      "behaviour": {
        "resting": {
          "canSleep": true,
          "willSleepOnBed": true,
          "depth": "normal",
          "light": "0-4"
        },
        "moving": {
          "walk": {
            "walkSpeed": 0.2
          }
        }
      },
      "moves": [
        "1:leer",
        "1:tackle",
        "6:smokescreen",
        "10:ember",
        "13:quickattack",
        "19:flamewheel",
        "22:defensecurl",
        "28:flamecharge",
        "31:swift",
        "37:lavaplume",
        "40:flamethrower",
        "46:inferno",
        "49:rollout",
        "55:doubleedge",
        "58:burnup",
        "58:overheat",
        "64:eruption",
        "100:covet",
        "100:crushclaw",
        "100:curse",
        "100:doubleedge",
        "100:doublekick",
        "100:extrasensory",
        "100:flameburst",
        "100:flareblitz",
        "100:foresight",
        "100:furyswipes",
        "100:howl",
        "100:naturepower",
        "100:quickattack",
        "100:reversal",
        "100:thrash",
        "100:aerialace",
        "100:attract",
        "100:bodyslam",
        "100:burningjealousy",
        "100:captivate",
        "100:confide",
        "100:curse",
        "100:cut",
        "100:dig",
        "100:doubleedge",
        "100:doubleteam",
        "100:endure",
        "100:facade",
        "100:fireblast",
        "100:firefang",
        "100:firepledge",
        "100:firespin",
        "100:flamecharge",
        "100:flamethrower",
        "100:flareblitz",
        "100:frustration",
        "100:heatwave",
        "100:hiddenpower",
        "100:incinerate",
        "100:ironhead",
        "100:naturalgift",
        "100:naturepower",
        "100:overheat",
        "100:playrough",
        "100:protect",
        "100:rest",
        "100:return",
        "100:reversal",
        "100:roar",
        "100:round",
        "100:secretpower",
        "100:sleeptalk",
        "100:substitute",
        "100:sunnyday",
        "100:swagger",
        "100:swift",
        "100:takedown",
        "100:temperflare",
        "100:terablast",
        "100:toxic",
        "100:wildcharge",
        "100:willowisp",
        "100:workup",
        "100:zenheadbutt",
        "100:attract",
        "100:blastburn",
        "100:bodyslam",
        "100:covet",
        "100:curse",
        "100:cut",
        "100:defensecurl",
        "100:detect",
        "100:dig",
        "100:doubleedge",
        "100:doubleteam",
        "100:ember",
        "100:endure",
        "100:fireblast",
        "100:firepledge",
        "100:flamethrower",
        "100:flamewheel",
        "100:foresight",
        "100:frustration",
        "100:furyswipes",
        "100:headbutt",
        "100:heatwave",
        "100:hiddenpower",
        "100:irontail",
        "100:leer",
        "100:mimic",
        "100:mudslap",
        "100:protect",
        "100:quickattack",
        "100:rest",
        "100:return",
        "100:reversal",
        "100:rollout",
        "100:sleeptalk",
        "100:smokescreen",
        "100:snore",
        "100:submission",
        "100:substitute",
        "100:sunnyday",
        "100:swagger",
        "100:swift",
        "100:tackle",
        "100:thrash",
        "100:toxic"
      ],
      "labels": [
        "gen2",
        "hisui_regional"
      ],
      "evolutions": [
        {
          "id": "hisui_cyndaquil_hisui_quilava",
          "variant": "level_up",
          "result": "quilava region_bias=hisui",
          "consumeHeldItem": false,
          "learnableMoves": [],
          "requirements": [
            {
              "variant": "level",
              "minLevel": 14
            }
          ]
        },
        {
          "id": "hisui_cyndaquil_quilava",
          "variant": "level_up",
          "result": "quilava region_bias=johto",
          "consumeHeldItem": false,
          "learnableMoves": [],
          "requirements": [
            {
              "variant": "level",
              "minLevel": 14
            },
            {
              "variant": "biome",
              "biomeCondition": "#cobblemon:is_temperate"
            },
            {
              "variant": "biome",
              "biomeAnticondition": "#cobblemon:is_spooky"
            }
          ]
        }
      ],
      "baseScale": 0.5,
      "hitbox": {
        "width": 0.8,
        "height": 1.15,
        "fixed": false
      },
      "baseFriendship": 70,
      "evYield": {
        "hp": 0,
        "attack": 0,
        "defence": 0,
        "special_attack": 0,
        "special_defence": 0,
        "speed": 1
      },
      "height": 5,
      "weight": 79,
      "aspects": ["region-bias-hisui"],
      "cannotDynamax": false
    }
  ],
  "baseStats": {
    "hp": 39,
    "attack": 52,
    "defence": 43,
    "special_attack": 60,
    "special_defence": 50,
    "speed": 65
  },
  "catchRate": 45,
  "maleRatio": 0.875,
  "shoulderMountable": false,
  "baseExperienceYield": 62,
  "experienceGroup": "medium_slow",
  "eggCycles": 20,
  "eggGroups": [
    "field"
  ],
  "behaviour": {
    "resting": {
      "canSleep": true,
      "willSleepOnBed": true,
      "depth": "normal",
      "light": "0-4"
    },
    "moving": {
      "walk": {
        "walkSpeed": 0.2
      }
    }
  },
  "moves": [
    "1:leer",
    "1:tackle",
    "6:smokescreen",
    "10:ember",
    "13:quickattack",
    "19:flamewheel",
    "22:defensecurl",
    "28:flamecharge",
    "31:swift",
    "37:lavaplume",
    "40:flamethrower",
    "46:inferno",
    "49:rollout",
    "55:doubleedge",
    "58:burnup",
    "58:overheat",
    "64:eruption",
    "100:covet",
    "100:crushclaw",
    "100:curse",
    "100:doubleedge",
    "100:doublekick",
    "100:extrasensory",
    "100:flameburst",
    "100:flareblitz",
    "100:foresight",
    "100:furyswipes",
    "100:howl",
    "100:naturepower",
    "100:quickattack",
    "100:reversal",
    "100:thrash",
    "100:aerialace",
    "100:attract",
    "100:bodyslam",
    "100:burningjealousy",
    "100:captivate",
    "100:confide",
    "100:curse",
    "100:cut",
    "100:dig",
    "100:doubleedge",
    "100:doubleteam",
    "100:endure",
    "100:facade",
    "100:fireblast",
    "100:firefang",
    "100:firepledge",
    "100:firespin",
    "100:flamecharge",
    "100:flamethrower",
    "100:flareblitz",
    "100:frustration",
    "100:heatwave",
    "100:hiddenpower",
    "100:incinerate",
    "100:ironhead",
    "100:naturalgift",
    "100:naturepower",
    "100:overheat",
    "100:playrough",
    "100:protect",
    "100:rest",
    "100:return",
    "100:reversal",
    "100:roar",
    "100:round",
    "100:secretpower",
    "100:sleeptalk",
    "100:substitute",
    "100:sunnyday",
    "100:swagger",
    "100:swift",
    "100:takedown",
    "100:temperflare",
    "100:terablast",
    "100:toxic",
    "100:wildcharge",
    "100:willowisp",
    "100:workup",
    "100:zenheadbutt",
    "100:attract",
    "100:blastburn",
    "100:bodyslam",
    "100:covet",
    "100:curse",
    "100:cut",
    "100:defensecurl",
    "100:detect",
    "100:dig",
    "100:doubleedge",
    "100:doubleteam",
    "100:ember",
    "100:endure",
    "100:fireblast",
    "100:firepledge",
    "100:flamethrower",
    "100:flamewheel",
    "100:foresight",
    "100:frustration",
    "100:furyswipes",
    "100:headbutt",
    "100:heatwave",
    "100:hiddenpower",
    "100:irontail",
    "100:leer",
    "100:mimic",
    "100:mudslap",
    "100:protect",
    "100:quickattack",
    "100:rest",
    "100:return",
    "100:reversal",
    "100:rollout",
    "100:sleeptalk",
    "100:smokescreen",
    "100:snore",
    "100:submission",
    "100:substitute",
    "100:sunnyday",
    "100:swagger",
    "100:swift",
    "100:tackle",
    "100:thrash",
    "100:toxic"
  ],
  "labels": [
    "gen2"
  ],
  "pokedex": [
    "cobblemon.species.cyndaquil.desc"
  ],
  "evolutions": [
    {
      "id": "cyndaquil_quilava",
      "variant": "level_up",
      "result": "quilava",
      "consumeHeldItem": false,
      "learnableMoves": [],
      "requirements": [
        {
          "variant": "level",
          "minLevel": 14
        }
      ]
    },
    {
      "id": "cyndaquil_hisui_quilava",
      "variant": "level_up",
      "result": "quilava region_bias=hisui",
      "consumeHeldItem": false,
      "learnableMoves": [],
      "requirements": [
        {
          "variant": "level",
          "minLevel": 14
        },
        {
          "variant": "biome",
          "biomeCondition": "#cobblemon:evolution/cyndaquil_quilava_hisui_bias"
        }
      ]
    }
  ],
  "baseScale": 0.5,
  "hitbox": {
    "width": 0.8,
    "height": 1.15,
    "fixed": false
  },
  "baseFriendship": 70,
  "evYield": {
    "hp": 0,
    "attack": 0,
    "defence": 0,
    "special_attack": 0,
    "special_defence": 0,
    "speed": 1
  },
  "height": 5,
  "weight": 79,
  "aspects": [],
  "cannotDynamax": false
}
