{
  "name": "Delibird",
  "nationalPokedexNumber": 225,
  "primaryType": "ice",
  "secondaryType": "flying",
  "abilities": [
    "vitalspirit",
    "hustle",
    "h:insomnia"
  ],
  "baseStats": {
    "hp": 45,
    "attack": 55,
    "defence": 45,
    "special_attack": 65,
    "special_defence": 45,
    "speed": 75
  },
  "catchRate": 45,
  "maleRatio": 0.5,
  "shoulderMountable": false,
  "baseExperienceYield": 116,
  "experienceGroup": "fast",
  "eggCycles": 20,
  "eggGroups": [
    "water_1",
    "field"
  ],
  "moves": [
    "1:present",
    "25:drillpeck",
    "100:aurorabeam",
    "100:auroraveil",
    "100:bestow",
    "100:counter",
    "100:destinybond",
    "100:fakeout",
    "100:freezedry",
    "100:futuresight",
    "100:iceball",
    "100:icepunch",
    "100:iceshard",
    "100:icywind",
    "100:memento",
    "100:quickattack",
    "100:rapidspin",
    "100:spikes",
    "100:splash",
    "100:acrobatics",
    "100:aerialace",
    "100:agility",
    "100:aircutter",
    "100:airslash",
    "100:assurance",
    "100:attract",
    "100:auroraveil",
    "100:avalanche",
    "100:batonpass",
    "100:blizzard",
    "100:bodyslam",
    "100:bounce",
    "100:bravebird",
    "100:brickbreak",
    "100:brutalswing",
    "100:captivate",
    "100:chillingwater",
    "100:confide",
    "100:defog",
    "100:doubleteam",
    "100:drillrun",
    "100:dualwingbeat",
    "100:endeavor",
    "100:endure",
    "100:facade",
    "100:featherdance",
    "100:fling",
    "100:fly",
    "100:focuspunch",
    "100:foulplay",
    "100:frostbreath",
    "100:frustration",
    "100:futuresight",
    "100:gigaimpact",
    "100:gunkshot",
    "100:hail",
    "100:haze",
    "100:helpinghand",
    "100:hiddenpower",
    "100:hyperbeam",
    "100:icebeam",
    "100:icepunch",
    "100:icespinner",
    "100:iciclespear",
    "100:icywind",
    "100:megakick",
    "100:megapunch",
    "100:naturalgift",
    "100:pluck",
    "100:poweruppunch",
    "100:protect",
    "100:raindance",
    "100:recycle",
    "100:rest",
    "100:return",
    "100:reversal",
    "100:round",
    "100:secretpower",
    "100:seedbomb",
    "100:sleeptalk",
    "100:snore",
    "100:snowscape",
    "100:spikes",
    "100:steelwing",
    "100:substitute",
    "100:swagger",
    "100:swift",
    "100:tailwind",
    "100:takedown",
    "100:terablast",
    "100:thief",
    "100:toxic",
    "100:trailblaze",
    "100:tripleaxel",
    "100:waterpulse",
    "100:weatherball",
    "100:attract",
    "100:aurorabeam",
    "100:blizzard",
    "100:bodyslam",
    "100:bounce",
    "100:counter",
    "100:curse",
    "100:defog",
    "100:detect",
    "100:doubleedge",
    "100:doubleteam",
    "100:dualwingbeat",
    "100:endure",
    "100:fly",
    "100:focuspunch",
    "100:frustration",
    "100:futuresight",
    "100:gunkshot",
    "100:happyhour",
    "100:headbutt",
    "100:hiddenpower",
    "100:icepunch",
    "100:iceshard",
    "100:icywind",
    "100:megakick",
    "100:megapunch",
    "100:mimic",
    "100:mudslap",
    "100:present",
    "100:protect",
    "100:quickattack",
    "100:raindance",
    "100:rapidspin",
    "100:recycle",
    "100:rest",
    "100:return",
    "100:rollout",
    "100:seedbomb",
    "100:seismictoss",
    "100:signalbeam",
    "100:skyattack",
    "100:sleeptalk",
    "100:snore",
    "100:splash",
    "100:substitute",
    "100:swagger",
    "100:swift",
    "100:thief",
    "100:toxic",
    "100:tripleaxel",
    "100:waterpulse"
  ],
  "labels": [
    "gen2"
  ],
  "pokedex": [
    "cobblemon.species.delibird.desc"
  ],
  "evolutions": [],
  "baseScale": 1,
  "hitbox": {
    "width": 1,
    "height": 1,
    "fixed": false
  },
  "baseFriendship": 50,
  "evYield": {
    "hp": 0,
    "attack": 0,
    "defence": 0,
    "special_attack": 0,
    "special_defence": 0,
    "speed": 1
  },
  "height": 9,
  "weight": 160,
  "aspects": [],
  "cannotDynamax": false,
  "drops": {
    "amount": 4,
    "entries": [
      {
        "item": "minecraft:feather",
        "quantityRange": "0-2"
      },
      {
        "item": "minecraft:chicken"
      },
      {
        "item": "cobblemon:charti_berry",
        "percentage": 5.0
      }
    ]
  }
}
