{
  "implemented": true,
  "name": "Forretress",
  "nationalPokedexNumber": 205,
  "primaryType": "bug",
  "secondaryType": "steel",
  "abilities": [
    "sturdy",
    "h:overcoat"
  ],
  "baseStats": {
    "hp": 75,
    "attack": 90,
    "defence": 140,
    "special_attack": 60,
    "special_defence": 60,
    "speed": 40
  },
  "features": [
    "shulker"
  ],
  "behaviour": {
    "resting": {
      "canSleep": true,
      "willSleepOnBed": true,
      "depth": "normal",
      "light": "0-4"
    }
  },
  "catchRate": 75,
  "maleRatio": 0.5,
  "shoulderMountable": false,
  "baseExperienceYield": 163,
  "experienceGroup": "medium_fast",
  "eggCycles": 20,
  "eggGroups": [
    "bug"
  ],
  "drops": {
    "amount": 4,
    "entries": [
      {
        "item": "minecraft:string",
        "quantityRange": "0-2"
      },
      {
        "item": "cobblemon:occa_berry",
        "percentage": 5.0
      },
      {
        "item": "cobblemon:iron_ball",
        "percentage": 5.0
      }
    ]
  },
  "moves": [
    "1:autotomize",
    "1:bugbite",
    "1:heavyslam",
    "1:magnetrise",
    "1:mirrorshot",
    "1:protect",
    "1:selfdestruct",
    "1:tackle",
    "1:toxicspikes",
    "1:zapcannon",
    "12:takedown",
    "17:rapidspin",
    "20:bide",
    "20:rollout",
    "23:curse",
    "23:naturalgift",
    "28:spikes",
    "32:payback",
    "36:explosion",
    "42:irondefense",
    "46:gyroball",
    "50:doubleedge",
    "100:attract",
    "100:bodypress",
    "100:bodyslam",
    "100:bugbite",
    "100:bugbuzz",
    "100:bulldoze",
    "100:captivate",
    "100:confide",
    "100:curse",
    "100:dig",
    "100:doubleedge",
    "100:doubleteam",
    "100:drillrun",
    "100:earthpower",
    "100:earthquake",
    "100:endure",
    "100:explosion",
    "100:facade",
    "100:flashcannon",
    "100:frustration",
    "100:gigadrain",
    "100:gigaimpact",
    "100:gravity",
    "100:gyroball",
    "100:hardpress",
    "100:heavyslam",
    "100:helpinghand",
    "100:hiddenpower",
    "100:hyperbeam",
    "100:icespinner",
    "100:irondefense",
    "100:ironhead",
    "100:lightscreen",
    "100:lunge",
    "100:metalsound",
    "100:naturalgift",
    "100:painsplit",
    "100:payback",
    "100:poisonjab",
    "100:pounce",
    "100:protect",
    "100:raindance",
    "100:reflect",
    "100:rest",
    "100:return",
    "100:reversal",
    "100:rockblast",
    "100:rockpolish",
    "100:rockslide",
    "100:rocksmash",
    "100:rocktomb",
    "100:round",
    "100:sandstorm",
    "100:sandtomb",
    "100:secretpower",
    "100:seedbomb",
    "100:sleeptalk",
    "100:smartstrike",
    "100:solarbeam",
    "100:spikes",
    "100:stealthrock",
    "100:steelbeam",
    "100:stoneedge",
    "100:strength",
    "100:strugglebug",
    "100:substitute",
    "100:sunnyday",
    "100:swagger",
    "100:swift",
    "100:takedown",
    "100:terablast",
    "100:thunderwave",
    "100:toxic",
    "100:toxicspikes",
    "100:venoshock",
    "100:voltswitch",
    "100:allyswitch",
    "100:attract",
    "100:bide",
    "100:block",
    "100:bodyslam",
    "100:bugbite",
    "100:counter",
    "100:curse",
    "100:defensecurl",
    "100:doubleedge",
    "100:doubleteam",
    "100:drillrun",
    "100:endure",
    "100:explosion",
    "100:frustration",
    "100:gigadrain",
    "100:gravity",
    "100:headbutt",
    "100:hiddenpower",
    "100:hyperbeam",
    "100:irondefense",
    "100:laserfocus",
    "100:magnetrise",
    "100:mimic",
    "100:painsplit",
    "100:protect",
    "100:rapidspin",
    "100:rest",
    "100:return",
    "100:rockslide",
    "100:rocksmash",
    "100:rollout",
    "100:sandstorm",
    "100:selfdestruct",
    "100:signalbeam",
    "100:sleeptalk",
    "100:snore",
    "100:solarbeam",
    "100:spikes",
    "100:stealthrock",
    "100:strength",
    "100:stringshot",
    "100:substitute",
    "100:sunnyday",
    "100:swagger",
    "100:sweetscent",
    "100:tackle",
    "100:takedown",
    "100:telekinesis",
    "100:toxic"
  ],
  "labels": [
    "gen2"
  ],
  "pokedex": [
    "cobblemon.species.forretress.desc"
  ],
  "preEvolution": "pineco",
  "evolutions": [],
  "baseScale": 0.7,
  "hitbox": {
    "width": 1.25,
    "height": 1.7,
    "fixed": false
  },
  "baseFriendship": 70,
  "evYield": {
    "hp": 0,
    "attack": 0,
    "defence": 2,
    "special_attack": 0,
    "special_defence": 0,
    "speed": 0
  },
  "height": 12,
  "weight": 1258,
  "aspects": [],
  "cannotDynamax": false
}
