{
  "implemented": true,
  "name": "Furret",
  "nationalPokedexNumber": 162,
  "primaryType": "normal",
  "abilities": [
    "runaway",
    "keeneye",
    "h:frisk"
  ],
  "baseStats": {
    "hp": 85,
    "attack": 76,
    "defence": 64,
    "special_attack": 45,
    "special_defence": 55,
    "speed": 90
  },
  "catchRate": 90,
  "maleRatio": 0.5,
  "shoulderMountable": false,
  "baseExperienceYield": 145,
  "experienceGroup": "medium_fast",
  "eggCycles": 15,
  "eggGroups": [
    "field"
  ],
  "moves": [
    "1:agility",
    "1:coil",
    "1:defensecurl",
    "1:foresight",
    "1:quickattack",
    "1:scratch",
    "13:furyswipes",
    "17:helpinghand",
    "21:followme",
    "28:slam",
    "32:rest",
    "36:suckerpunch",
    "42:amnesia",
    "46:batonpass",
    "50:doubleedge",
    "50:mefirst",
    "56:hypervoice",
    "100:agility",
    "100:amnesia",
    "100:attract",
    "100:batonpass",
    "100:blizzard",
    "100:bodyslam",
    "100:brickbreak",
    "100:brutalswing",
    "100:captivate",
    "100:chargebeam",
    "100:charm",
    "100:chillingwater",
    "100:confide",
    "100:cut",
    "100:dig",
    "100:doubleedge",
    "100:doubleteam",
    "100:echoedvoice",
    "100:endeavor",
    "100:endure",
    "100:facade",
    "100:firepunch",
    "100:flamethrower",
    "100:fling",
    "100:focusblast",
    "100:focuspunch",
    "100:frustration",
    "100:gigaimpact",
    "100:grassknot",
    "100:helpinghand",
    "100:hiddenpower",
    "100:honeclaws",
    "100:hyperbeam",
    "100:hypervoice",
    "100:icebeam",
    "100:icepunch",
    "100:irontail",
    "100:knockoff",
    "100:naturalgift",
    "100:playrough",
    "100:poweruppunch",
    "100:protect",
    "100:raindance",
    "100:rest",
    "100:retaliate",
    "100:return",
    "100:reversal",
    "100:rocksmash",
    "100:round",
    "100:secretpower",
    "100:seedbomb",
    "100:shadowball",
    "100:shadowclaw",
    "100:shockwave",
    "100:sleeptalk",
    "100:solarbeam",
    "100:strength",
    "100:substitute",
    "100:sunnyday",
    "100:superfang",
    "100:surf",
    "100:swagger",
    "100:swift",
    "100:takedown",
    "100:terablast",
    "100:thief",
    "100:thunder",
    "100:thunderbolt",
    "100:thunderpunch",
    "100:toxic",
    "100:trailblaze",
    "100:trick",
    "100:uproar",
    "100:uturn",
    "100:waterpulse",
    "100:whirlpool",
    "100:workup",
    "100:zenheadbutt",
    "100:amnesia",
    "100:aquatail",
    "100:attract",
    "100:bodyslam",
    "100:covet",
    "100:curse",
    "100:cut",
    "100:defensecurl",
    "100:detect",
    "100:dig",
    "100:doubleedge",
    "100:doubleteam",
    "100:dynamicpunch",
    "100:endure",
    "100:firepunch",
    "100:focuspunch",
    "100:frustration",
    "100:furycutter",
    "100:furyswipes",
    "100:headbutt",
    "100:helpinghand",
    "100:hiddenpower",
    "100:hyperbeam",
    "100:hypervoice",
    "100:icepunch",
    "100:irontail",
    "100:knockoff",
    "100:lastresort",
    "100:mimic",
    "100:mudslap",
    "100:protect",
    "100:quickattack",
    "100:rest",
    "100:return",
    "100:rollout",
    "100:scratch",
    "100:shadowball",
    "100:shockwave",
    "100:slam",
    "100:sleeptalk",
    "100:snore",
    "100:strength",
    "100:substitute",
    "100:suckerpunch",
    "100:sunnyday",
    "100:superfang",
    "100:surf",
    "100:swagger",
    "100:swift",
    "100:thief",
    "100:thunderpunch",
    "100:toxic",
    "100:trick",
    "100:uproar",
    "100:waterpulse"
  ],
  "labels": [
    "gen2"
  ],
  "pokedex": [
    "cobblemon.species.furret.desc"
  ],
  "preEvolution": "sentret",
  "evolutions": [],
  "baseScale": 1,
  "hitbox": {
    "width": 0.85,
    "height": 1.42,
    "fixed": false
  },
  "baseFriendship": 70,
  "evYield": {
    "hp": 0,
    "attack": 0,
    "defence": 0,
    "special_attack": 0,
    "special_defence": 0,
    "speed": 2
  },
  "height": 18,
  "weight": 325,
  "aspects": [],
  "cannotDynamax": false,
  "drops": {
    "amount": 2,
    "entries": [
      {
        "item": "cobblemon:silk_scarf",
        "percentage": 5.0
      },
      {
        "item": "cobblemon:oran_berry",
        "percentage": 5.0
      }
    ]
  }
}
