{
  "implemented": true,
  "name": "Gligar",
  "nationalPokedexNumber": 207,
  "primaryType": "ground",
  "secondaryType": "flying",
  "abilities": [
    "hypercutter",
    "sandveil",
    "h:immunity"
  ],
  "drops": {
    "amount": 4,
    "entries": [
      {
        "item": "minecraft:phantom_membrane",
        "percentage": 2.5
      },
      {
        "item": "cobblemon:razor_fang",
        "percentage": 2.5
      },
      {
        "item": "cobblemon:poison_barb",
        "percentage": 2.5
      },
      {
        "item": "cobblemon:yache_berry",
        "percentage": 2.5
      }
    ]
  },
  "baseStats": {
    "hp": 65,
    "attack": 75,
    "defence": 105,
    "special_attack": 35,
    "special_defence": 65,
    "speed": 85
  },
  "catchRate": 60,
  "maleRatio": 0.5,
  "shoulderMountable": false,
  "baseExperienceYield": 86,
  "experienceGroup": "medium_slow",
  "eggCycles": 20,
  "eggGroups": [
    "bug"
  ],
  "moves": [
    "1:poisonsting",
    "4:sandattack",
    "7:harden",
    "10:knockoff",
    "13:quickattack",
    "16:furycutter",
    "19:feintattack",
    "19:poisontail",
    "22:acrobatics",
    "27:slash",
    "30:uturn",
    "35:screech",
    "40:xscissor",
    "45:crabhammer",
    "45:skyuppercut",
    "50:swordsdance",
    "55:guillotine",
    "100:agility",
    "100:batonpass",
    "100:counter",
    "100:crosspoison",
    "100:doubleedge",
    "100:feint",
    "100:metalclaw",
    "100:nightslash",
    "100:poisontail",
    "100:powertrick",
    "100:razorwind",
    "100:rockclimb",
    "100:sandtomb",
    "100:wingattack",
    "100:acrobatics",
    "100:aerialace",
    "100:agility",
    "100:attract",
    "100:batonpass",
    "100:breakingswipe",
    "100:brickbreak",
    "100:bulldoze",
    "100:captivate",
    "100:confide",
    "100:crunch",
    "100:cut",
    "100:darkpulse",
    "100:defog",
    "100:dig",
    "100:doubleedge",
    "100:doubleteam",
    "100:dualwingbeat",
    "100:earthpower",
    "100:earthquake",
    "100:endure",
    "100:facade",
    "100:falseswipe",
    "100:firefang",
    "100:fling",
    "100:frustration",
    "100:gunkshot",
    "100:hiddenpower",
    "100:highhorsepower",
    "100:honeclaws",
    "100:icefang",
    "100:irontail",
    "100:knockoff",
    "100:lunge",
    "100:metalclaw",
    "100:mudshot",
    "100:mudslap",
    "100:naturalgift",
    "100:payback",
    "100:poisonjab",
    "100:poisontail",
    "100:protect",
    "100:psychicfangs",
    "100:raindance",
    "100:rest",
    "100:return",
    "100:rockpolish",
    "100:rockslide",
    "100:rocksmash",
    "100:rocktomb",
    "100:roost",
    "100:round",
    "100:sandstorm",
    "100:sandtomb",
    "100:scaleshot",
    "100:scaryface",
    "100:secretpower",
    "100:skittersmack",
    "100:sleeptalk",
    "100:sludgebomb",
    "100:spikes",
    "100:stealthrock",
    "100:steelwing",
    "100:stoneedge",
    "100:strength",
    "100:strugglebug",
    "100:substitute",
    "100:sunnyday",
    "100:swagger",
    "100:swift",
    "100:swordsdance",
    "100:tailwind",
    "100:takedown",
    "100:taunt",
    "100:terablast",
    "100:thief",
    "100:throatchop",
    "100:thunderfang",
    "100:torment",
    "100:toxic",
    "100:toxicspikes",
    "100:uturn",
    "100:venoshock",
    "100:xscissor",
    "100:aquatail",
    "100:attract",
    "100:bugbite",
    "100:counter",
    "100:curse",
    "100:cut",
    "100:darkpulse",
    "100:defog",
    "100:detect",
    "100:doubleedge",
    "100:doubleteam",
    "100:dreameater",
    "100:earthpower",
    "100:endure",
    "100:feint",
    "100:feintattack",
    "100:frustration",
    "100:furycutter",
    "100:guillotine",
    "100:harden",
    "100:headbutt",
    "100:hiddenpower",
    "100:irontail",
    "100:knockoff",
    "100:metalclaw",
    "100:mimic",
    "100:poisonsting",
    "100:protect",
    "100:quickattack",
    "100:razorwind",
    "100:rest",
    "100:return",
    "100:rockslide",
    "100:rocksmash",
    "100:roost",
    "100:sandattack",
    "100:sandstorm",
    "100:screech",
    "100:slash",
    "100:sleeptalk",
    "100:sludgebomb",
    "100:snore",
    "100:stealthrock",
    "100:strength",
    "100:substitute",
    "100:sunnyday",
    "100:swagger",
    "100:swift",
    "100:swordsdance",
    "100:tailwind",
    "100:thief",
    "100:throatchop",
    "100:toxic",
    "100:wingattack"
  ],
  "labels": [
    "gen2"
  ],
  "pokedex": [
    "cobblemon.species.gligar.desc"
  ],
  "evolutions": [
    {
      "id": "gligar_gliscor",
      "variant": "level_up",
      "result": "gliscor",
      "consumeHeldItem": true,
      "permanent": true,
      "learnableMoves": [],
      "requirements": [
        {
          "variant": "held_item",
          "itemCondition": "cobblemon:razor_fang"
        },
        {
          "variant": "time_range",
          "range": "night"
        }
      ]
    }
  ],
  "baseScale": 0.9,
  "hitbox": {
    "width": 0.7,
    "height": 0.9,
    "fixed": false
  },
  "baseFriendship": 70,
  "evYield": {
    "hp": 0,
    "attack": 0,
    "defence": 1,
    "special_attack": 0,
    "special_defence": 0,
    "speed": 0
  },
  "height": 11,
  "weight": 648,
  "aspects": [],
  "cannotDynamax": false
}
