{
  "name": "Hoppip",
  "nationalPokedexNumber": 187,
  "primaryType": "grass",
  "secondaryType": "flying",
  "abilities": [
    "chlorophyll",
    "leafguard",
    "h:infiltrator"
  ],
  "baseStats": {
    "hp": 35,
    "attack": 35,
    "defence": 40,
    "special_attack": 35,
    "special_defence": 55,
    "speed": 50
  },
  "catchRate": 255,
  "maleRatio": 0.5,
  "shoulderMountable": false,
  "baseExperienceYield": 50,
  "experienceGroup": "medium_slow",
  "eggCycles": 20,
  "eggGroups": [
    "fairy",
    "grass"
  ],
  "moves": [
    "1:splash",
    "1:tackle",
    "4:tailwhip",
    "6:absorb",
    "8:fairywind",
    "10:poisonpowder",
    "10:sleeppowder",
    "10:stunspore",
    "12:bulletseed",
    "15:synthesis",
    "19:leechseed",
    "22:megadrain",
    "24:acrobatics",
    "27:cottonspore",
    "29:uturn",
    "31:ragepowder",
    "32:gigadrain",
    "35:bounce",
    "38:memento",
    "40:worryseed",
    "100:amnesia",
    "100:aromatherapy",
    "100:confusion",
    "100:cottonguard",
    "100:doubleedge",
    "100:encore",
    "100:endure",
    "100:grassyterrain",
    "100:helpinghand",
    "100:psychup",
    "100:ragepowder",
    "100:reflect",
    "100:seedbomb",
    "100:strengthsap",
    "100:switcheroo",
    "100:worryseed",
    "100:acrobatics",
    "100:aerialace",
    "100:attract",
    "100:batonpass",
    "100:bulletseed",
    "100:captivate",
    "100:charm",
    "100:confide",
    "100:dazzlinggleam",
    "100:doubleedge",
    "100:doubleteam",
    "100:encore",
    "100:endure",
    "100:energyball",
    "100:facade",
    "100:flash",
    "100:fling",
    "100:frustration",
    "100:gigadrain",
    "100:grassknot",
    "100:grassyterrain",
    "100:helpinghand",
    "100:hiddenpower",
    "100:infestation",
    "100:leafstorm",
    "100:lightscreen",
    "100:lunge",
    "100:magicalleaf",
    "100:naturalgift",
    "100:pollenpuff",
    "100:protect",
    "100:psychup",
    "100:raindance",
    "100:reflect",
    "100:rest",
    "100:return",
    "100:round",
    "100:secretpower",
    "100:seedbomb",
    "100:silverwind",
    "100:sleeptalk",
    "100:solarbeam",
    "100:substitute",
    "100:sunnyday",
    "100:swagger",
    "100:swordsdance",
    "100:tailwind",
    "100:takedown",
    "100:terablast",
    "100:thief",
    "100:toxic",
    "100:trailblaze",
    "100:uturn",
    "100:amnesia",
    "100:attract",
    "100:bounce",
    "100:bulletseed",
    "100:confusion",
    "100:cottonspore",
    "100:curse",
    "100:defensecurl",
    "100:doubleedge",
    "100:doubleteam",
    "100:encore",
    "100:endure",
    "100:flash",
    "100:frustration",
    "100:gigadrain",
    "100:growl",
    "100:headbutt",
    "100:helpinghand",
    "100:hiddenpower",
    "100:leechseed",
    "100:megadrain",
    "100:mimic",
    "100:payday",
    "100:poisonpowder",
    "100:protect",
    "100:reflect",
    "100:rest",
    "100:return",
    "100:seedbomb",
    "100:sleeppowder",
    "100:sleeptalk",
    "100:snore",
    "100:solarbeam",
    "100:splash",
    "100:stunspore",
    "100:substitute",
    "100:sunnyday",
    "100:swagger",
    "100:sweetscent",
    "100:swordsdance",
    "100:synthesis",
    "100:tackle",
    "100:tailwhip",
    "100:toxic",
    "100:worryseed"
  ],
  "labels": [
    "gen2"
  ],
  "pokedex": [
    "cobblemon.species.hoppip.desc"
  ],
  "evolutions": [
    {
      "id": "hoppip_skiploom",
      "variant": "level_up",
      "result": "skiploom",
      "consumeHeldItem": false,
      "learnableMoves": [],
      "requirements": [
        {
          "variant": "level",
          "minLevel": 18
        }
      ]
    }
  ],
  "baseScale": 1,
  "hitbox": {
    "width": 1,
    "height": 1,
    "fixed": false
  },
  "baseFriendship": 70,
  "evYield": {
    "hp": 0,
    "attack": 0,
    "defence": 0,
    "special_attack": 0,
    "special_defence": 1,
    "speed": 0
  },
  "height": 4,
  "weight": 5,
  "aspects": [],
  "cannotDynamax": false,
  "drops": {
    "amount": 1,
    "entries": [
      {
        "item": "cobblemon:yache_berry",
        "percentage": 2.5
      }
    ]
  }
}
