{
  "name": "Houndour",
  "nationalPokedexNumber": 228,
  "primaryType": "dark",
  "secondaryType": "fire",
  "abilities": [
    "earlybird",
    "flashfire",
    "h:unnerve"
  ],
  "baseStats": {
    "hp": 45,
    "attack": 60,
    "defence": 30,
    "special_attack": 80,
    "special_defence": 50,
    "speed": 65
  },
  "catchRate": 120,
  "maleRatio": 0.5,
  "shoulderMountable": false,
  "baseExperienceYield": 66,
  "experienceGroup": "slow",
  "eggCycles": 20,
  "eggGroups": [
    "field"
  ],
  "moves": [
    "1:ember",
    "1:leer",
    "4:howl",
    "8:smog",
    "13:roar",
    "16:bite",
    "20:incinerate",
    "20:odorsleuth",
    "25:beatup",
    "28:firefang",
    "32:feintattack",
    "32:torment",
    "37:comeuppance",
    "37:embargo",
    "40:foulplay",
    "44:flamethrower",
    "49:crunch",
    "52:nastyplot",
    "56:inferno",
    "100:beatup",
    "100:counter",
    "100:destinybond",
    "100:feint",
    "100:firefang",
    "100:firespin",
    "100:nastyplot",
    "100:punishment",
    "100:pursuit",
    "100:rage",
    "100:reversal",
    "100:spite",
    "100:suckerpunch",
    "100:thunderfang",
    "100:willowisp",
    "100:attract",
    "100:bodyslam",
    "100:burningjealousy",
    "100:captivate",
    "100:confide",
    "100:crunch",
    "100:darkpulse",
    "100:doubleedge",
    "100:doubleteam",
    "100:dreameater",
    "100:embargo",
    "100:endure",
    "100:facade",
    "100:fireblast",
    "100:firefang",
    "100:firespin",
    "100:flamecharge",
    "100:flamethrower",
    "100:flareblitz",
    "100:foulplay",
    "100:frustration",
    "100:heatwave",
    "100:helpinghand",
    "100:hiddenpower",
    "100:hypervoice",
    "100:incinerate",
    "100:irontail",
    "100:lashout",
    "100:mudshot",
    "100:mudslap",
    "100:nastyplot",
    "100:naturalgift",
    "100:overheat",
    "100:painsplit",
    "100:payback",
    "100:protect",
    "100:psychicfangs",
    "100:raindance",
    "100:rest",
    "100:retaliate",
    "100:return",
    "100:reversal",
    "100:roar",
    "100:rocksmash",
    "100:round",
    "100:scaryface",
    "100:secretpower",
    "100:shadowball",
    "100:sleeptalk",
    "100:sludgebomb",
    "100:snarl",
    "100:snatch",
    "100:solarbeam",
    "100:spite",
    "100:substitute",
    "100:sunnyday",
    "100:superfang",
    "100:swagger",
    "100:takedown",
    "100:taunt",
    "100:temperflare",
    "100:terablast",
    "100:thief",
    "100:thunderfang",
    "100:torment",
    "100:toxic",
    "100:trailblaze",
    "100:willowisp",
    "100:attract",
    "100:beatup",
    "100:bite",
    "100:bodyslam",
    "100:charm",
    "100:counter",
    "100:crunch",
    "100:curse",
    "100:darkpulse",
    "100:detect",
    "100:doubleedge",
    "100:doubleteam",
    "100:dreameater",
    "100:ember",
    "100:endure",
    "100:feint",
    "100:feintattack",
    "100:fireblast",
    "100:firespin",
    "100:flamethrower",
    "100:foulplay",
    "100:frustration",
    "100:headbutt",
    "100:heatwave",
    "100:hiddenpower",
    "100:howl",
    "100:hypervoice",
    "100:irontail",
    "100:leer",
    "100:mimic",
    "100:mudslap",
    "100:nightmare",
    "100:protect",
    "100:pursuit",
    "100:rage",
    "100:rest",
    "100:return",
    "100:reversal",
    "100:roar",
    "100:rocksmash",
    "100:roleplay",
    "100:shadowball",
    "100:sleeptalk",
    "100:sludgebomb",
    "100:smog",
    "100:snatch",
    "100:snore",
    "100:solarbeam",
    "100:spite",
    "100:substitute",
    "100:suckerpunch",
    "100:sunnyday",
    "100:superfang",
    "100:swagger",
    "100:swift",
    "100:thief",
    "100:toxic",
    "100:uproar"
  ],
  "labels": [
    "gen2"
  ],
  "pokedex": [
    "cobblemon.species.houndour.desc"
  ],
  "evolutions": [
    {
      "id": "houndour_houndoom",
      "variant": "level_up",
      "result": "houndoom",
      "consumeHeldItem": false,
      "learnableMoves": [],
      "requirements": [
        {
          "variant": "level",
          "minLevel": 24
        }
      ]
    }
  ],
  "baseScale": 1,
  "hitbox": {
    "width": 1,
    "height": 1,
    "fixed": false
  },
  "baseFriendship": 35,
  "evYield": {
    "hp": 0,
    "attack": 0,
    "defence": 0,
    "special_attack": 1,
    "special_defence": 0,
    "speed": 0
  },
  "height": 6,
  "weight": 108,
  "aspects": [],
  "cannotDynamax": false,
  "drops": {
    "amount": 4,
    "entries": [
      {
        "item": "minecraft:bone",
        "quantityRange": "0-1"
      },
      {
        "item": "minecraft:rotten_flesh",
        "quantityRange": "0-1"
      },
      {
        "item": "minecraft:blaze_powder",
        "percentage": 2.5
      },
      {
        "item": "cobblemon:rawst_berry",
        "percentage": 2.5
      }
    ]
  }
}
