{
  "implemented": true,
  "name": "Larvitar",
  "nationalPokedexNumber": 246,
  "primaryType": "rock",
  "secondaryType": "ground",
  "abilities": [
    "guts",
    "h:sandveil"
  ],
  "baseStats": {
    "hp": 50,
    "attack": 64,
    "defence": 50,
    "special_attack": 45,
    "special_defence": 50,
    "speed": 41
  },
  "behaviour": {
    "resting": {
      "canSleep": true,
      "depth": "normal",
      "light": "0-4"
    }
  },
  "catchRate": 45,
  "maleRatio": 0.5,
  "shoulderMountable": false,
  "baseExperienceYield": 60,
  "experienceGroup": "slow",
  "eggCycles": 40,
  "eggGroups": [
    "monster"
  ],
  "moves": [
    "1:leer",
    "1:tackle",
    "3:rockthrow",
    "6:payback",
    "9:bite",
    "12:scaryface",
    "14:chipaway",
    "15:rockslide",
    "18:stompingtantrum",
    "21:screech",
    "24:darkpulse",
    "24:smackdown",
    "27:crunch",
    "31:earthquake",
    "33:stoneedge",
    "36:thrash",
    "39:sandstorm",
    "42:hyperbeam",
    "100:ancientpower",
    "100:assurance",
    "100:curse",
    "100:dragondance",
    "100:focusenergy",
    "100:irondefense",
    "100:ironhead",
    "100:irontail",
    "100:outrage",
    "100:pursuit",
    "100:stealthrock",
    "100:stomp",
    "100:assurance",
    "100:attract",
    "100:bodyslam",
    "100:brickbreak",
    "100:bulldoze",
    "100:captivate",
    "100:confide",
    "100:crunch",
    "100:curse",
    "100:darkpulse",
    "100:dig",
    "100:doubleedge",
    "100:doubleteam",
    "100:dragondance",
    "100:earthpower",
    "100:earthquake",
    "100:endure",
    "100:facade",
    "100:focusenergy",
    "100:frustration",
    "100:gigaimpact",
    "100:helpinghand",
    "100:hiddenpower",
    "100:hyperbeam",
    "100:irondefense",
    "100:ironhead",
    "100:irontail",
    "100:muddywater",
    "100:mudshot",
    "100:mudslap",
    "100:naturalgift",
    "100:outrage",
    "100:payback",
    "100:poweruppunch",
    "100:protect",
    "100:raindance",
    "100:rest",
    "100:retaliate",
    "100:return",
    "100:rockblast",
    "100:rockpolish",
    "100:rockslide",
    "100:rocksmash",
    "100:rocktomb",
    "100:round",
    "100:sandstorm",
    "100:sandtomb",
    "100:scaryface",
    "100:screech",
    "100:secretpower",
    "100:sleeptalk",
    "100:smackdown",
    "100:snarl",
    "100:snore",
    "100:spite",
    "100:stealthrock",
    "100:stompingtantrum",
    "100:stoneedge",
    "100:substitute",
    "100:sunnyday",
    "100:superpower",
    "100:swagger",
    "100:takedown",
    "100:taunt",
    "100:terablast",
    "100:torment",
    "100:toxic",
    "100:uproar",
    "100:ancientpower",
    "100:attract",
    "100:bite",
    "100:bodyslam",
    "100:crunch",
    "100:curse",
    "100:darkpulse",
    "100:detect",
    "100:dig",
    "100:doubleedge",
    "100:doubleteam",
    "100:dragondance",
    "100:earthpower",
    "100:earthquake",
    "100:endure",
    "100:focusenergy",
    "100:frustration",
    "100:headbutt",
    "100:hiddenpower",
    "100:hyperbeam",
    "100:irondefense",
    "100:ironhead",
    "100:irontail",
    "100:leer",
    "100:mimic",
    "100:mudslap",
    "100:outrage",
    "100:protect",
    "100:pursuit",
    "100:raindance",
    "100:rest",
    "100:return",
    "100:rockslide",
    "100:sandstorm",
    "100:scaryface",
    "100:screech",
    "100:sleeptalk",
    "100:snore",
    "100:spite",
    "100:stealthrock",
    "100:stomp",
    "100:substitute",
    "100:sunnyday",
    "100:superpower",
    "100:swagger",
    "100:thrash",
    "100:toxic",
    "100:uproar"
  ],
  "labels": [
    "gen2"
  ],
  "pokedex": [
    "cobblemon.species.larvitar.desc"
  ],
  "evolutions": [
    {
      "id": "larvitar_pupitar",
      "variant": "level_up",
      "result": "pupitar",
      "consumeHeldItem": false,
      "learnableMoves": [
        "irondefense"
      ],
      "requirements": [
        {
          "variant": "level",
          "minLevel": 30
        }
      ]
    }
  ],
  "baseScale": 0.6,
  "hitbox": {
    "width": 0.7,
    "height": 0.95,
    "fixed": false
  },
  "baseFriendship": 35,
  "evYield": {
    "hp": 0,
    "attack": 1,
    "defence": 0,
    "special_attack": 0,
    "special_defence": 0,
    "speed": 0
  },
  "height": 6,
  "weight": 720,
  "aspects": [],
  "cannotDynamax": false,
  "drops": {
    "amount": 2,
    "entries": [
      {
        "item": "cobblemon:hard_stone",
        "percentage": 2.5
      },
      {
        "item": "cobblemon:chople_berry",
        "percentage": 2.5
      }
    ]
  }
}
