{
  "name": "Ledian",
  "nationalPokedexNumber": 166,
  "primaryType": "bug",
  "secondaryType": "flying",
  "abilities": [
    "swarm",
    "earlybird",
    "h:ironfist"
  ],
  "baseStats": {
    "hp": 55,
    "attack": 35,
    "defence": 50,
    "special_attack": 55,
    "special_defence": 110,
    "speed": 85
  },
  "catchRate": 90,
  "maleRatio": 0.5,
  "shoulderMountable": false,
  "baseExperienceYield": 137,
  "experienceGroup": "fast",
  "eggCycles": 15,
  "eggGroups": [
    "bug"
  ],
  "moves": [
    "1:supersonic",
    "1:swift",
    "1:tackle",
    "12:lightscreen",
    "12:reflect",
    "12:safeguard",
    "15:machpunch",
    "20:silverwind",
    "24:cometpunch",
    "29:batonpass",
    "33:agility",
    "38:bugbuzz",
    "42:airslash",
    "47:doubleedge",
    "100:acrobatics",
    "100:aerialace",
    "100:attract",
    "100:brickbreak",
    "100:captivate",
    "100:confide",
    "100:dig",
    "100:doubleteam",
    "100:drainpunch",
    "100:endure",
    "100:facade",
    "100:flash",
    "100:fling",
    "100:focusblast",
    "100:focuspunch",
    "100:frustration",
    "100:gigadrain",
    "100:gigaimpact",
    "100:hiddenpower",
    "100:hyperbeam",
    "100:infestation",
    "100:lightscreen",
    "100:naturalgift",
    "100:poweruppunch",
    "100:protect",
    "100:reflect",
    "100:rest",
    "100:return",
    "100:rocksmash",
    "100:roost",
    "100:round",
    "100:safeguard",
    "100:secretpower",
    "100:silverwind",
    "100:sleeptalk",
    "100:solarbeam",
    "100:strength",
    "100:strugglebug",
    "100:substitute",
    "100:sunnyday",
    "100:swagger",
    "100:swordsdance",
    "100:thief",
    "100:toxic",
    "100:uturn",
    "100:agility",
    "100:aircutter",
    "100:attract",
    "100:batonpass",
    "100:bugbite",
    "100:cometpunch",
    "100:curse",
    "100:defog",
    "100:dig",
    "100:doubleedge",
    "100:doubleteam",
    "100:drainpunch",
    "100:dynamicpunch",
    "100:endure",
    "100:flash",
    "100:focuspunch",
    "100:frustration",
    "100:gigadrain",
    "100:headbutt",
    "100:hiddenpower",
    "100:hyperbeam",
    "100:icepunch",
    "100:knockoff",
    "100:lightscreen",
    "100:megapunch",
    "100:mimic",
    "100:ominouswind",
    "100:protect",
    "100:reflect",
    "100:rest",
    "100:return",
    "100:rollout",
    "100:roost",
    "100:safeguard",
    "100:sleeptalk",
    "100:snore",
    "100:solarbeam",
    "100:stringshot",
    "100:substitute",
    "100:sunnyday",
    "100:supersonic",
    "100:swagger",
    "100:sweetscent",
    "100:swift",
    "100:swordsdance",
    "100:tackle",
    "100:tailwind",
    "100:thief",
    "100:thunderpunch",
    "100:toxic",
    "100:uproar"
  ],
  "labels": [
    "gen2"
  ],
  "pokedex": [
    "cobblemon.species.ledian.desc"
  ],
  "preEvolution": "ledyba",
  "evolutions": [],
  "baseScale": 1,
  "hitbox": {
    "width": 1,
    "height": 1,
    "fixed": false
  },
  "baseFriendship": 70,
  "evYield": {
    "hp": 0,
    "attack": 0,
    "defence": 0,
    "special_attack": 0,
    "special_defence": 2,
    "speed": 0
  },
  "height": 14,
  "weight": 356,
  "aspects": [],
  "cannotDynamax": false,
  "drops": {
    "amount": 1,
    "entries": [
      {
        "item": "cobblemon:charti_berry",
        "percentage": 5.0
      }
    ]
  }
}
