{
  "implemented": true,
  "name": "Noctowl",
  "nationalPokedexNumber": 164,
  "primaryType": "normal",
  "secondaryType": "flying",
  "abilities": [
    "insomnia",
    "keeneye",
    "h:tintedlens"
  ],
  "drops": {
    "amount": 5,
    "entries": [
      {
        "item": "minecraft:feather",
        "quantityRange": "0-2"
      },
      {
        "item": "minecraft:chicken"
      },
      {
        "item": "cobblemon:wise_glasses",
        "percentage": 5.0
      },
      {
        "item": "cobblemon:chilan_berry",
        "percentage": 5.0
      }
    ]
  },
  "baseStats": {
    "hp": 100,
    "attack": 50,
    "defence": 50,
    "special_attack": 86,
    "special_defence": 96,
    "speed": 70
  },
  "catchRate": 90,
  "maleRatio": 0.5,
  "shoulderMountable": false,
  "baseExperienceYield": 158,
  "experienceGroup": "medium_fast",
  "eggCycles": 15,
  "eggGroups": [
    "flying"
  ],
  "behaviour": {
    "moving": {
      "fly": {
        "canFly": true
      }
    }
  },
  "moves": [
    "1:echoedvoice",
    "1:foresight",
    "1:growl",
    "1:peck",
    "1:skyattack",
    "1:tackle",
    "9:confusion",
    "12:reflect",
    "15:defog",
    "15:psychoshift",
    "16:zenheadbutt",
    "18:airslash",
    "23:extrasensory",
    "28:takedown",
    "33:uproar",
    "38:roost",
    "43:moonblast",
    "48:hypnosis",
    "51:synchronoise",
    "53:dreameater",
    "100:acrobatics",
    "100:aerialace",
    "100:agility",
    "100:aircutter",
    "100:airslash",
    "100:amnesia",
    "100:attract",
    "100:bodyslam",
    "100:bravebird",
    "100:calmmind",
    "100:captivate",
    "100:confide",
    "100:confuseray",
    "100:curse",
    "100:defog",
    "100:doubleedge",
    "100:doubleteam",
    "100:dreameater",
    "100:dualwingbeat",
    "100:echoedvoice",
    "100:endure",
    "100:facade",
    "100:featherdance",
    "100:flash",
    "100:fly",
    "100:frustration",
    "100:futuresight",
    "100:gigaimpact",
    "100:haze",
    "100:heatwave",
    "100:hiddenpower",
    "100:hurricane",
    "100:hyperbeam",
    "100:hypervoice",
    "100:imprison",
    "100:nastyplot",
    "100:naturalgift",
    "100:nightshade",
    "100:pluck",
    "100:protect",
    "100:psybeam",
    "100:psychic",
    "100:psychicnoise",
    "100:psychup",
    "100:raindance",
    "100:recycle",
    "100:reflect",
    "100:rest",
    "100:return",
    "100:roost",
    "100:round",
    "100:scaryface",
    "100:screech",
    "100:secretpower",
    "100:shadowball",
    "100:silverwind",
    "100:skillswap",
    "100:sleeptalk",
    "100:snore",
    "100:spite",
    "100:steelwing",
    "100:storedpower",
    "100:substitute",
    "100:sunnyday",
    "100:swagger",
    "100:swift",
    "100:tailwind",
    "100:takedown",
    "100:terablast",
    "100:thief",
    "100:toxic",
    "100:uproar",
    "100:workup",
    "100:zenheadbutt",
    "100:aircutter",
    "100:attract",
    "100:confusion",
    "100:curse",
    "100:defog",
    "100:detect",
    "100:doubleedge",
    "100:doubleteam",
    "100:dreameater",
    "100:dualwingbeat",
    "100:endure",
    "100:flash",
    "100:fly",
    "100:foresight",
    "100:frustration",
    "100:growl",
    "100:heatwave",
    "100:hiddenpower",
    "100:hyperbeam",
    "100:hypervoice",
    "100:hypnosis",
    "100:laserfocus",
    "100:magiccoat",
    "100:mimic",
    "100:mudslap",
    "100:nightmare",
    "100:ominouswind",
    "100:peck",
    "100:protect",
    "100:recycle",
    "100:reflect",
    "100:rest",
    "100:return",
    "100:roost",
    "100:skyattack",
    "100:sleeptalk",
    "100:snore",
    "100:steelwing",
    "100:substitute",
    "100:sunnyday",
    "100:swagger",
    "100:swift",
    "100:tackle",
    "100:tailwind",
    "100:takedown",
    "100:thief",
    "100:toxic",
    "100:twister",
    "100:uproar",
    "100:zenheadbutt"
  ],
  "labels": [
    "gen2"
  ],
  "pokedex": [
    "cobblemon.species.noctowl.desc"
  ],
  "preEvolution": "hoothoot",
  "evolutions": [],
  "baseScale": 0.9,
  "hitbox": {
    "width": 0.8,
    "height": 1.9,
    "fixed": false
  },
  "baseFriendship": 50,
  "evYield": {
    "hp": 2,
    "attack": 0,
    "defence": 0,
    "special_attack": 0,
    "special_defence": 0,
    "speed": 0
  },
  "height": 16,
  "weight": 408,
  "aspects": [],
  "cannotDynamax": false
}
