{
  "implemented": true,
  "name": "Quilava",
  "nationalPokedexNumber": 156,
  "primaryType": "fire",
  "abilities": [
    "blaze",
    "h:flashfire"
  ],
  "drops": {
    "amount": 1,
    "entries": [
      {
        "item": "cobblemon:charcoal_stick",
        "percentage": 10.0
      }
    ]
  },
  "features": ["region_bias"],
  "forms": [
    {
      "name": "Hisui Bias",
      "primaryType": "fire",
      "abilities": [
        "blaze",
        "h:flashfire"
      ],
      "drops": {
        "amount": 1,
        "entries": [
          {
            "item": "cobblemon:charcoal_stick",
            "percentage": 10.0
          }
        ]
      },
      "baseStats": {
        "hp": 58,
        "attack": 64,
        "defence": 58,
        "special_attack": 80,
        "special_defence": 65,
        "speed": 80
      },
      "catchRate": 45,
      "maleRatio": 0.875,
      "shoulderMountable": false,
      "baseExperienceYield": 142,
      "experienceGroup": "medium_slow",
      "eggCycles": 20,
      "eggGroups": [
        "field"
      ],
      "behaviour": {
        "resting": {
          "canSleep": true,
          "willSleepOnBed": false,
          "depth": "normal",
          "light": "0-4"
        },
        "moving": {
          "walk": {
            "walkSpeed": 0.2
          }
        }
      },
      "moves": [
        "1:leer",
        "1:smokescreen",
        "1:tackle",
        "10:ember",
        "13:quickattack",
        "20:flamewheel",
        "24:defensecurl",
        "31:swift",
        "35:flamecharge",
        "42:lavaplume",
        "46:flamethrower",
        "53:inferno",
        "57:rollout",
        "64:doubleedge",
        "68:burnup",
        "68:overheat",
        "75:eruption",
        "100:aerialace",
        "100:attract",
        "100:bodyslam",
        "100:brickbreak",
        "100:burningjealousy",
        "100:captivate",
        "100:confide",
        "100:curse",
        "100:cut",
        "100:dig",
        "100:doubleedge",
        "100:doubleteam",
        "100:endeavor",
        "100:endure",
        "100:facade",
        "100:fireblast",
        "100:firefang",
        "100:firepledge",
        "100:firespin",
        "100:flamecharge",
        "100:flamethrower",
        "100:flareblitz",
        "100:focuspunch",
        "100:frustration",
        "100:heatwave",
        "100:hiddenpower",
        "100:incinerate",
        "100:ironhead",
        "100:naturalgift",
        "100:naturepower",
        "100:overheat",
        "100:playrough",
        "100:protect",
        "100:rest",
        "100:return",
        "100:reversal",
        "100:roar",
        "100:rocksmash",
        "100:round",
        "100:secretpower",
        "100:sleeptalk",
        "100:strength",
        "100:substitute",
        "100:sunnyday",
        "100:swagger",
        "100:swift",
        "100:takedown",
        "100:temperflare",
        "100:terablast",
        "100:toxic",
        "100:wildcharge",
        "100:willowisp",
        "100:workup",
        "100:zenheadbutt",
        "100:attract",
        "100:bodyslam",
        "100:covet",
        "100:curse",
        "100:cut",
        "100:defensecurl",
        "100:detect",
        "100:dig",
        "100:doubleedge",
        "100:doubleteam",
        "100:ember",
        "100:endure",
        "100:fireblast",
        "100:firepledge",
        "100:flamethrower",
        "100:flamewheel",
        "100:focuspunch",
        "100:frustration",
        "100:furycutter",
        "100:headbutt",
        "100:heatwave",
        "100:hiddenpower",
        "100:irontail",
        "100:leer",
        "100:mimic",
        "100:mudslap",
        "100:protect",
        "100:quickattack",
        "100:rest",
        "100:return",
        "100:roar",
        "100:rocksmash",
        "100:rollout",
        "100:sleeptalk",
        "100:smokescreen",
        "100:snore",
        "100:strength",
        "100:substitute",
        "100:sunnyday",
        "100:swagger",
        "100:swift",
        "100:tackle",
        "100:toxic"
      ],
      "labels": [
        "gen2",
        "hisui_regional"
      ],
      "preEvolution": "cyndaquil region_bias=hisui",
      "evolutions": [
        {
          "id": "hisui_quilava_hisui_typhlosion",
          "variant": "level_up",
          "result": "typhlosion hisuian",
          "consumeHeldItem": false,
          "learnableMoves": [
            "infernalparade"
          ],
          "requirements": [
            {
              "variant": "level",
              "minLevel": 36
            }
          ]
        },
        {
          "id": "hisui_quilava_typhlosion",
          "variant": "level_up",
          "result": "typhlosion",
          "consumeHeldItem": false,
          "learnableMoves": [],
          "requirements": [
            {
              "variant": "level",
              "minLevel": 36
            },
            {
              "variant": "biome",
              "biomeCondition": "#cobblemon:is_temperate"
            },
            {
              "variant": "biome",
              "biomeAnticondition": "#cobblemon:is_spooky"
            }
          ]
        }
      ],
      "baseScale": 0.7,
      "hitbox": {
        "width": 1,
        "height": 0.9,
        "fixed": false
      },
      "baseFriendship": 70,
      "evYield": {
        "hp": 0,
        "attack": 0,
        "defence": 0,
        "special_attack": 1,
        "special_defence": 0,
        "speed": 1
      },
      "height": 9,
      "weight": 190,
      "aspects": ["region-bias-hisui"],
      "cannotDynamax": false
    }
  ],
  "baseStats": {
    "hp": 58,
    "attack": 64,
    "defence": 58,
    "special_attack": 80,
    "special_defence": 65,
    "speed": 80
  },
  "catchRate": 45,
  "maleRatio": 0.875,
  "shoulderMountable": false,
  "baseExperienceYield": 142,
  "experienceGroup": "medium_slow",
  "eggCycles": 20,
  "eggGroups": [
    "field"
  ],
  "behaviour": {
    "resting": {
      "canSleep": true,
      "willSleepOnBed": false,
      "depth": "normal",
      "light": "0-4"
    },
    "moving": {
      "walk": {
        "walkSpeed": 0.2
      }
    }
  },
  "moves": [
    "1:leer",
    "1:smokescreen",
    "1:tackle",
    "10:ember",
    "13:quickattack",
    "20:flamewheel",
    "24:defensecurl",
    "31:swift",
    "35:flamecharge",
    "42:lavaplume",
    "46:flamethrower",
    "53:inferno",
    "57:rollout",
    "64:doubleedge",
    "68:burnup",
    "68:overheat",
    "75:eruption",
    "100:aerialace",
    "100:attract",
    "100:bodyslam",
    "100:brickbreak",
    "100:burningjealousy",
    "100:captivate",
    "100:confide",
    "100:curse",
    "100:cut",
    "100:dig",
    "100:doubleedge",
    "100:doubleteam",
    "100:endeavor",
    "100:endure",
    "100:facade",
    "100:fireblast",
    "100:firefang",
    "100:firepledge",
    "100:firespin",
    "100:flamecharge",
    "100:flamethrower",
    "100:flareblitz",
    "100:focuspunch",
    "100:frustration",
    "100:heatwave",
    "100:hiddenpower",
    "100:incinerate",
    "100:ironhead",
    "100:naturalgift",
    "100:naturepower",
    "100:overheat",
    "100:playrough",
    "100:protect",
    "100:rest",
    "100:return",
    "100:reversal",
    "100:roar",
    "100:rocksmash",
    "100:round",
    "100:secretpower",
    "100:sleeptalk",
    "100:strength",
    "100:substitute",
    "100:sunnyday",
    "100:swagger",
    "100:swift",
    "100:takedown",
    "100:temperflare",
    "100:terablast",
    "100:toxic",
    "100:wildcharge",
    "100:willowisp",
    "100:workup",
    "100:zenheadbutt",
    "100:attract",
    "100:bodyslam",
    "100:covet",
    "100:curse",
    "100:cut",
    "100:defensecurl",
    "100:detect",
    "100:dig",
    "100:doubleedge",
    "100:doubleteam",
    "100:ember",
    "100:endure",
    "100:fireblast",
    "100:firepledge",
    "100:flamethrower",
    "100:flamewheel",
    "100:focuspunch",
    "100:frustration",
    "100:furycutter",
    "100:headbutt",
    "100:heatwave",
    "100:hiddenpower",
    "100:irontail",
    "100:leer",
    "100:mimic",
    "100:mudslap",
    "100:protect",
    "100:quickattack",
    "100:rest",
    "100:return",
    "100:roar",
    "100:rocksmash",
    "100:rollout",
    "100:sleeptalk",
    "100:smokescreen",
    "100:snore",
    "100:strength",
    "100:substitute",
    "100:sunnyday",
    "100:swagger",
    "100:swift",
    "100:tackle",
    "100:toxic"
  ],
  "labels": [
    "gen2"
  ],
  "pokedex": [
    "cobblemon.species.quilava.desc"
  ],
  "preEvolution": "cyndaquil",
  "evolutions": [
    {
      "id": "quilava_typhlosion",
      "variant": "level_up",
      "result": "typhlosion",
      "consumeHeldItem": false,
      "learnableMoves": [],
      "requirements": [
        {
          "variant": "level",
          "minLevel": 36
        }
      ]
    },
    {
      "id": "quilava_hisui_typhlosion",
      "variant": "level_up",
      "result": "typhlosion hisuian",
      "consumeHeldItem": false,
      "learnableMoves": [
        "infernalparade"
      ],
      "requirements": [
        {
          "variant": "level",
          "minLevel": 36
        },
        {
          "variant": "biome",
          "biomeCondition": "#cobblemon:evolution/cyndaquil_quilava_hisui_bias"
        }
      ]
    }
  ],
  "baseScale": 0.7,
  "hitbox": {
    "width": 1,
    "height": 0.9,
    "fixed": false
  },
  "baseFriendship": 70,
  "evYield": {
    "hp": 0,
    "attack": 0,
    "defence": 0,
    "special_attack": 1,
    "special_defence": 0,
    "speed": 1
  },
  "height": 9,
  "weight": 190,
  "aspects": [],
  "cannotDynamax": false
}
