{
  "name": "Raikou",
  "nationalPokedexNumber": 243,
  "primaryType": "electric",
  "abilities": [
    "pressure",
    "h:innerfocus"
  ],
  "baseStats": {
    "hp": 90,
    "attack": 85,
    "defence": 75,
    "special_attack": 115,
    "special_defence": 100,
    "speed": 115
  },
  "catchRate": 3,
  "maleRatio": -1,
  "shoulderMountable": false,
  "baseExperienceYield": 290,
  "experienceGroup": "slow",
  "eggCycles": 80,
  "eggGroups": [
    "undiscovered"
  ],
  "moves": [
    "1:charge",
    "1:extremespeed",
    "1:leer",
    "1:quickattack",
    "1:thundershock",
    "6:spark",
    "12:bite",
    "18:calmmind",
    "24:roar",
    "30:thunderfang",
    "36:howl",
    "42:crunch",
    "48:extrasensory",
    "54:discharge",
    "60:reflect",
    "66:raindance",
    "72:thunder",
    "78:zapcannon",
    "100:agility",
    "100:aurasphere",
    "100:bodyslam",
    "100:bulldoze",
    "100:calmmind",
    "100:charge",
    "100:chargebeam",
    "100:confide",
    "100:crunch",
    "100:cut",
    "100:dig",
    "100:doubleedge",
    "100:doubleteam",
    "100:eerieimpulse",
    "100:electricterrain",
    "100:electroball",
    "100:electroweb",
    "100:endure",
    "100:facade",
    "100:flash",
    "100:frustration",
    "100:gigaimpact",
    "100:helpinghand",
    "100:hiddenpower",
    "100:hyperbeam",
    "100:ironhead",
    "100:irontail",
    "100:lightscreen",
    "100:mudslap",
    "100:naturalgift",
    "100:protect",
    "100:psychup",
    "100:quash",
    "100:raindance",
    "100:reflect",
    "100:rest",
    "100:return",
    "100:roar",
    "100:rockclimb",
    "100:rocksmash",
    "100:round",
    "100:sandstorm",
    "100:scald",
    "100:scaryface",
    "100:secretpower",
    "100:shadowball",
    "100:shockwave",
    "100:sleeptalk",
    "100:snarl",
    "100:snore",
    "100:strength",
    "100:substitute",
    "100:sunnyday",
    "100:supercellslam",
    "100:swagger",
    "100:swift",
    "100:takedown",
    "100:terablast",
    "100:throatchop",
    "100:thunder",
    "100:thunderbolt",
    "100:thunderfang",
    "100:thunderwave",
    "100:toxic",
    "100:trailblaze",
    "100:voltswitch",
    "100:weatherball",
    "100:wildcharge",
    "100:aurasphere",
    "100:bite",
    "100:bodyslam",
    "100:calmmind",
    "100:crunch",
    "100:curse",
    "100:cut",
    "100:detect",
    "100:dig",
    "100:doubleedge",
    "100:doubleteam",
    "100:endure",
    "100:extremespeed",
    "100:flash",
    "100:frustration",
    "100:headbutt",
    "100:hiddenpower",
    "100:howl",
    "100:hyperbeam",
    "100:ironhead",
    "100:irontail",
    "100:laserfocus",
    "100:leer",
    "100:magnetrise",
    "100:mimic",
    "100:mudslap",
    "100:protect",
    "100:psychup",
    "100:quickattack",
    "100:rest",
    "100:return",
    "100:risingvoltage",
    "100:roar",
    "100:rocksmash",
    "100:sandstorm",
    "100:shockwave",
    "100:signalbeam",
    "100:sleeptalk",
    "100:snore",
    "100:spark",
    "100:strength",
    "100:substitute",
    "100:sunnyday",
    "100:swagger",
    "100:swift",
    "100:throatchop",
    "100:thunder",
    "100:thunderbolt",
    "100:thunderfang",
    "100:thundershock",
    "100:thunderwave",
    "100:toxic",
    "100:voltswitch",
    "100:weatherball",
    "100:zapcannon"
  ],
  "labels": [
    "gen2",
    "legendary"
  ],
  "pokedex": [
    "cobblemon.species.raikou.desc"
  ],
  "evolutions": [],
  "baseScale": 1,
  "hitbox": {
    "width": 1,
    "height": 1,
    "fixed": false
  },
  "baseFriendship": 35,
  "evYield": {
    "hp": 0,
    "attack": 0,
    "defence": 0,
    "special_attack": 1,
    "special_defence": 0,
    "speed": 2
  },
  "height": 19,
  "weight": 1780,
  "aspects": [],
  "cannotDynamax": false,
  "drops": {
    "amount": 1,
    "entries": [
      {
        "item": "cobblemon:magnet"
      }
    ]
  }
}
