{
  "name": "Remoraid",
  "nationalPokedexNumber": 223,
  "primaryType": "water",
  "abilities": [
    "hustle",
    "sniper",
    "h:moody"
  ],
  "baseStats": {
    "hp": 35,
    "attack": 65,
    "defence": 35,
    "special_attack": 65,
    "special_defence": 35,
    "speed": 65
  },
  "behaviour": {
    "moving": {
      "walk": {
        "avoidsLand": true
      },
      "swim": {
        "swimSpeed": 0.15,
        "canSwimInWater": true,
        "canBreatheUnderwater": true
      }
    }
  },
  "catchRate": 190,
  "maleRatio": 0.5,
  "shoulderMountable": false,
  "baseExperienceYield": 60,
  "experienceGroup": "medium_fast",
  "eggCycles": 20,
  "eggGroups": [
    "water_1",
    "water_2"
  ],
  "moves": [
    "1:helpinghand",
    "1:watergun",
    "4:waterpulse",
    "8:focusenergy",
    "12:psybeam",
    "16:aurorabeam",
    "20:bubblebeam",
    "24:lockon",
    "28:bulletseed",
    "30:signalbeam",
    "32:icebeam",
    "36:hydropump",
    "40:soak",
    "44:hyperbeam",
    "100:acidspray",
    "100:aurorabeam",
    "100:entrainment",
    "100:flail",
    "100:haze",
    "100:mudshot",
    "100:octazooka",
    "100:rockblast",
    "100:screech",
    "100:snore",
    "100:supersonic",
    "100:swift",
    "100:thunderwave",
    "100:waterpulse",
    "100:waterspout",
    "100:assurance",
    "100:attract",
    "100:blizzard",
    "100:bounce",
    "100:brine",
    "100:bulletseed",
    "100:captivate",
    "100:chargebeam",
    "100:confide",
    "100:dive",
    "100:doubleteam",
    "100:endure",
    "100:facade",
    "100:fireblast",
    "100:flamethrower",
    "100:focusenergy",
    "100:frustration",
    "100:gunkshot",
    "100:helpinghand",
    "100:hiddenpower",
    "100:hydropump",
    "100:hyperbeam",
    "100:icebeam",
    "100:icywind",
    "100:incinerate",
    "100:mudshot",
    "100:naturalgift",
    "100:protect",
    "100:psychic",
    "100:raindance",
    "100:rest",
    "100:return",
    "100:rockblast",
    "100:round",
    "100:scald",
    "100:screech",
    "100:secretpower",
    "100:seedbomb",
    "100:sleeptalk",
    "100:smackdown",
    "100:snore",
    "100:substitute",
    "100:sunnyday",
    "100:surf",
    "100:swagger",
    "100:swift",
    "100:thief",
    "100:thunderwave",
    "100:toxic",
    "100:waterfall",
    "100:waterpulse",
    "100:whirlpool",
    "100:attract",
    "100:aurorabeam",
    "100:bounce",
    "100:brine",
    "100:bubblebeam",
    "100:curse",
    "100:defensecurl",
    "100:dive",
    "100:doubleedge",
    "100:doubleteam",
    "100:endure",
    "100:focusenergy",
    "100:frustration",
    "100:gunkshot",
    "100:haze",
    "100:hiddenpower",
    "100:hyperbeam",
    "100:icebeam",
    "100:icywind",
    "100:lockon",
    "100:mimic",
    "100:mudslap",
    "100:octazooka",
    "100:protect",
    "100:psybeam",
    "100:raindance",
    "100:rest",
    "100:return",
    "100:rockblast",
    "100:screech",
    "100:seedbomb",
    "100:signalbeam",
    "100:sleeptalk",
    "100:snore",
    "100:stringshot",
    "100:substitute",
    "100:supersonic",
    "100:surf",
    "100:swagger",
    "100:swift",
    "100:thief",
    "100:thunderwave",
    "100:toxic",
    "100:watergun",
    "100:waterpulse",
    "100:whirlpool"
  ],
  "labels": [
    "gen2"
  ],
  "pokedex": [
    "cobblemon.species.remoraid.desc"
  ],
  "evolutions": [
    {
      "id": "remoraid_octillery",
      "variant": "level_up",
      "result": "octillery",
      "consumeHeldItem": false,
      "learnableMoves": [
        "octazooka"
      ],
      "requirements": [
        {
          "variant": "level",
          "minLevel": 25
        }
      ]
    }
  ],
  "baseScale": 1,
  "hitbox": {
    "width": 1,
    "height": 1,
    "fixed": false
  },
  "baseFriendship": 50,
  "evYield": {
    "hp": 0,
    "attack": 0,
    "defence": 0,
    "special_attack": 1,
    "special_defence": 0,
    "speed": 0
  },
  "height": 6,
  "weight": 120,
  "aspects": [],
  "cannotDynamax": false,
  "drops": {
    "amount": 3,
    "entries": [
      {
        "item": "minecraft:cod"
      },
      {
        "item": "minecraft:bone_meal",
        "percentage": 5.0
      },
      {
        "item": "cobblemon:aspear_berry",
        "percentage": 2.5
      }
    ]
  }
}
