{
  "implemented": true,
  "name": "Shuckle",
  "nationalPokedexNumber": 213,
  "primaryType": "bug",
  "secondaryType": "rock",
  "abilities": [
    "sturdy",
    "gluttony",
    "h:contrary"
  ],
  "drops": {
    "amount": 1,
    "entries": [
      {
        "item": "cobblemon:berry_juice"
      }
    ]
  },
  "baseStats": {
    "hp": 20,
    "attack": 10,
    "defence": 230,
    "special_attack": 10,
    "special_defence": 230,
    "speed": 5
  },
  "catchRate": 190,
  "maleRatio": 0.5,
  "shoulderMountable": false,
  "baseExperienceYield": 177,
  "experienceGroup": "medium_slow",
  "eggCycles": 20,
  "eggGroups": [
    "bug"
  ],
  "behaviour": {
    "moving": {
      "walk": {
        "walkSpeed": 0.2
      }
    },
    "resting": {
      "canSleep": true,
      "willSleepOnBed": false,
      "depth": "normal",
      "light": "0-4"
    }
  },
  "moves": [
    "1:bide",
    "1:constrict",
    "1:withdraw",
    "1:wrap",
    "5:encore",
    "5:rollout",
    "10:strugglebug",
    "15:rockthrow",
    "20:safeguard",
    "25:rest",
    "30:bugbite",
    "35:guardsplit",
    "35:powersplit",
    "40:rockslide",
    "45:gastroacid",
    "50:stickyweb",
    "55:powertrick",
    "60:stoneedge",
    "65:shellsmash",
    "100:acid",
    "100:acupressure",
    "100:covet",
    "100:defensecurl",
    "100:finalgambit",
    "100:helpinghand",
    "100:infestation",
    "100:knockoff",
    "100:mudslap",
    "100:rockblast",
    "100:sandtomb",
    "100:sweetscent",
    "100:toxic",
    "100:attract",
    "100:bodyslam",
    "100:bulldoze",
    "100:captivate",
    "100:confide",
    "100:dig",
    "100:doubleteam",
    "100:earthpower",
    "100:earthquake",
    "100:encore",
    "100:endure",
    "100:facade",
    "100:flash",
    "100:frustration",
    "100:gyroball",
    "100:helpinghand",
    "100:hiddenpower",
    "100:infestation",
    "100:irondefense",
    "100:mudshot",
    "100:naturalgift",
    "100:protect",
    "100:rest",
    "100:return",
    "100:reversal",
    "100:rockblast",
    "100:rockpolish",
    "100:rockslide",
    "100:rocksmash",
    "100:rocktomb",
    "100:round",
    "100:safeguard",
    "100:sandstorm",
    "100:sandtomb",
    "100:secretpower",
    "100:sleeptalk",
    "100:sludgebomb",
    "100:sludgewave",
    "100:smackdown",
    "100:snore",
    "100:stealthrock",
    "100:stoneedge",
    "100:strength",
    "100:strugglebug",
    "100:substitute",
    "100:sunnyday",
    "100:swagger",
    "100:toxic",
    "100:venoshock",
    "100:afteryou",
    "100:ancientpower",
    "100:attract",
    "100:bide",
    "100:bind",
    "100:bodyslam",
    "100:bugbite",
    "100:constrict",
    "100:curse",
    "100:defensecurl",
    "100:dig",
    "100:doubleedge",
    "100:doubleteam",
    "100:earthpower",
    "100:earthquake",
    "100:encore",
    "100:endure",
    "100:flash",
    "100:frustration",
    "100:gastroacid",
    "100:headbutt",
    "100:helpinghand",
    "100:hiddenpower",
    "100:knockoff",
    "100:meteorbeam",
    "100:mimic",
    "100:mudslap",
    "100:protect",
    "100:rest",
    "100:return",
    "100:rockslide",
    "100:rocksmash",
    "100:rollout",
    "100:safeguard",
    "100:sandstorm",
    "100:shellsmash",
    "100:skittersmack",
    "100:sleeptalk",
    "100:sludgebomb",
    "100:snore",
    "100:stealthrock",
    "100:steelroller",
    "100:strength",
    "100:stringshot",
    "100:substitute",
    "100:sunnyday",
    "100:swagger",
    "100:sweetscent",
    "100:toxic",
    "100:withdraw",
    "100:wrap"
  ],
  "labels": [
    "gen2"
  ],
  "pokedex": [
    "cobblemon.species.shuckle.desc"
  ],
  "evolutions": [],
  "baseScale": 0.5,
  "hitbox": {
    "width": 1,
    "height": 1,
    "fixed": false
  },
  "baseFriendship": 50,
  "evYield": {
    "hp": 0,
    "attack": 0,
    "defence": 1,
    "special_attack": 0,
    "special_defence": 1,
    "speed": 0
  },
  "height": 6,
  "weight": 205,
  "aspects": [],
  "cannotDynamax": false
}
