{
  "name": "Skiploom",
  "nationalPokedexNumber": 188,
  "primaryType": "grass",
  "secondaryType": "flying",
  "abilities": [
    "chlorophyll",
    "leafguard",
    "h:infiltrator"
  ],
  "baseStats": {
    "hp": 55,
    "attack": 45,
    "defence": 50,
    "special_attack": 45,
    "special_defence": 65,
    "speed": 80
  },
  "catchRate": 120,
  "maleRatio": 0.5,
  "shoulderMountable": false,
  "baseExperienceYield": 119,
  "experienceGroup": "medium_slow",
  "eggCycles": 20,
  "eggGroups": [
    "fairy",
    "grass"
  ],
  "moves": [
    "1:absorb",
    "1:splash",
    "1:synthesis",
    "1:tailwhip",
    "8:tackle",
    "10:fairywind",
    "12:poisonpowder",
    "12:sleeppowder",
    "12:stunspore",
    "15:bulletseed",
    "20:leechseed",
    "24:megadrain",
    "28:acrobatics",
    "31:cottonspore",
    "34:uturn",
    "36:ragepowder",
    "37:gigadrain",
    "41:bounce",
    "44:memento",
    "48:worryseed",
    "100:acrobatics",
    "100:aerialace",
    "100:attract",
    "100:batonpass",
    "100:bulletseed",
    "100:captivate",
    "100:charm",
    "100:confide",
    "100:dazzlinggleam",
    "100:doubleedge",
    "100:doubleteam",
    "100:encore",
    "100:endeavor",
    "100:endure",
    "100:energyball",
    "100:facade",
    "100:flash",
    "100:fling",
    "100:frustration",
    "100:gigadrain",
    "100:grassknot",
    "100:grassyterrain",
    "100:helpinghand",
    "100:hiddenpower",
    "100:infestation",
    "100:leafstorm",
    "100:lightscreen",
    "100:lunge",
    "100:magicalleaf",
    "100:naturalgift",
    "100:pollenpuff",
    "100:protect",
    "100:psychup",
    "100:raindance",
    "100:reflect",
    "100:rest",
    "100:return",
    "100:round",
    "100:secretpower",
    "100:seedbomb",
    "100:silverwind",
    "100:sleeptalk",
    "100:solarbeam",
    "100:substitute",
    "100:sunnyday",
    "100:swagger",
    "100:swordsdance",
    "100:tailwind",
    "100:takedown",
    "100:terablast",
    "100:thief",
    "100:toxic",
    "100:trailblaze",
    "100:uturn",
    "100:attract",
    "100:bounce",
    "100:cottonspore",
    "100:curse",
    "100:defensecurl",
    "100:doubleedge",
    "100:doubleteam",
    "100:endure",
    "100:flash",
    "100:frustration",
    "100:gigadrain",
    "100:headbutt",
    "100:helpinghand",
    "100:hiddenpower",
    "100:leechseed",
    "100:megadrain",
    "100:mimic",
    "100:poisonpowder",
    "100:protect",
    "100:rest",
    "100:return",
    "100:seedbomb",
    "100:sleeppowder",
    "100:sleeptalk",
    "100:snore",
    "100:solarbeam",
    "100:splash",
    "100:stunspore",
    "100:substitute",
    "100:sunnyday",
    "100:swagger",
    "100:sweetscent",
    "100:swordsdance",
    "100:synthesis",
    "100:tackle",
    "100:tailwhip",
    "100:toxic",
    "100:worryseed"
  ],
  "labels": [
    "gen2"
  ],
  "pokedex": [
    "cobblemon.species.skiploom.desc"
  ],
  "preEvolution": "hoppip",
  "evolutions": [
    {
      "id": "skiploom_jumpluff",
      "variant": "level_up",
      "result": "jumpluff",
      "consumeHeldItem": false,
      "learnableMoves": [],
      "requirements": [
        {
          "variant": "level",
          "minLevel": 27
        }
      ]
    }
  ],
  "baseScale": 1,
  "hitbox": {
    "width": 1,
    "height": 1,
    "fixed": false
  },
  "baseFriendship": 70,
  "evYield": {
    "hp": 0,
    "attack": 0,
    "defence": 0,
    "special_attack": 0,
    "special_defence": 0,
    "speed": 2
  },
  "height": 6,
  "weight": 10,
  "aspects": [],
  "cannotDynamax": false,
  "drops": {
    "amount": 2,
    "entries": [
      {
        "item": "minecraft:sunflower"
      },
      {
        "item": "cobblemon:yache_berry",
        "percentage": 5.0
      }
    ]
  }
}
