{
  "implemented": true,
  "name": "Slugma",
  "nationalPokedexNumber": 218,
  "primaryType": "fire",
  "abilities": [
    "magmaarmor",
    "flamebody",
    "h:weakarmor"
  ],
  "drops": {
    "amount": 2,
    "entries": [
      {
        "item": "minecraft:magma_cream",
        "quantityRange": "0-1"
      },
      {
        "item": "cobblemon:passho_berry",
        "percentage": 2.5
      }
    ]
  },
  "baseStats": {
    "hp": 40,
    "attack": 40,
    "defence": 40,
    "special_attack": 70,
    "special_defence": 40,
    "speed": 20
  },
  "behaviour": {
    "resting": {
      "canSleep": true,
      "willSleepOnBed": false,
      "depth": "normal",
      "light": "0-4"
    },
    "moving": {
      "swim": {
        "canWalkOnLava": true,
        "canBreatheUnderlava": true,
        "avoidsWater": true,
        "canSwimInLava": true,
        "canSwimInWater": false
      },
      "walk": {
        "walkSpeed": 0.2
      }
    }
  },
  "catchRate": 190,
  "maleRatio": 0.5,
  "shoulderMountable": false,
  "baseExperienceYield": 50,
  "experienceGroup": "medium_fast",
  "eggCycles": 20,
  "eggGroups": [
    "amorphous"
  ],
  "moves": [
    "1:smog",
    "1:yawn",
    "6:ember",
    "8:rockthrow",
    "13:harden",
    "15:incinerate",
    "20:clearsmog",
    "22:ancientpower",
    "27:flameburst",
    "27:incinerate",
    "29:rockslide",
    "34:lavaplume",
    "36:amnesia",
    "41:bodyslam",
    "43:recover",
    "48:flamethrower",
    "50:earthpower",
    "100:acidarmor",
    "100:curse",
    "100:earthpower",
    "100:guardswap",
    "100:heatwave",
    "100:inferno",
    "100:memento",
    "100:rollout",
    "100:smokescreen",
    "100:spitup",
    "100:stockpile",
    "100:swallow",
    "100:amnesia",
    "100:attract",
    "100:bodyslam",
    "100:bulldoze",
    "100:captivate",
    "100:confide",
    "100:curse",
    "100:doubleteam",
    "100:earthpower",
    "100:earthquake",
    "100:endure",
    "100:facade",
    "100:fireblast",
    "100:firespin",
    "100:flamecharge",
    "100:flamethrower",
    "100:frustration",
    "100:heatcrash",
    "100:heatwave",
    "100:hiddenpower",
    "100:highhorsepower",
    "100:incinerate",
    "100:infestation",
    "100:irondefense",
    "100:lightscreen",
    "100:mudshot",
    "100:mudslap",
    "100:naturalgift",
    "100:naturepower",
    "100:overheat",
    "100:painsplit",
    "100:powergem",
    "100:protect",
    "100:reflect",
    "100:rest",
    "100:return",
    "100:rockblast",
    "100:rockslide",
    "100:rocksmash",
    "100:rocktomb",
    "100:round",
    "100:sandstorm",
    "100:secretpower",
    "100:sleeptalk",
    "100:smackdown",
    "100:stealthrock",
    "100:stoneedge",
    "100:substitute",
    "100:sunnyday",
    "100:swagger",
    "100:takedown",
    "100:temperflare",
    "100:terablast",
    "100:toxic",
    "100:willowisp",
    "100:acidarmor",
    "100:afteryou",
    "100:amnesia",
    "100:ancientpower",
    "100:attract",
    "100:bodyslam",
    "100:curse",
    "100:defensecurl",
    "100:doubleedge",
    "100:doubleteam",
    "100:earthpower",
    "100:ember",
    "100:endure",
    "100:fireblast",
    "100:flamethrower",
    "100:frustration",
    "100:harden",
    "100:heatwave",
    "100:hiddenpower",
    "100:inferno",
    "100:irondefense",
    "100:mimic",
    "100:mudslap",
    "100:painsplit",
    "100:protect",
    "100:rest",
    "100:return",
    "100:rockslide",
    "100:rocksmash",
    "100:rockthrow",
    "100:rollout",
    "100:selfdestruct",
    "100:sleeptalk",
    "100:smog",
    "100:snore",
    "100:substitute",
    "100:sunnyday",
    "100:swagger",
    "100:toxic"
  ],
  "labels": [
    "gen2"
  ],
  "pokedex": [
    "cobblemon.species.slugma.desc"
  ],
  "evolutions": [
    {
      "id": "slugma_magcargo",
      "variant": "level_up",
      "result": "magcargo",
      "consumeHeldItem": false,
      "learnableMoves": [],
      "requirements": [
        {
          "variant": "level",
          "minLevel": 38
        }
      ]
    }
  ],
  "baseScale": 0.7,
  "hitbox": {
    "width": 0.8,
    "height": 1,
    "fixed": false
  },
  "baseFriendship": 70,
  "evYield": {
    "hp": 0,
    "attack": 0,
    "defence": 0,
    "special_attack": 1,
    "special_defence": 0,
    "speed": 0
  },
  "height": 7,
  "weight": 350,
  "aspects": [],
  "cannotDynamax": false
}
