{
  "implemented": true,
  "name": "Spinarak",
  "nationalPokedexNumber": 167,
  "primaryType": "bug",
  "secondaryType": "poison",
  "abilities": [
    "swarm",
    "insomnia",
    "h:sniper"
  ],
  "drops": {
    "amount": 4,
    "entries": [
      {
        "item": "minecraft:string",
        "quantityRange": "0-1"
      },
      {
        "item": "minecraft:spider_eye",
        "quantityRange": "0-1"
      },
      {
        "item": "minecraft:rotten_flesh",
        "quantityRange": "0-1"
      },
      {
        "item": "cobblemon:poison_barb",
        "percentage": 2.5
      }
    ]
  },
  "baseStats": {
    "hp": 40,
    "attack": 60,
    "defence": 40,
    "special_attack": 40,
    "special_defence": 40,
    "speed": 30
  },
  "catchRate": 255,
  "maleRatio": 0.5,
  "shoulderMountable": false,
  "baseExperienceYield": 50,
  "experienceGroup": "fast",
  "eggCycles": 15,
  "eggGroups": [
    "bug"
  ],
  "moves": [
    "1:constrict",
    "1:poisonsting",
    "1:stringshot",
    "5:absorb",
    "8:infestation",
    "12:leechlife",
    "12:scaryface",
    "15:nightshade",
    "19:shadowsneak",
    "22:furyswipes",
    "26:suckerpunch",
    "29:agility",
    "29:spiderweb",
    "33:agility",
    "33:pinmissile",
    "36:psychic",
    "40:poisonjab",
    "44:crosspoison",
    "47:stickyweb",
    "51:toxicthread",
    "100:batonpass",
    "100:disable",
    "100:electroweb",
    "100:lunge",
    "100:megahorn",
    "100:nightslash",
    "100:poisonjab",
    "100:psybeam",
    "100:pursuit",
    "100:ragepowder",
    "100:signalbeam",
    "100:sonicboom",
    "100:toxicspikes",
    "100:twineedle",
    "100:acidspray",
    "100:agility",
    "100:attract",
    "100:batonpass",
    "100:bugbite",
    "100:bugbuzz",
    "100:captivate",
    "100:confide",
    "100:dig",
    "100:doubleteam",
    "100:electroweb",
    "100:endure",
    "100:facade",
    "100:flash",
    "100:foulplay",
    "100:frustration",
    "100:gigadrain",
    "100:hex",
    "100:hiddenpower",
    "100:honeclaws",
    "100:infestation",
    "100:knockoff",
    "100:leechlife",
    "100:lunge",
    "100:naturalgift",
    "100:nightshade",
    "100:poisonjab",
    "100:pounce",
    "100:protect",
    "100:psychic",
    "100:rest",
    "100:return",
    "100:round",
    "100:scaryface",
    "100:secretpower",
    "100:skittersmack",
    "100:sleeptalk",
    "100:sludgebomb",
    "100:sludgewave",
    "100:solarbeam",
    "100:spite",
    "100:strugglebug",
    "100:substitute",
    "100:sunnyday",
    "100:swagger",
    "100:terablast",
    "100:thief",
    "100:toxic",
    "100:toxicspikes",
    "100:trailblaze",
    "100:venoshock",
    "100:xscissor",
    "100:agility",
    "100:attract",
    "100:batonpass",
    "100:bodyslam",
    "100:bounce",
    "100:bugbite",
    "100:constrict",
    "100:curse",
    "100:dig",
    "100:disable",
    "100:doubleedge",
    "100:doubleteam",
    "100:electroweb",
    "100:endure",
    "100:flash",
    "100:foulplay",
    "100:frustration",
    "100:furyswipes",
    "100:gigadrain",
    "100:hiddenpower",
    "100:leechlife",
    "100:mimic",
    "100:nightshade",
    "100:poisonsting",
    "100:protect",
    "100:psybeam",
    "100:psychic",
    "100:pursuit",
    "100:refresh",
    "100:rest",
    "100:return",
    "100:scaryface",
    "100:screech",
    "100:signalbeam",
    "100:sleeptalk",
    "100:sludgebomb",
    "100:snore",
    "100:solarbeam",
    "100:sonicboom",
    "100:spiderweb",
    "100:stringshot",
    "100:substitute",
    "100:suckerpunch",
    "100:sunnyday",
    "100:swagger",
    "100:thief",
    "100:toxic"
  ],
  "labels": [
    "gen2"
  ],
  "pokedex": [
    "cobblemon.species.spinarak.desc"
  ],
  "evolutions": [
    {
      "id": "spinarak_ariados",
      "variant": "level_up",
      "result": "ariados",
      "consumeHeldItem": false,
      "learnableMoves": [],
      "requirements": [
        {
          "variant": "level",
          "minLevel": 22
        }
      ]
    }
  ],
  "baseScale": 0.6,
  "hitbox": {
    "width": 1,
    "height": 1,
    "fixed": false
  },
  "baseFriendship": 70,
  "evYield": {
    "hp": 0,
    "attack": 1,
    "defence": 0,
    "special_attack": 0,
    "special_defence": 0,
    "speed": 0
  },
  "height": 5,
  "weight": 85,
  "aspects": [],
  "cannotDynamax": false
}
