{
  "implemented": true,
  "name": "Steelix",
  "nationalPokedexNumber": 208,
  "primaryType": "steel",
  "secondaryType": "ground",
  "abilities": [
    "rockhead",
    "sturdy",
    "h:sheerforce"
  ],
  "baseStats": {
    "hp": 75,
    "attack": 85,
    "defence": 200,
    "special_attack": 55,
    "special_defence": 65,
    "speed": 30
  },
  "catchRate": 25,
  "maleRatio": 0.5,
  "shoulderMountable": false,
  "forms": [
    {
      "name": "Mega",
      "primaryType": "steel",
      "secondaryType": "ground",
      "abilities": [
        "sandforce"
      ],
      "baseStats": {
        "hp": 75,
        "attack": 125,
        "defence": 230,
        "special_attack": 55,
        "special_defence": 95,
        "speed": 30
      },
      "catchRate": 25,
      "maleRatio": 0.5,
      "baseExperienceYield": 179,
      "baseFriendship": 50,
      "evYield": {
        "hp": 0,
        "attack": 0,
        "defence": 2,
        "special_attack": 0,
        "special_defence": 0,
        "speed": 0
      },
      "experienceGroup": "medium_fast",
      "eggCycles": 25,
      "eggGroups": [
        "mineral"
      ],
      "labels": [
        "gen6",
        "mega"
      ],
      "aspects": [
        "mega"
      ],
      "height": 105,
      "weight": 7400,
      "cannotDynamax": false,
      "battleOnly": true
    }
  ],
  "baseExperienceYield": 179,
  "experienceGroup": "medium_fast",
  "eggCycles": 25,
  "eggGroups": [
    "mineral"
  ],
  "drops": {
    "amount": 6,
    "entries": [
      {
        "item": "minecraft:raw_iron",
        "quantityRange": "2-4"
      },
      {
        "item": "cobblemon:metal_coat",
        "percentage": 5.0
      },
      {
        "item": "cobblemon:passho_berry",
        "percentage": 5.0
      }
    ]
  },
  "behaviour": {
    "resting": {
      "canSleep": true,
      "willSleepOnBed": false,
      "depth": "normal",
      "light": "0-4"
    }
  },
  "moves": [
    "1:bind",
    "1:crunch",
    "1:firefang",
    "1:harden",
    "1:icefang",
    "1:mudsport",
    "1:rockpolish",
    "1:rockthrow",
    "1:tackle",
    "1:thunderfang",
    "4:smackdown",
    "8:autotomize",
    "10:rocktomb",
    "12:dragonbreath",
    "13:rage",
    "16:curse",
    "20:gyroball",
    "20:rockslide",
    "24:screech",
    "28:sandtomb",
    "32:stealthrock",
    "36:slam",
    "40:sandstorm",
    "44:dig",
    "48:irontail",
    "52:stoneedge",
    "56:doubleedge",
    "60:magnetrise",
    "100:attract",
    "100:bodypress",
    "100:bodyslam",
    "100:breakingswipe",
    "100:brutalswing",
    "100:bulldoze",
    "100:captivate",
    "100:confide",
    "100:crunch",
    "100:cut",
    "100:darkpulse",
    "100:dig",
    "100:doubleteam",
    "100:dragondance",
    "100:dragonpulse",
    "100:dragontail",
    "100:drillrun",
    "100:earthpower",
    "100:earthquake",
    "100:endure",
    "100:explosion",
    "100:facade",
    "100:firefang",
    "100:flashcannon",
    "100:frustration",
    "100:gigaimpact",
    "100:gyroball",
    "100:heavyslam",
    "100:hiddenpower",
    "100:highhorsepower",
    "100:hyperbeam",
    "100:icefang",
    "100:irondefense",
    "100:ironhead",
    "100:irontail",
    "100:naturalgift",
    "100:naturepower",
    "100:payback",
    "100:protect",
    "100:psychicfangs",
    "100:psychup",
    "100:rest",
    "100:return",
    "100:roar",
    "100:rockblast",
    "100:rockclimb",
    "100:rockpolish",
    "100:rockslide",
    "100:rocksmash",
    "100:rocktomb",
    "100:round",
    "100:sandstorm",
    "100:sandtomb",
    "100:scaryface",
    "100:screech",
    "100:secretpower",
    "100:selfdestruct",
    "100:sleeptalk",
    "100:smackdown",
    "100:snore",
    "100:stealthrock",
    "100:stompingtantrum",
    "100:stoneedge",
    "100:strength",
    "100:substitute",
    "100:sunnyday",
    "100:swagger",
    "100:taunt",
    "100:thunderfang",
    "100:torment",
    "100:toxic",
    "100:ancientpower",
    "100:aquatail",
    "100:attract",
    "100:bind",
    "100:block",
    "100:bodyslam",
    "100:crunch",
    "100:curse",
    "100:cut",
    "100:darkpulse",
    "100:defensecurl",
    "100:dig",
    "100:doubleedge",
    "100:doubleteam",
    "100:dragonbreath",
    "100:dragonpulse",
    "100:earthpower",
    "100:earthquake",
    "100:endure",
    "100:explosion",
    "100:frustration",
    "100:harden",
    "100:headbutt",
    "100:hiddenpower",
    "100:hyperbeam",
    "100:ironhead",
    "100:irontail",
    "100:magnetrise",
    "100:meteorbeam",
    "100:mimic",
    "100:mudslap",
    "100:protect",
    "100:rage",
    "100:rest",
    "100:return",
    "100:roar",
    "100:rockslide",
    "100:rocksmash",
    "100:rockthrow",
    "100:rollout",
    "100:sandstorm",
    "100:scorchingsands",
    "100:screech",
    "100:selfdestruct",
    "100:slam",
    "100:sleeptalk",
    "100:snore",
    "100:stealthrock",
    "100:steelbeam",
    "100:steelroller",
    "100:stompingtantrum",
    "100:strength",
    "100:substitute",
    "100:sunnyday",
    "100:swagger",
    "100:tackle",
    "100:toxic",
    "100:twister"
  ],
  "labels": [
    "gen2"
  ],
  "pokedex": [
    "cobblemon.species.steelix.desc"
  ],
  "preEvolution": "onix",
  "evolutions": [],
  "baseScale": 1.6,
  "hitbox": {
    "width": 2,
    "height": 3.2,
    "fixed": false
  },
  "baseFriendship": 50,
  "evYield": {
    "hp": 0,
    "attack": 0,
    "defence": 2,
    "special_attack": 0,
    "special_defence": 0,
    "speed": 0
  },
  "height": 92,
  "weight": 4000,
  "aspects": [],
  "cannotDynamax": false
}
