{
  "name": "Suicune",
  "nationalPokedexNumber": 245,
  "primaryType": "water",
  "abilities": [
    "pressure",
    "h:innerfocus"
  ],
  "baseStats": {
    "hp": 100,
    "attack": 75,
    "defence": 115,
    "special_attack": 90,
    "special_defence": 115,
    "speed": 85
  },
  "catchRate": 3,
  "maleRatio": -1,
  "shoulderMountable": false,
  "baseExperienceYield": 290,
  "experienceGroup": "slow",
  "eggCycles": 80,
  "eggGroups": [
    "undiscovered"
  ],
  "moves": [
    "1:bubblebeam",
    "1:extremespeed",
    "1:gust",
    "1:leer",
    "1:mist",
    "1:sheercold",
    "1:watergun",
    "6:waterpulse",
    "12:bite",
    "18:calmmind",
    "24:roar",
    "29:aurorabeam",
    "30:icefang",
    "36:tailwind",
    "42:crunch",
    "48:extrasensory",
    "54:surf",
    "60:mirrorcoat",
    "66:raindance",
    "72:hydropump",
    "78:blizzard",
    "100:agility",
    "100:airslash",
    "100:avalanche",
    "100:blizzard",
    "100:bodyslam",
    "100:brine",
    "100:bulldoze",
    "100:calmmind",
    "100:chillingwater",
    "100:confide",
    "100:crunch",
    "100:cut",
    "100:dig",
    "100:dive",
    "100:doubleedge",
    "100:doubleteam",
    "100:endure",
    "100:facade",
    "100:frustration",
    "100:gigaimpact",
    "100:hail",
    "100:helpinghand",
    "100:hiddenpower",
    "100:hydropump",
    "100:hyperbeam",
    "100:icebeam",
    "100:icefang",
    "100:icywind",
    "100:ironhead",
    "100:irontail",
    "100:liquidation",
    "100:naturalgift",
    "100:protect",
    "100:psychup",
    "100:quash",
    "100:raindance",
    "100:reflect",
    "100:rest",
    "100:return",
    "100:roar",
    "100:rockclimb",
    "100:rocksmash",
    "100:round",
    "100:sandstorm",
    "100:scald",
    "100:secretpower",
    "100:shadowball",
    "100:sleeptalk",
    "100:snarl",
    "100:snore",
    "100:snowscape",
    "100:substitute",
    "100:sunnyday",
    "100:surf",
    "100:swagger",
    "100:swift",
    "100:tailwind",
    "100:takedown",
    "100:terablast",
    "100:toxic",
    "100:trailblaze",
    "100:waterfall",
    "100:waterpulse",
    "100:weatherball",
    "100:whirlpool",
    "100:airslash",
    "100:aquaring",
    "100:aurorabeam",
    "100:bite",
    "100:blizzard",
    "100:bodyslam",
    "100:bubblebeam",
    "100:calmmind",
    "100:curse",
    "100:cut",
    "100:detect",
    "100:dig",
    "100:dive",
    "100:doubleedge",
    "100:doubleteam",
    "100:endure",
    "100:extremespeed",
    "100:frustration",
    "100:gust",
    "100:headbutt",
    "100:hiddenpower",
    "100:hydropump",
    "100:hyperbeam",
    "100:icefang",
    "100:icywind",
    "100:ironhead",
    "100:irontail",
    "100:laserfocus",
    "100:leer",
    "100:liquidation",
    "100:mimic",
    "100:mist",
    "100:mudslap",
    "100:ominouswind",
    "100:protect",
    "100:psychup",
    "100:rest",
    "100:return",
    "100:roar",
    "100:rocksmash",
    "100:sandstorm",
    "100:sheercold",
    "100:signalbeam",
    "100:sleeptalk",
    "100:snore",
    "100:substitute",
    "100:sunnyday",
    "100:swagger",
    "100:swift",
    "100:tailwind",
    "100:toxic",
    "100:waterfall",
    "100:watergun",
    "100:waterpulse",
    "100:whirlpool"
  ],
  "labels": [
    "gen2",
    "legendary"
  ],
  "pokedex": [
    "cobblemon.species.suicune.desc"
  ],
  "evolutions": [],
  "baseScale": 1,
  "hitbox": {
    "width": 1,
    "height": 1,
    "fixed": false
  },
  "baseFriendship": 35,
  "evYield": {
    "hp": 0,
    "attack": 0,
    "defence": 1,
    "special_attack": 0,
    "special_defence": 2,
    "speed": 0
  },
  "height": 20,
  "weight": 1870,
  "aspects": [],
  "cannotDynamax": false,
  "drops": {
    "amount": 1,
    "entries": [
      {
        "item": "cobblemon:mystic_water"
      }
    ]
  }
}
