{
  "name": "Sunkern",
  "nationalPokedexNumber": 191,
  "primaryType": "grass",
  "abilities": [
    "chlorophyll",
    "solarpower",
    "h:earlybird"
  ],
  "baseStats": {
    "hp": 30,
    "attack": 30,
    "defence": 30,
    "special_attack": 30,
    "special_defence": 30,
    "speed": 30
  },
  "catchRate": 235,
  "maleRatio": 0.5,
  "shoulderMountable": false,
  "baseExperienceYield": 36,
  "experienceGroup": "medium_slow",
  "eggCycles": 20,
  "eggGroups": [
    "grass"
  ],
  "moves": [
    "1:growth",
    "1:tackle",
    "4:ingrain",
    "7:absorb",
    "7:grasswhistle",
    "10:megadrain",
    "13:leechseed",
    "16:razorleaf",
    "19:worryseed",
    "22:gigadrain",
    "25:endeavor",
    "28:synthesis",
    "31:naturalgift",
    "31:solarbeam",
    "34:doubleedge",
    "36:sunnyday",
    "39:seedbomb",
    "100:bide",
    "100:curse",
    "100:encore",
    "100:endure",
    "100:grasswhistle",
    "100:grassyterrain",
    "100:helpinghand",
    "100:ingrain",
    "100:leechseed",
    "100:morningsun",
    "100:naturalgift",
    "100:naturepower",
    "100:sweetscent",
    "100:attract",
    "100:bulletseed",
    "100:captivate",
    "100:confide",
    "100:curse",
    "100:cut",
    "100:doubleedge",
    "100:doubleteam",
    "100:earthpower",
    "100:encore",
    "100:endeavor",
    "100:endure",
    "100:energyball",
    "100:facade",
    "100:flash",
    "100:frustration",
    "100:gigadrain",
    "100:grassknot",
    "100:grassyterrain",
    "100:helpinghand",
    "100:hiddenpower",
    "100:leafstorm",
    "100:lightscreen",
    "100:magicalleaf",
    "100:naturalgift",
    "100:naturepower",
    "100:protect",
    "100:raindance",
    "100:rest",
    "100:return",
    "100:round",
    "100:safeguard",
    "100:secretpower",
    "100:seedbomb",
    "100:sleeptalk",
    "100:sludgebomb",
    "100:solarbeam",
    "100:substitute",
    "100:sunnyday",
    "100:swagger",
    "100:swordsdance",
    "100:takedown",
    "100:terablast",
    "100:toxic",
    "100:trailblaze",
    "100:weatherball",
    "100:absorb",
    "100:afteryou",
    "100:attract",
    "100:curse",
    "100:cut",
    "100:doubleedge",
    "100:doubleteam",
    "100:earthpower",
    "100:endeavor",
    "100:endure",
    "100:flash",
    "100:frustration",
    "100:gigadrain",
    "100:growth",
    "100:helpinghand",
    "100:hiddenpower",
    "100:megadrain",
    "100:mimic",
    "100:protect",
    "100:rest",
    "100:return",
    "100:seedbomb",
    "100:sleeptalk",
    "100:sludgebomb",
    "100:snore",
    "100:solarbeam",
    "100:substitute",
    "100:sunnyday",
    "100:swagger",
    "100:sweetscent",
    "100:swordsdance",
    "100:synthesis",
    "100:toxic",
    "100:uproar",
    "100:worryseed"
  ],
  "labels": [
    "gen2"
  ],
  "pokedex": [
    "cobblemon.species.sunkern.desc"
  ],
  "evolutions": [
    {
      "id": "sunkern_sunflora",
      "variant": "item_interact",
      "result": "sunflora",
      "consumeHeldItem": false,
      "learnableMoves": [],
      "requirements": [],
      "requiredContext": "cobblemon:sun_stone"
    }
  ],
  "baseScale": 1,
  "hitbox": {
    "width": 1,
    "height": 1,
    "fixed": false
  },
  "baseFriendship": 70,
  "evYield": {
    "hp": 0,
    "attack": 0,
    "defence": 0,
    "special_attack": 1,
    "special_defence": 0,
    "speed": 0
  },
  "height": 3,
  "weight": 18,
  "aspects": [],
  "cannotDynamax": false,
  "drops": {
    "amount": 2,
    "entries": [
      {
        "item": "minecraft:wheat_seeds"
      },
      {
        "item": "cobblemon:coba_berry",
        "percentage": 2.5
      }
    ]
  }
}
