{
  "name": "Togepi",
  "nationalPokedexNumber": 175,
  "primaryType": "fairy",
  "abilities": [
    "hustle",
    "serenegrace",
    "h:superluck"
  ],
  "drops": {
    "amount": 3,
    "entries": [
      {
        "item": "cobblemon:lucky_egg",
        "percentage": 2.5
      },
      {
        "item": "cobblemon:shiny_stone",
        "percentage": 2.5
      },
      {
        "item": "cobblemon:fairy_feather",
        "percentage": 2.5
      }
    ]
  },
  "baseStats": {
    "hp": 35,
    "attack": 20,
    "defence": 65,
    "special_attack": 40,
    "special_defence": 65,
    "speed": 20
  },
  "catchRate": 190,
  "maleRatio": 0.875,
  "shoulderMountable": false,
  "baseExperienceYield": 49,
  "experienceGroup": "fast",
  "eggCycles": 10,
  "eggGroups": [
    "undiscovered"
  ],
  "moves": [
    "1:growl",
    "1:pound",
    "4:sweetkiss",
    "8:lifedew",
    "12:charm",
    "16:ancientpower",
    "17:encore",
    "20:yawn",
    "24:metronome",
    "25:bestow",
    "28:afteryou",
    "32:doubleedge",
    "36:safeguard",
    "40:followme",
    "44:batonpass",
    "48:lastresort",
    "52:wish",
    "100:aerialace",
    "100:extrasensory",
    "100:foresight",
    "100:futuresight",
    "100:luckychant",
    "100:mirrormove",
    "100:morningsun",
    "100:nastyplot",
    "100:peck",
    "100:present",
    "100:psychoshift",
    "100:psychup",
    "100:secretpower",
    "100:storedpower",
    "100:substitute",
    "100:attract",
    "100:batonpass",
    "100:bodyslam",
    "100:captivate",
    "100:charm",
    "100:confide",
    "100:dazzlinggleam",
    "100:doubleteam",
    "100:drainingkiss",
    "100:dreameater",
    "100:echoedvoice",
    "100:encore",
    "100:endure",
    "100:facade",
    "100:fireblast",
    "100:flamethrower",
    "100:flash",
    "100:fling",
    "100:frustration",
    "100:futuresight",
    "100:grassknot",
    "100:helpinghand",
    "100:hiddenpower",
    "100:hypervoice",
    "100:incinerate",
    "100:lightscreen",
    "100:megakick",
    "100:megapunch",
    "100:metronome",
    "100:mysticalfire",
    "100:nastyplot",
    "100:naturalgift",
    "100:playrough",
    "100:protect",
    "100:psychic",
    "100:psychup",
    "100:psyshock",
    "100:raindance",
    "100:reflect",
    "100:rest",
    "100:return",
    "100:rocksmash",
    "100:round",
    "100:safeguard",
    "100:secretpower",
    "100:shadowball",
    "100:shockwave",
    "100:sleeptalk",
    "100:snore",
    "100:solarbeam",
    "100:storedpower",
    "100:substitute",
    "100:sunnyday",
    "100:swagger",
    "100:swift",
    "100:telekinesis",
    "100:thunderwave",
    "100:toxic",
    "100:triattack",
    "100:trick",
    "100:uproar",
    "100:waterpulse",
    "100:workup",
    "100:zenheadbutt",
    "100:afteryou",
    "100:ancientpower",
    "100:attract",
    "100:bodyslam",
    "100:charm",
    "100:counter",
    "100:covet",
    "100:curse",
    "100:defensecurl",
    "100:detect",
    "100:doubleedge",
    "100:doubleteam",
    "100:dreameater",
    "100:encore",
    "100:endeavor",
    "100:endure",
    "100:fireblast",
    "100:flash",
    "100:followme",
    "100:foresight",
    "100:frustration",
    "100:futuresight",
    "100:growl",
    "100:headbutt",
    "100:healbell",
    "100:helpinghand",
    "100:hiddenpower",
    "100:hypervoice",
    "100:lastresort",
    "100:luckychant",
    "100:magiccoat",
    "100:megakick",
    "100:megapunch",
    "100:metronome",
    "100:mimic",
    "100:mirrormove",
    "100:mudslap",
    "100:peck",
    "100:present",
    "100:protect",
    "100:psychic",
    "100:psychup",
    "100:raindance",
    "100:rest",
    "100:return",
    "100:rocksmash",
    "100:rollout",
    "100:safeguard",
    "100:seismictoss",
    "100:shadowball",
    "100:shockwave",
    "100:signalbeam",
    "100:sleeptalk",
    "100:snore",
    "100:softboiled",
    "100:solarbeam",
    "100:substitute",
    "100:sunnyday",
    "100:swagger",
    "100:sweetkiss",
    "100:swift",
    "100:telekinesis",
    "100:thunderwave",
    "100:toxic",
    "100:triattack",
    "100:trick",
    "100:uproar",
    "100:waterpulse",
    "100:yawn",
    "100:zapcannon",
    "100:zenheadbutt"
  ],
  "labels": [
    "gen2",
    "baby"
  ],
  "pokedex": [
    "cobblemon.species.togepi.desc"
  ],
  "evolutions": [
    {
      "id": "togepi_togetic",
      "variant": "level_up",
      "result": "togetic",
      "consumeHeldItem": false,
      "learnableMoves": [
        "fairywind"
      ],
      "requirements": [
        {
          "variant": "friendship",
          "amount": 160
        }
      ]
    }
  ],
  "baseScale": 1,
  "hitbox": {
    "width": 1,
    "height": 1,
    "fixed": false
  },
  "baseFriendship": 50,
  "evYield": {
    "hp": 0,
    "attack": 0,
    "defence": 0,
    "special_attack": 0,
    "special_defence": 1,
    "speed": 0
  },
  "height": 3,
  "weight": 15,
  "aspects": [],
  "cannotDynamax": false
}
