{
  "implemented": true,
  "name": "Umbreon",
  "nationalPokedexNumber": 197,
  "primaryType": "dark",
  "abilities": [
    "synchronize",
    "h:innerfocus"
  ],
  "drops": {
    "amount": 2,
    "entries": [
      {
        "item": "cobblemon:moon_stone",
        "percentage": 25.0
      },
      {
        "item": "cobblemon:black_glasses",
        "percentage": 10.0
      }
    ]
  },
  "baseStats": {
    "hp": 95,
    "attack": 65,
    "defence": 110,
    "special_attack": 60,
    "special_defence": 130,
    "speed": 65
  },
  "catchRate": 45,
  "maleRatio": 0.875,
  "shoulderMountable": false,
  "baseExperienceYield": 184,
  "experienceGroup": "medium_fast",
  "eggCycles": 35,
  "eggGroups": [
    "field"
  ],
  "moves": [
    "1:batonpass",
    "1:bite",
    "1:charm",
    "1:copycat",
    "1:covet",
    "1:doubleedge",
    "1:growl",
    "1:helpinghand",
    "1:pursuit",
    "1:swift",
    "1:tackle",
    "1:tailwhip",
    "1:takedown",
    "5:sandattack",
    "10:quickattack",
    "15:babydolleyes",
    "20:confuseray",
    "20:feintattack",
    "25:assurance",
    "30:moonlight",
    "35:guardswap",
    "40:darkpulse",
    "45:screech",
    "50:meanlook",
    "55:lastresort",
    "100:alluringvoice",
    "100:assurance",
    "100:attract",
    "100:batonpass",
    "100:bodyslam",
    "100:calmmind",
    "100:captivate",
    "100:charm",
    "100:confide",
    "100:confuseray",
    "100:crunch",
    "100:curse",
    "100:cut",
    "100:darkpulse",
    "100:dig",
    "100:doubleedge",
    "100:doubleteam",
    "100:dreameater",
    "100:echoedvoice",
    "100:endure",
    "100:facade",
    "100:faketears",
    "100:flash",
    "100:focusenergy",
    "100:foulplay",
    "100:frustration",
    "100:gigaimpact",
    "100:guardswap",
    "100:helpinghand",
    "100:hiddenpower",
    "100:hyperbeam",
    "100:hypervoice",
    "100:irontail",
    "100:lashout",
    "100:lightscreen",
    "100:mudslap",
    "100:naturalgift",
    "100:payback",
    "100:payday",
    "100:protect",
    "100:psychic",
    "100:psychup",
    "100:raindance",
    "100:reflect",
    "100:rest",
    "100:retaliate",
    "100:return",
    "100:roar",
    "100:round",
    "100:scaryface",
    "100:screech",
    "100:secretpower",
    "100:shadowball",
    "100:skillswap",
    "100:sleeptalk",
    "100:snarl",
    "100:snatch",
    "100:snore",
    "100:spite",
    "100:storedpower",
    "100:substitute",
    "100:sunnyday",
    "100:swagger",
    "100:swift",
    "100:takedown",
    "100:taunt",
    "100:terablast",
    "100:thief",
    "100:throatchop",
    "100:thunderwave",
    "100:torment",
    "100:toxic",
    "100:trailblaze",
    "100:weatherball",
    "100:wonderroom",
    "100:workup",
    "100:attract",
    "100:bodyslam",
    "100:celebrate",
    "100:confuseray",
    "100:covet",
    "100:curse",
    "100:cut",
    "100:darkpulse",
    "100:detect",
    "100:doubleedge",
    "100:doubleteam",
    "100:dreameater",
    "100:endure",
    "100:feintattack",
    "100:flash",
    "100:foulplay",
    "100:frustration",
    "100:headbutt",
    "100:healbell",
    "100:helpinghand",
    "100:hiddenpower",
    "100:hyperbeam",
    "100:hypervoice",
    "100:irontail",
    "100:laserfocus",
    "100:lashout",
    "100:lastresort",
    "100:meanlook",
    "100:mimic",
    "100:moonlight",
    "100:mudslap",
    "100:nightmare",
    "100:protect",
    "100:psychic",
    "100:psychup",
    "100:pursuit",
    "100:quickattack",
    "100:raindance",
    "100:rest",
    "100:return",
    "100:sandattack",
    "100:screech",
    "100:shadowball",
    "100:sleeptalk",
    "100:snarl",
    "100:snatch",
    "100:snore",
    "100:spite",
    "100:substitute",
    "100:suckerpunch",
    "100:sunnyday",
    "100:swagger",
    "100:swift",
    "100:tackle",
    "100:tailwhip",
    "100:throatchop",
    "100:toxic",
    "100:wonderroom",
    "100:zapcannon"
  ],
  "labels": [
    "gen2"
  ],
  "pokedex": [
    "cobblemon.species.umbreon.desc"
  ],
  "preEvolution": "eevee",
  "evolutions": [],
  "baseScale": 0.8,
  "hitbox": {
    "width": 0.9,
    "height": 1.1,
    "fixed": false
  },
  "baseFriendship": 35,
  "evYield": {
    "hp": 0,
    "attack": 0,
    "defence": 0,
    "special_attack": 0,
    "special_defence": 2,
    "speed": 0
  },
  "height": 10,
  "weight": 270,
  "aspects": [],
  "cannotDynamax": false
}
