{
  "name": "Wobbuffet",
  "nationalPokedexNumber": 202,
  "primaryType": "psychic",
  "abilities": [
    "shadowtag",
    "h:telepathy"
  ],
  "baseStats": {
    "hp": 190,
    "attack": 33,
    "defence": 58,
    "special_attack": 33,
    "special_defence": 58,
    "speed": 33
  },
  "catchRate": 45,
  "maleRatio": 0.5,
  "shoulderMountable": false,
  "baseExperienceYield": 142,
  "experienceGroup": "medium_fast",
  "eggCycles": 20,
  "eggGroups": [
    "amorphous"
  ],
  "moves": [
    "1:amnesia",
    "1:charm",
    "1:counter",
    "1:destinybond",
    "1:encore",
    "1:mirrorcoat",
    "1:safeguard",
    "1:splash",
    "100:amnesia",
    "100:charm",
    "100:encore",
    "100:safeguard",
    "100:charm",
    "100:counter",
    "100:destinybond",
    "100:encore",
    "100:mirrorcoat",
    "100:safeguard"
  ],
  "labels": [
    "gen2"
  ],
  "pokedex": [
    "cobblemon.species.wobbuffet.desc"
  ],
  "preEvolution": "wynaut",
  "evolutions": [],
  "baseScale": 1,
  "hitbox": {
    "width": 1,
    "height": 1,
    "fixed": false
  },
  "baseFriendship": 50,
  "evYield": {
    "hp": 2,
    "attack": 0,
    "defence": 0,
    "special_attack": 0,
    "special_defence": 0,
    "speed": 0
  },
  "height": 13,
  "weight": 285,
  "aspects": [],
  "cannotDynamax": false,
  "drops": {
    "amount": 1,
    "entries": [
      {
        "item": "cobblemon:colbur_berry",
        "percentage": 5.0
      }
    ]
  }
}
