{
  "implemented": true,
  "name": "Wooper",
  "nationalPokedexNumber": 194,
  "primaryType": "water",
  "secondaryType": "ground",
  "abilities": [
    "damp",
    "waterabsorb",
    "h:unaware"
  ],
  "baseStats": {
    "hp": 55,
    "attack": 45,
    "defence": 45,
    "special_attack": 25,
    "special_defence": 25,
    "speed": 15
  },
  "catchRate": 255,
  "maleRatio": 0.5,
  "shoulderMountable": true,
  "forms": [
    {
      "name": "Paldea",
      "primaryType": "poison",
      "secondaryType": "ground",
      "abilities": [
        "poisonpoint",
        "waterabsorb",
        "h:unaware"
      ],
      "baseStats": {
        "hp": 55,
        "attack": 45,
        "defence": 45,
        "special_attack": 25,
        "special_defence": 25,
        "speed": 15
      },
      "catchRate": 255,
      "maleRatio": 0.5,
      "baseExperienceYield": 42,
      "baseFriendship": 50,
      "evYield": {
        "hp": 1,
        "attack": 0,
        "defence": 0,
        "special_attack": 0,
        "special_defence": 0,
        "speed": 0
      },
      "experienceGroup": "medium_fast",
      "eggCycles": 20,
      "eggGroups": [
        "water_1",
        "field"
      ],
      "moves": [
        "1:mudshot",
        "1:tailwhip",
        "4:tackle",
        "8:poisontail",
        "12:toxicspikes",
        "16:slam",
        "21:yawn",
        "24:poisonjab",
        "28:sludgewave",
        "32:amnesia",
        "36:toxic",
        "40:earthquake",
        "100:acidspray",
        "100:afteryou",
        "100:ancientpower",
        "100:counter",
        "100:curse",
        "100:doublekick",
        "100:haze",
        "100:mist",
        "100:recover",
        "100:spitup",
        "100:stockpile",
        "100:swallow",
        "100:acidspray",
        "100:amnesia",
        "100:bodypress",
        "100:bodyslam",
        "100:bulldoze",
        "100:chillingwater",
        "100:curse",
        "100:dig",
        "100:doubleedge",
        "100:earthpower",
        "100:earthquake",
        "100:endure",
        "100:facade",
        "100:gunkshot",
        "100:haze",
        "100:helpinghand",
        "100:hydropump",
        "100:liquidation",
        "100:lowkick",
        "100:mudshot",
        "100:mudslap",
        "100:poisonjab",
        "100:poisontail",
        "100:protect",
        "100:raindance",
        "100:rest",
        "100:rockslide",
        "100:rocktomb",
        "100:sandstorm",
        "100:sleeptalk",
        "100:sludgebomb",
        "100:sludgewave",
        "100:spikes",
        "100:stealthrock",
        "100:stompingtantrum",
        "100:stoneedge",
        "100:substitute",
        "100:surf",
        "100:takedown",
        "100:terablast",
        "100:toxic",
        "100:toxicspikes",
        "100:trailblaze",
        "100:venoshock",
        "100:waterfall",
        "100:waterpulse"
      ],
      "labels": [
        "gen9",
        "paldea_regional"
      ],
      "aspects": [
        "paldean"
      ],
      "height": 4,
      "weight": 85,
      "evolutions": [
        {
          "id": "wooper_clodsire",
          "variant": "level_up",
          "result": "clodsire",
          "consumeHeldItem": false,
          "learnableMoves": [
            "amnesia"
          ],
          "requirements": [
            {
              "variant": "level",
              "minLevel": 20
            }
          ]
        }
      ],
      "cannotDynamax": false,
      "battleOnly": false,
      "drops": {
        "amount": 2,
        "entries": [
          {
            "item": "minecraft:clay_ball",
            "quantityRange": "0-1"
          },
          {
            "item": "cobblemon:pecha_berry",
            "percentage": 2.5
          }
        ]
      }
    }
  ],
  "baseExperienceYield": 42,
  "experienceGroup": "medium_fast",
  "eggCycles": 20,
  "eggGroups": [
    "water_1",
    "field"
  ],
  "behaviour": {
    "moving": {
      "swim": {
        "canSwimInWater": true,
        "canBreatheUnderwater": true
      }
    },
    "resting": {
      "canSleep": true,
      "willSleepOnBed": true,
      "depth": "normal",
      "light": "0-4"
    }
  },
  "drops": {
    "amount": 2,
    "entries": [
      {
        "item": "minecraft:clay_ball",
        "quantityRange": "0-1"
      },
      {
        "item": "cobblemon:rindo_berry",
        "percentage": 2.5
      }
    ]
  },
  "moves": [
    "1:tailwhip",
    "1:watergun",
    "4:raindance",
    "5:mudsport",
    "8:mudshot",
    "12:haze",
    "12:mist",
    "16:slam",
    "19:mudbomb",
    "21:yawn",
    "24:aquatail",
    "28:muddywater",
    "32:amnesia",
    "36:toxic",
    "40:earthquake",
    "100:acidspray",
    "100:afteryou",
    "100:ancientpower",
    "100:bodyslam",
    "100:counter",
    "100:curse",
    "100:doublekick",
    "100:eerieimpulse",
    "100:encore",
    "100:guardswap",
    "100:mudsport",
    "100:poweruppunch",
    "100:recover",
    "100:safeguard",
    "100:sleeptalk",
    "100:spitup",
    "100:stockpile",
    "100:swallow",
    "100:acidspray",
    "100:amnesia",
    "100:attract",
    "100:avalanche",
    "100:blizzard",
    "100:bodyslam",
    "100:bulldoze",
    "100:captivate",
    "100:chillingwater",
    "100:confide",
    "100:curse",
    "100:dig",
    "100:dive",
    "100:doubleedge",
    "100:doubleteam",
    "100:earthpower",
    "100:earthquake",
    "100:eerieimpulse",
    "100:encore",
    "100:endure",
    "100:facade",
    "100:flash",
    "100:frustration",
    "100:guardswap",
    "100:hail",
    "100:haze",
    "100:helpinghand",
    "100:hiddenpower",
    "100:hydropump",
    "100:icebeam",
    "100:icepunch",
    "100:icywind",
    "100:infestation",
    "100:irontail",
    "100:liquidation",
    "100:muddywater",
    "100:mudshot",
    "100:mudslap",
    "100:naturalgift",
    "100:protect",
    "100:raindance",
    "100:rest",
    "100:return",
    "100:rockslide",
    "100:rocksmash",
    "100:rocktomb",
    "100:round",
    "100:safeguard",
    "100:sandstorm",
    "100:scald",
    "100:secretpower",
    "100:sleeptalk",
    "100:sludgebomb",
    "100:sludgewave",
    "100:snore",
    "100:snowscape",
    "100:spikes",
    "100:stealthrock",
    "100:stompingtantrum",
    "100:stoneedge",
    "100:substitute",
    "100:surf",
    "100:swagger",
    "100:takedown",
    "100:terablast",
    "100:toxic",
    "100:trailblaze",
    "100:waterfall",
    "100:waterpulse",
    "100:whirlpool",
    "100:afteryou",
    "100:amnesia",
    "100:ancientpower",
    "100:aquatail",
    "100:attract",
    "100:bodyslam",
    "100:curse",
    "100:defensecurl",
    "100:dig",
    "100:dive",
    "100:doubleedge",
    "100:doubleteam",
    "100:dynamicpunch",
    "100:earthpower",
    "100:earthquake",
    "100:endure",
    "100:flash",
    "100:frustration",
    "100:haze",
    "100:headbutt",
    "100:hiddenpower",
    "100:icepunch",
    "100:icywind",
    "100:irontail",
    "100:mimic",
    "100:mist",
    "100:mudslap",
    "100:protect",
    "100:raindance",
    "100:rest",
    "100:return",
    "100:rocksmash",
    "100:rollout",
    "100:safeguard",
    "100:sandstorm",
    "100:slam",
    "100:sleeptalk",
    "100:sludgebomb",
    "100:snore",
    "100:stompingtantrum",
    "100:substitute",
    "100:surf",
    "100:swagger",
    "100:tailwhip",
    "100:toxic",
    "100:watergun",
    "100:waterpulse",
    "100:whirlpool"
  ],
  "labels": [
    "gen2",
    "johto_regional"
  ],
  "features": [
    "paldean"
  ],
  "pokedex": [
    "cobblemon.species.wooper.desc"
  ],
  "evolutions": [
    {
      "id": "wooper_quagsire",
      "variant": "level_up",
      "result": "quagsire",
      "consumeHeldItem": false,
      "learnableMoves": [],
      "requirements": [
        {
          "variant": "level",
          "minLevel": 20
        }
      ]
    }
  ],
  "baseScale": 0.5,
  "hitbox": {
    "width": 0.8,
    "height": 1,
    "fixed": false
  },
  "baseFriendship": 50,
  "evYield": {
    "hp": 1,
    "attack": 0,
    "defence": 0,
    "special_attack": 0,
    "special_defence": 0,
    "speed": 0
  },
  "height": 4,
  "weight": 85,
  "aspects": [],
  "cannotDynamax": false
}
