{
  "pools": [
    {
      "rolls": 1,
      "entries": [
        {
          "type": "minecraft:item",
          "name": "minecraft:carrot_on_a_stick",
          "functions": [
            {
              "function": "minecraft:set_components",
              "components": {
                "minecraft:custom_name": "[{\"text\":\"NES Zapper\",\"color\":\"#FF7B00\",\"bold\":false,\"italic\":false,\"underline\":false,\"strikethrough\":false,\"obfuscated\":false}]",
                "minecraft:lore": [
                  "[{\"text\":\"Press \",\"color\":\"red\",\"italic\":false},{\"keybind\":\"key.swapOffhand\",\"color\":\"dark_red\",\"italic\":false},{\"text\":\" to reload\",\"color\":\"red\",\"italic\":false}]",
                  "[{\"keybind\":\"key.use\",\"color\":\"dark_red\",\"italic\":false},{\"text\":\" to shoot\",\"color\":\"red\",\"italic\":false}]"
                ],
                "minecraft:damage": 200,
                "minecraft:max_damage": 200,
                "minecraft:max_stack_size": 1,
                "minecraft:custom_model_data": 889081,
                "minecraft:custom_data": {
                  "gbg_is_gun": 1,
                  "gbg_current_ammo": 0,
                  "gbg_max_ammo": 20,
                  "gbg_damage": 20,
                  "gbg_range": 20,
                  "gbg_fire_rate": 20,
                  "gbg_reload_speed": 10,
                  "gbg_projectile_type": 11,
                  "gbg_damage_type": 6,
                  "gbg_recoil_strength": 1,
                  "gbg_ammo_base": "command_block",
                  "gbg_ammo_item_tag": "double_a_battery",
                  "gbg_zoom_strength": 7,
                  "gun_reload_type": 1,
                  "gbg_shoot_sound": "minecraft:nes_zapper_fire",
                  "gbg_reload_sound": "minecraft:laser_pistol_reload"
                }
              }
            }
          ]
        }
      ]
    }
  ]
}