{
    "type": "minecraft:crafting_shapeless",
    "category": "equipment",
    "ingredients": [
        {
            "item": "minecraft:fire_charge"
        },
        {
            "item": "minecraft:fire_charge"
        },
        {
            "item": "minecraft:fire_charge"
        },
        {
            "item": "minecraft:iron_ingot"
        },
        {
            "item": "minecraft:iron_ingot"
        }
    ],
    "result": {
        "id": "minecraft:command_block",
        "count": 1,
        "components": {
            "minecraft:item_name": "{\"text\":\"Flamethrower Canister\",\"italic\":false,\"color\":\"white\"}",
            "minecraft:lore": [
                "[{\"text\":\"Used in the \",\"color\":\"gray\"},{\"text\":\"Flamethrower\",\"color\":\"white\"}]"
            ],
            "minecraft:custom_model_data": 889008,
            "minecraft:custom_data": {
                "gbg_flamethrower_canister": 1
            }
        }
    }
}