{
    "type": "minecraft:crafting_shapeless",
    "category": "equipment",
    "ingredients": [
        {
            "item": "minecraft:gunpowder"
        },
        {
            "item": "minecraft:iron_nugget"
        },
        {
            "item": "minecraft:iron_nugget"
        },
        {
            "item": "minecraft:iron_nugget"
        },
        {
            "item": "minecraft:iron_nugget"
        },
        {
            "item": "minecraft:iron_nugget"
        }
    ],
    "result": {
        "id": "minecraft:command_block",
        "count": 2,
        "components": {
            "minecraft:item_name": "{\"text\":\"Pistol Magazine\",\"italic\":false,\"color\":\"white\"}",
            "minecraft:lore": [
                "[{\"text\":\"Used in the \",\"color\":\"gray\"},{\"text\":\"Pistol\",\"color\":\"white\"}]"
            ],
            "minecraft:custom_model_data": 889000,
            "minecraft:custom_data": {
                "gbg_pistol_magazine": 1
            }
        }
    }
}