{
    "type": "minecraft:crafting_shaped",
    "category": "equipment",
    "pattern": [
        "XXX",
        " #X"
    ],
    "key": {
        "#": {
            "item": "minecraft:iron_nugget"
        },
        "X": {
            "item": "minecraft:iron_ingot"
        }
    },
    "result": {
        "id": "minecraft:carrot_on_a_stick",
        "count": 1,
        "components": {
            "minecraft:custom_name": "{\"text\":\"Flamethrower\",\"color\":\"white\",\"italic\":false}",
            "minecraft:lore": [
                "[{\"text\":\"Press \",\"color\":\"red\",\"italic\":false},{\"keybind\":\"key.swapOffhand\",\"color\":\"dark_red\",\"italic\":false},{\"text\":\" to reload\",\"color\":\"red\",\"italic\":false}]",
                "[{\"keybind\":\"key.use\",\"color\":\"dark_red\",\"italic\":false},{\"text\":\" to shoot\",\"color\":\"red\",\"italic\":false}]"
            ],
            "minecraft:custom_model_data": 889011,
            "minecraft:damage": 200,
            "minecraft:max_damage": 200,
            "minecraft:max_stack_size": 1,
            "minecraft:custom_data": {
                "gbg_is_gun": 1,
                "gbg_gun_version": 2,
                "gbg_current_ammo": 0,
                "gbg_max_ammo": 50,
                "gbg_damage": 1,
                "gbg_range": 8,
                "gbg_fire_rate": 4,
                "gbg_reload_speed": 25,
                "gbg_projectile_type": 4,
                "gbg_damage_type": 4,
                "gbg_recoil_strength": 0,
                "gbg_zoom_recoil_strength": 0,
                "gbg_ammo_base": "command_block",
                "gbg_ammo_item_tag": "gbg_flamethrower_canister",
                "gbg_zoom_strength": 1,
                "gun_reload_type": 1,
                "gbg_shoot_sound": "minecraft:entity.blaze.shoot",
                "gbg_reload_sound": "minecraft:flamethrower_reload"
            }
        }
    }
}