{
    "type": "minecraft:crafting_shaped",
    "category": "equipment",
    "pattern": [
        "  #",
        "XVV",
        " XX"
    ],
    "key": {
        "#": {
            "item": "minecraft:light_gray_concrete"
        },
        "X": {
            "item": "minecraft:iron_ingot"
        },
        "V": {
            "item": "minecraft:iron_block"
        }
    },
    "result": {
        "id": "minecraft:carrot_on_a_stick",
        "count": 1,
        "components": {
            "minecraft:custom_name": "{\"text\":\"Minigun\",\"color\":\"yellow\",\"italic\":false}",
            "minecraft:lore": [
                "[{\"text\":\"Press \",\"color\":\"red\",\"italic\":false},{\"keybind\":\"key.swapOffhand\",\"color\":\"dark_red\",\"italic\":false},{\"text\":\" to reload\",\"color\":\"red\",\"italic\":false}]",
                "[{\"keybind\":\"key.use\",\"color\":\"dark_red\",\"italic\":false},{\"text\":\" to shoot\",\"color\":\"red\",\"italic\":false}]"
            ],
            "minecraft:custom_model_data": 889041,
            "minecraft:damage": 200,
            "minecraft:max_damage": 200,
            "minecraft:max_stack_size": 1,
            "minecraft:custom_data": {
                "gbg_is_gun": 1,
                "gbg_gun_version": 2,
                "gbg_current_ammo": 0,
                "gbg_max_ammo": 100,
                "gbg_damage": 5,
                "gbg_range": 36,
                "gbg_fire_rate": 1,
                "gbg_reload_speed": 70,
                "gbg_projectile_type": 13,
                "gbg_damage_type": 1,
                "gbg_recoil_strength": 1,
                "gbg_zoom_recoil_strength": 1,
                "gbg_ammo_base": "command_block",
                "gbg_ammo_item_tag": "gbg_minigun_canister",
                "gbg_zoom_strength": 10,
                "gun_reload_type": 1,
                "gbg_shoot_sound": "minecraft:minigun_fire",
                "gbg_reload_sound": "minecraft:laser_cannon_reload"
            }
        }
    }
}