{
  "implemented": true,
  "name": "Articuno",
  "nationalPokedexNumber": 144,
  "primaryType": "ice",
  "secondaryType": "flying",
  "abilities": [
    "pressure",
    "h:snowcloak"
  ],
  "drops": {
    "amount": 6,
    "entries": [
      {
        "item": "minecraft:feather",
        "quantityRange": "2-4"
      },
      {
        "item": "minecraft:chicken"
      },
      {
        "item": "cobblemon:never_melt_ice"
      }
    ]
  },
  "baseStats": {
    "hp": 90,
    "attack": 85,
    "defence": 100,
    "special_attack": 95,
    "special_defence": 125,
    "speed": 85
  },
  "features": [
    "galarian"
  ],
  "catchRate": 3,
  "maleRatio": -1,
  "shoulderMountable": false,
  "forms": [
    {
      "name": "Galar",
      "primaryType": "psychic",
      "secondaryType": "flying",
      "abilities": [
        "competitive"
      ],
      "baseStats": {
        "hp": 90,
        "attack": 85,
        "defence": 85,
        "special_attack": 125,
        "special_defence": 100,
        "speed": 95
      },
      "catchRate": 3,
      "maleRatio": -1,
      "baseExperienceYield": 290,
      "baseFriendship": 35,
      "evYield": {
        "hp": 0,
        "attack": 0,
        "defence": 0,
        "special_attack": 3,
        "special_defence": 0,
        "speed": 0
      },
      "experienceGroup": "slow",
      "eggCycles": 80,
      "eggGroups": [
        "undiscovered"
      ],
      "moves": [
        "1:gust",
        "1:psychoshift",
        "5:confusion",
        "10:reflect",
        "15:hypnosis",
        "20:agility",
        "25:ancientpower",
        "30:tailwind",
        "35:psychocut",
        "40:recover",
        "45:freezingglare",
        "50:dreameater",
        "55:hurricane",
        "60:doubleteam",
        "60:mindreader",
        "65:futuresight",
        "70:trickroom",
        "100:agility",
        "100:aircutter",
        "100:airslash",
        "100:allyswitch",
        "100:bravebird",
        "100:calmmind",
        "100:dualwingbeat",
        "100:endure",
        "100:expandingforce",
        "100:facade",
        "100:fly",
        "100:futuresight",
        "100:gigaimpact",
        "100:guardswap",
        "100:helpinghand",
        "100:hurricane",
        "100:hyperbeam",
        "100:hypervoice",
        "100:imprison",
        "100:lightscreen",
        "100:powerswap",
        "100:protect",
        "100:psybeam",
        "100:psychic",
        "100:psychicnoise",
        "100:psychocut",
        "100:psyshock",
        "100:raindance",
        "100:reflect",
        "100:rest",
        "100:round",
        "100:scaryface",
        "100:shadowball",
        "100:skillswap",
        "100:sleeptalk",
        "100:snore",
        "100:snowscape",
        "100:steelwing",
        "100:storedpower",
        "100:substitute",
        "100:sunnyday",
        "100:swift",
        "100:tailwind",
        "100:takedown",
        "100:terablast",
        "100:trick",
        "100:trickroom",
        "100:uturn",
        "100:dualwingbeat",
        "100:expandingforce",
        "100:freezingglare",
        "100:hurricane",
        "100:psychocut",
        "100:psychoshift"
      ],
      "labels": [
        "gen8",
        "legendary",
        "galar_regional"
      ],
      "aspects": [
        "galarian"
      ],
      "height": 17,
      "weight": 509,
      "cannotDynamax": false,
      "battleOnly": false,
      "drops": {
        "amount": 6,
        "entries": [
          {
            "item": "minecraft:feather",
            "quantityRange": "2-4"
          },
          {
            "item": "minecraft:chicken"
          },
          {
            "item": "cobblemon:twisted_spoon"
          }
        ]
      }
    }
  ],
  "baseExperienceYield": 290,
  "experienceGroup": "slow",
  "eggCycles": 80,
  "eggGroups": [
    "undiscovered"
  ],
  "behaviour": {
    "moving": {
      "fly": {
        "canFly": true
      }
    }
  },
  "moves": [
    "1:gust",
    "1:mist",
    "5:powdersnow",
    "10:reflect",
    "15:iceshard",
    "20:agility",
    "25:ancientpower",
    "30:tailwind",
    "35:freezedry",
    "40:roost",
    "45:icebeam",
    "50:hail",
    "50:snowscape",
    "55:hurricane",
    "60:haze",
    "60:mindreader",
    "65:blizzard",
    "70:sheercold",
    "100:aerialace",
    "100:agility",
    "100:aircutter",
    "100:airslash",
    "100:auroraveil",
    "100:avalanche",
    "100:blizzard",
    "100:bravebird",
    "100:confide",
    "100:defog",
    "100:doubleedge",
    "100:doubleteam",
    "100:dualwingbeat",
    "100:endure",
    "100:facade",
    "100:featherdance",
    "100:fly",
    "100:frostbreath",
    "100:frustration",
    "100:gigaimpact",
    "100:hail",
    "100:haze",
    "100:helpinghand",
    "100:hiddenpower",
    "100:hurricane",
    "100:hyperbeam",
    "100:icebeam",
    "100:icespinner",
    "100:iciclespear",
    "100:icywind",
    "100:lightscreen",
    "100:naturalgift",
    "100:pluck",
    "100:protect",
    "100:raindance",
    "100:reflect",
    "100:rest",
    "100:return",
    "100:roar",
    "100:rocksmash",
    "100:roost",
    "100:round",
    "100:sandstorm",
    "100:secretpower",
    "100:skydrop",
    "100:sleeptalk",
    "100:snore",
    "100:snowscape",
    "100:steelwing",
    "100:substitute",
    "100:sunnyday",
    "100:swagger",
    "100:swift",
    "100:tailwind",
    "100:takedown",
    "100:terablast",
    "100:toxic",
    "100:tripleaxel",
    "100:uturn",
    "100:waterpulse",
    "100:weatherball",
    "100:agility",
    "100:aircutter",
    "100:ancientpower",
    "100:bide",
    "100:bubblebeam",
    "100:curse",
    "100:defog",
    "100:detect",
    "100:doubleedge",
    "100:doubleteam",
    "100:dualwingbeat",
    "100:endure",
    "100:extrasensory",
    "100:facade",
    "100:fly",
    "100:freezedry",
    "100:frustration",
    "100:gust",
    "100:hail",
    "100:headbutt",
    "100:healbell",
    "100:hiddenpower",
    "100:hyperbeam",
    "100:icebeam",
    "100:iceshard",
    "100:icywind",
    "100:laserfocus",
    "100:leer",
    "100:mimic",
    "100:mindreader",
    "100:mirrorcoat",
    "100:mist",
    "100:mudslap",
    "100:ominouswind",
    "100:peck",
    "100:powdersnow",
    "100:protect",
    "100:rage",
    "100:raindance",
    "100:razorwind",
    "100:reflect",
    "100:rest",
    "100:return",
    "100:roar",
    "100:rocksmash",
    "100:roost",
    "100:sandstorm",
    "100:signalbeam",
    "100:skyattack",
    "100:sleeptalk",
    "100:snore",
    "100:steelwing",
    "100:substitute",
    "100:sunnyday",
    "100:swagger",
    "100:swift",
    "100:tailwind",
    "100:takedown",
    "100:toxic",
    "100:tripleaxel",
    "100:twister",
    "100:uturn",
    "100:watergun",
    "100:waterpulse",
    "100:whirlwind"
  ],
  "labels": [
    "gen1",
    "legendary",
    "kanto_regional"
  ],
  "pokedex": [
    "cobblemon.species.articuno.desc"
  ],
  "evolutions": [],
  "baseScale": 1.5,
  "hitbox": {
    "width": 0.7,
    "height": 1.8,
    "fixed": false
  },
  "baseFriendship": 35,
  "evYield": {
    "hp": 0,
    "attack": 0,
    "defence": 0,
    "special_attack": 0,
    "special_defence": 3,
    "speed": 0
  },
  "height": 17,
  "weight": 554,
  "aspects": [],
  "cannotDynamax": false
}
