{
  "implemented": true,
  "name": "Beedrill",
  "nationalPokedexNumber": 15,
  "primaryType": "bug",
  "secondaryType": "poison",
  "abilities": [
    "swarm",
    "h:sniper"
  ],
  "baseStats": {
    "hp": 65,
    "attack": 90,
    "defence": 40,
    "special_attack": 45,
    "special_defence": 80,
    "speed": 75
  },
  "catchRate": 45,
  "maleRatio": 0.5,
  "shoulderMountable": false,
  "forms": [
    {
      "name": "Mega",
      "primaryType": "bug",
      "secondaryType": "poison",
      "abilities": [
        "adaptability"
      ],
      "baseStats": {
        "hp": 65,
        "attack": 150,
        "defence": 40,
        "special_attack": 15,
        "special_defence": 80,
        "speed": 145
      },
      "catchRate": 45,
      "maleRatio": 0.5,
      "baseExperienceYield": 178,
      "baseFriendship": 70,
      "evYield": {
        "hp": 0,
        "attack": 2,
        "defence": 0,
        "special_attack": 0,
        "special_defence": 1,
        "speed": 0
      },
      "experienceGroup": "medium_fast",
      "eggCycles": 15,
      "eggGroups": [
        "bug"
      ],
      "labels": [
        "gen6",
        "mega"
      ],
      "aspects": [
        "mega"
      ],
      "height": 14,
      "weight": 405,
      "cannotDynamax": false,
      "battleOnly": true
    }
  ],
  "baseExperienceYield": 178,
  "experienceGroup": "medium_fast",
  "eggCycles": 15,
  "eggGroups": [
    "bug"
  ],
  "behaviour": {
    "resting": {
      "canSleep": true,
      "depth": "normal",
      "light": "0-4"
    },
    "moving": {
      "walk": {
        "walkSpeed": 0.4
      },
      "swim": {
        "canWalkOnWater": true
      },
      "fly": {
        "canFly": true
      }
    }
  },
  "drops": {
    "amount": 2,
    "entries": [
      {
        "item": "cobblemon:poison_barb",
        "percentage": 5.0
      },
      {
        "item": "cobblemon:pinap_berry",
        "percentage": 5.0
      }
    ]
  },
  "moves": [
    "1:furyattack",
    "1:twineedle",
    "14:rage",
    "17:pursuit",
    "20:focusenergy",
    "23:venoshock",
    "26:assurance",
    "29:toxicspikes",
    "32:pinmissile",
    "35:poisonjab",
    "38:agility",
    "41:endeavor",
    "44:fellstinger",
    "100:acrobatics",
    "100:aerialace",
    "100:attract",
    "100:brickbreak",
    "100:brutalswing",
    "100:captivate",
    "100:confide",
    "100:cut",
    "100:defog",
    "100:doubleteam",
    "100:endure",
    "100:facade",
    "100:falseswipe",
    "100:flash",
    "100:frustration",
    "100:gigadrain",
    "100:gigaimpact",
    "100:hiddenpower",
    "100:hyperbeam",
    "100:infestation",
    "100:naturalgift",
    "100:payback",
    "100:poisonjab",
    "100:protect",
    "100:rest",
    "100:return",
    "100:rocksmash",
    "100:roost",
    "100:round",
    "100:secretpower",
    "100:silverwind",
    "100:sleeptalk",
    "100:sludgebomb",
    "100:solarbeam",
    "100:strugglebug",
    "100:substitute",
    "100:sunnyday",
    "100:swagger",
    "100:swordsdance",
    "100:thief",
    "100:toxic",
    "100:uturn",
    "100:venoshock",
    "100:xscissor",
    "100:agility",
    "100:aircutter",
    "100:attract",
    "100:batonpass",
    "100:bide",
    "100:brickbreak",
    "100:bugbite",
    "100:curse",
    "100:cut",
    "100:defog",
    "100:doubleedge",
    "100:doubleteam",
    "100:drillrun",
    "100:electroweb",
    "100:endeavor",
    "100:endure",
    "100:facade",
    "100:focusenergy",
    "100:frustration",
    "100:furyattack",
    "100:furycutter",
    "100:gigadrain",
    "100:headbutt",
    "100:hiddenpower",
    "100:hyperbeam",
    "100:knockoff",
    "100:laserfocus",
    "100:megadrain",
    "100:mimic",
    "100:ominouswind",
    "100:outrage",
    "100:peck",
    "100:pinmissile",
    "100:poisonjab",
    "100:protect",
    "100:pursuit",
    "100:rage",
    "100:reflect",
    "100:rest",
    "100:return",
    "100:roost",
    "100:skullbash",
    "100:sleeptalk",
    "100:sludgebomb",
    "100:snore",
    "100:solarbeam",
    "100:stringshot",
    "100:substitute",
    "100:sunnyday",
    "100:swagger",
    "100:sweetscent",
    "100:swift",
    "100:swordsdance",
    "100:tailwind",
    "100:takedown",
    "100:throatchop",
    "100:toxic",
    "100:twineedle",
    "100:uturn",
    "100:xscissor"
  ],
  "labels": [
    "gen1"
  ],
  "pokedex": [
    "cobblemon.species.beedrill.desc"
  ],
  "preEvolution": "kakuna",
  "evolutions": [],
  "baseScale": 0.9,
  "hitbox": {
    "width": 0.6,
    "height": 1.6,
    "fixed": false
  },
  "baseFriendship": 70,
  "evYield": {
    "hp": 0,
    "attack": 2,
    "defence": 0,
    "special_attack": 0,
    "special_defence": 1,
    "speed": 0
  },
  "height": 10,
  "weight": 295,
  "aspects": [],
  "cannotDynamax": false
}
