{
  "implemented": true,
  "name": "Bellsprout",
  "nationalPokedexNumber": 69,
  "primaryType": "grass",
  "secondaryType": "poison",
  "abilities": [
    "chlorophyll",
    "h:gluttony"
  ],
  "baseStats": {
    "hp": 50,
    "attack": 75,
    "defence": 35,
    "special_attack": 70,
    "special_defence": 30,
    "speed": 40
  },
  "catchRate": 255,
  "maleRatio": 0.5,
  "shoulderMountable": false,
  "baseExperienceYield": 60,
  "experienceGroup": "medium_slow",
  "eggCycles": 20,
  "eggGroups": [
    "grass"
  ],
  "drops": {
    "amount": 2,
    "entries": [
      {
        "item": "cobblemon:big_root",
        "percentage": 2.5
      },
      {
        "item": "cobblemon:pinap_berry",
        "percentage": 2.5
      }
    ]
  },
  "moves": [
    "1:vinewhip",
    "7:growth",
    "11:wrap",
    "13:sleeppowder",
    "15:poisonpowder",
    "17:stunspore",
    "23:acid",
    "27:knockoff",
    "29:sweetscent",
    "35:gastroacid",
    "39:razorleaf",
    "41:poisonjab",
    "47:slam",
    "50:wringout",
    "52:powerwhip",
    "100:acidspray",
    "100:belch",
    "100:bulletseed",
    "100:clearsmog",
    "100:encore",
    "100:gigadrain",
    "100:ingrain",
    "100:leechlife",
    "100:magicalleaf",
    "100:naturalgift",
    "100:powerwhip",
    "100:reflect",
    "100:strengthsap",
    "100:suckerpunch",
    "100:swordsdance",
    "100:synthesis",
    "100:tickle",
    "100:weatherball",
    "100:worryseed",
    "100:acidspray",
    "100:attract",
    "100:bulletseed",
    "100:captivate",
    "100:confide",
    "100:cut",
    "100:doubleteam",
    "100:encore",
    "100:endure",
    "100:energyball",
    "100:facade",
    "100:flash",
    "100:frustration",
    "100:gigadrain",
    "100:grassknot",
    "100:grassyglide",
    "100:grassyterrain",
    "100:hiddenpower",
    "100:infestation",
    "100:knockoff",
    "100:leafstorm",
    "100:leechlife",
    "100:lunge",
    "100:magicalleaf",
    "100:naturalgift",
    "100:naturepower",
    "100:poisonjab",
    "100:pounce",
    "100:protect",
    "100:reflect",
    "100:rest",
    "100:return",
    "100:round",
    "100:secretpower",
    "100:seedbomb",
    "100:sleeptalk",
    "100:sludgebomb",
    "100:sludgewave",
    "100:solarbeam",
    "100:substitute",
    "100:sunnyday",
    "100:swagger",
    "100:swordsdance",
    "100:terablast",
    "100:thief",
    "100:toxic",
    "100:trailblaze",
    "100:venoshock",
    "100:weatherball",
    "100:acid",
    "100:attract",
    "100:bide",
    "100:bind",
    "100:curse",
    "100:cut",
    "100:doubleedge",
    "100:doubleteam",
    "100:encore",
    "100:endure",
    "100:facade",
    "100:flash",
    "100:frustration",
    "100:gastroacid",
    "100:gigadrain",
    "100:growth",
    "100:headbutt",
    "100:hiddenpower",
    "100:knockoff",
    "100:leechlife",
    "100:megadrain",
    "100:mimic",
    "100:poisonjab",
    "100:poisonpowder",
    "100:protect",
    "100:rage",
    "100:razorleaf",
    "100:reflect",
    "100:rest",
    "100:return",
    "100:seedbomb",
    "100:slam",
    "100:sleeppowder",
    "100:sleeptalk",
    "100:sludgebomb",
    "100:snore",
    "100:solarbeam",
    "100:stunspore",
    "100:substitute",
    "100:suckerpunch",
    "100:sunnyday",
    "100:swagger",
    "100:sweetscent",
    "100:swordsdance",
    "100:synthesis",
    "100:takedown",
    "100:teeterdance",
    "100:toxic",
    "100:vinewhip",
    "100:worryseed",
    "100:wrap"
  ],
  "labels": [
    "gen1"
  ],
  "pokedex": [
    "cobblemon.species.bellsprout.desc"
  ],
  "evolutions": [
    {
      "id": "bellsprout_weepinbell",
      "variant": "level_up",
      "result": "weepinbell",
      "consumeHeldItem": false,
      "learnableMoves": [],
      "requirements": [
        {
          "variant": "level",
          "minLevel": 21
        }
      ]
    }
  ],
  "baseScale": 0.6,
  "hitbox": {
    "width": 0.6,
    "height": 1.3,
    "fixed": false
  },
  "baseFriendship": 70,
  "evYield": {
    "hp": 0,
    "attack": 1,
    "defence": 0,
    "special_attack": 0,
    "special_defence": 0,
    "speed": 0
  },
  "height": 7,
  "weight": 40,
  "aspects": [],
  "cannotDynamax": false
}
