{
  "implemented": true,
  "name": "Cloyster",
  "nationalPokedexNumber": 91,
  "primaryType": "water",
  "secondaryType": "ice",
  "abilities": [
    "shellarmor",
    "skilllink",
    "h:overcoat"
  ],
  "drops": {
    "amount": 2,
    "entries": [
      {
        "item": "cobblemon:aspear_berry",
        "percentage": 5.0
      },
      {
        "item": "cobblemon:shell_bell",
        "percentage": 5.0
      }
    ]
  },
  "baseStats": {
    "hp": 50,
    "attack": 95,
    "defence": 180,
    "special_attack": 85,
    "special_defence": 45,
    "speed": 70
  },
  "catchRate": 60,
  "maleRatio": 0.5,
  "shoulderMountable": false,
  "baseExperienceYield": 184,
  "experienceGroup": "slow",
  "eggCycles": 20,
  "eggGroups": [
    "water_3"
  ],
  "behaviour": {
    "moving": {
      "swim": {
        "swimSpeed": 0.15,
        "canSwimInWater": true,
        "canBreatheUnderwater": true
      }
    }
  },
  "moves": [
    "1:aurorabeam",
    "1:hydropump",
    "1:icebeam",
    "1:iceshard",
    "1:iciclecrash",
    "1:irondefense",
    "1:leer",
    "1:protect",
    "1:shellsmash",
    "1:spikes",
    "1:supersonic",
    "1:tackle",
    "1:toxicspikes",
    "1:watergun",
    "1:whirlpool",
    "1:withdraw",
    "5:razorshell",
    "13:spikecannon",
    "100:attract",
    "100:avalanche",
    "100:blizzard",
    "100:bodyslam",
    "100:brine",
    "100:captivate",
    "100:chillingwater",
    "100:confide",
    "100:dive",
    "100:doubleteam",
    "100:drillrun",
    "100:endure",
    "100:explosion",
    "100:facade",
    "100:frostbreath",
    "100:frustration",
    "100:gigaimpact",
    "100:hail",
    "100:helpinghand",
    "100:hiddenpower",
    "100:hydropump",
    "100:hyperbeam",
    "100:icebeam",
    "100:icespinner",
    "100:iciclespear",
    "100:icywind",
    "100:irondefense",
    "100:lightscreen",
    "100:liquidation",
    "100:mudshot",
    "100:naturalgift",
    "100:payback",
    "100:pinmissile",
    "100:poisonjab",
    "100:protect",
    "100:raindance",
    "100:razorshell",
    "100:rest",
    "100:return",
    "100:rockblast",
    "100:round",
    "100:scaryface",
    "100:screech",
    "100:secretpower",
    "100:selfdestruct",
    "100:sleeptalk",
    "100:smartstrike",
    "100:snore",
    "100:snowscape",
    "100:spikes",
    "100:substitute",
    "100:surf",
    "100:swagger",
    "100:swift",
    "100:takedown",
    "100:terablast",
    "100:torment",
    "100:toxic",
    "100:toxicspikes",
    "100:triattack",
    "100:waterfall",
    "100:waterpulse",
    "100:weatherball",
    "100:whirlpool",
    "100:attract",
    "100:aurorabeam",
    "100:barrier",
    "100:bide",
    "100:blizzard",
    "100:bubblebeam",
    "100:clamp",
    "100:curse",
    "100:dive",
    "100:doubleedge",
    "100:doubleteam",
    "100:endure",
    "100:explosion",
    "100:facade",
    "100:frustration",
    "100:headbutt",
    "100:hiddenpower",
    "100:hyperbeam",
    "100:icebeam",
    "100:iciclespear",
    "100:icywind",
    "100:irondefense",
    "100:leer",
    "100:liquidation",
    "100:mimic",
    "100:poisonjab",
    "100:protect",
    "100:rage",
    "100:raindance",
    "100:razorshell",
    "100:reflect",
    "100:rest",
    "100:return",
    "100:rockblast",
    "100:selfdestruct",
    "100:signalbeam",
    "100:sleeptalk",
    "100:snore",
    "100:spikecannon",
    "100:spikes",
    "100:steelroller",
    "100:substitute",
    "100:supersonic",
    "100:surf",
    "100:swagger",
    "100:swift",
    "100:tackle",
    "100:takedown",
    "100:teleport",
    "100:toxic",
    "100:triattack",
    "100:twineedle",
    "100:watergun",
    "100:waterpulse",
    "100:whirlpool",
    "100:withdraw"
  ],
  "labels": [
    "gen1"
  ],
  "pokedex": [
    "cobblemon.species.cloyster.desc"
  ],
  "preEvolution": "shellder",
  "evolutions": [],
  "baseScale": 1,
  "hitbox": {
    "width": 1,
    "height": 1.1,
    "fixed": false
  },
  "baseFriendship": 50,
  "evYield": {
    "hp": 0,
    "attack": 0,
    "defence": 2,
    "special_attack": 0,
    "special_defence": 0,
    "speed": 0
  },
  "height": 15,
  "weight": 1325,
  "aspects": [],
  "cannotDynamax": false
}
