{
  "implemented": true,
  "name": "Doduo",
  "nationalPokedexNumber": 84,
  "primaryType": "normal",
  "secondaryType": "flying",
  "abilities": [
    "runaway",
    "earlybird",
    "h:tangledfeet"
  ],
  "baseStats": {
    "hp": 35,
    "attack": 85,
    "defence": 45,
    "special_attack": 35,
    "special_defence": 35,
    "speed": 75
  },
  "catchRate": 190,
  "maleRatio": 0.5,
  "shoulderMountable": false,
  "baseExperienceYield": 62,
  "experienceGroup": "medium_fast",
  "eggCycles": 20,
  "eggGroups": [
    "flying"
  ],
  "drops": {
    "amount": 4,
    "entries": [
      {
        "item": "minecraft:feather",
        "quantityRange": "0-1"
      },
      {
        "item": "minecraft:chicken"
      },
      {
        "item": "cobblemon:sharp_beak",
        "percentage": 2.5
      },
      {
        "item": "cobblemon:wacan_berry",
        "percentage": 2.5
      }
    ]
  },
  "behaviour": {
    "moving": {
      "walk": {
        "walkSpeed": 0.4
      }
    },
    "resting": {
      "canSleep": true,
      "willSleepOnBed": true,
      "depth": "normal",
      "light": "0-4"
    }
  },
  "moves": [
    "1:growl",
    "1:peck",
    "5:quickattack",
    "8:rage",
    "9:furyattack",
    "12:furyattack",
    "14:pluck",
    "15:pursuit",
    "19:doublehit",
    "21:triattack",
    "23:agility",
    "27:uproar",
    "30:acupressure",
    "33:swordsdance",
    "36:drillpeck",
    "39:endeavor",
    "40:jumpkick",
    "43:thrash",
    "100:assurance",
    "100:bravebird",
    "100:endeavor",
    "100:feintattack",
    "100:flail",
    "100:haze",
    "100:mirrormove",
    "100:naturalgift",
    "100:quickattack",
    "100:skyattack",
    "100:supersonic",
    "100:whirlwind",
    "100:acrobatics",
    "100:aerialace",
    "100:agility",
    "100:attract",
    "100:batonpass",
    "100:bodyslam",
    "100:bravebird",
    "100:captivate",
    "100:confide",
    "100:doubleedge",
    "100:doubleteam",
    "100:echoedvoice",
    "100:endeavor",
    "100:endure",
    "100:facade",
    "100:featherdance",
    "100:fly",
    "100:frustration",
    "100:helpinghand",
    "100:hiddenpower",
    "100:knockoff",
    "100:lowkick",
    "100:lunge",
    "100:mudslap",
    "100:naturalgift",
    "100:pluck",
    "100:protect",
    "100:raindance",
    "100:rest",
    "100:return",
    "100:roost",
    "100:round",
    "100:secretpower",
    "100:sleeptalk",
    "100:steelwing",
    "100:substitute",
    "100:sunnyday",
    "100:swagger",
    "100:swift",
    "100:swordsdance",
    "100:tailwind",
    "100:takedown",
    "100:terablast",
    "100:thief",
    "100:throatchop",
    "100:toxic",
    "100:uproar",
    "100:workup",
    "100:agility",
    "100:aircutter",
    "100:attract",
    "100:bide",
    "100:bodyslam",
    "100:curse",
    "100:doubleedge",
    "100:doubleteam",
    "100:drillpeck",
    "100:endeavor",
    "100:endure",
    "100:facade",
    "100:feintattack",
    "100:flail",
    "100:fly",
    "100:frustration",
    "100:furyattack",
    "100:growl",
    "100:haze",
    "100:headbutt",
    "100:hiddenpower",
    "100:jumpkick",
    "100:knockoff",
    "100:mimic",
    "100:mudslap",
    "100:peck",
    "100:protect",
    "100:pursuit",
    "100:quickattack",
    "100:rage",
    "100:reflect",
    "100:rest",
    "100:return",
    "100:roost",
    "100:skullbash",
    "100:skyattack",
    "100:sleeptalk",
    "100:snore",
    "100:steelwing",
    "100:substitute",
    "100:sunnyday",
    "100:supersonic",
    "100:swagger",
    "100:swift",
    "100:swordsdance",
    "100:takedown",
    "100:thief",
    "100:thrash",
    "100:toxic",
    "100:triattack",
    "100:uproar",
    "100:whirlwind"
  ],
  "labels": [
    "gen1"
  ],
  "pokedex": [
    "cobblemon.species.doduo.desc"
  ],
  "evolutions": [
    {
      "id": "doduo_dodrio",
      "variant": "level_up",
      "result": "dodrio",
      "consumeHeldItem": false,
      "learnableMoves": [],
      "requirements": [
        {
          "variant": "level",
          "minLevel": 31
        }
      ]
    }
  ],
  "baseScale": 1.3,
  "hitbox": {
    "width": 0.6,
    "height": 1.4,
    "fixed": false
  },
  "baseFriendship": 70,
  "evYield": {
    "hp": 0,
    "attack": 1,
    "defence": 0,
    "special_attack": 0,
    "special_defence": 0,
    "speed": 0
  },
  "height": 14,
  "weight": 392,
  "aspects": [],
  "cannotDynamax": false
}
