{
  "implemented": true,
  "name": "Eevee",
  "nationalPokedexNumber": 133,
  "primaryType": "normal",
  "abilities": [
    "runaway",
    "adaptability",
    "h:anticipation"
  ],
  "baseStats": {
    "hp": 55,
    "attack": 55,
    "defence": 50,
    "special_attack": 45,
    "special_defence": 65,
    "speed": 55
  },
  "catchRate": 45,
  "maleRatio": 0.875,
  "shoulderMountable": true,
  "forms": [
    {
      "name": "Starter",
      "primaryType": "normal",
      "abilities": [
        "runaway",
        "adaptability",
        "h:anticipation"
      ],
      "baseStats": {
        "hp": 65,
        "attack": 75,
        "defence": 70,
        "special_attack": 65,
        "special_defence": 85,
        "speed": 75
      },
      "catchRate": 45,
      "maleRatio": 0.875,
      "baseExperienceYield": 65,
      "baseFriendship": 50,
      "evYield": {
        "hp": 0,
        "attack": 0,
        "defence": 0,
        "special_attack": 0,
        "special_defence": 1,
        "speed": 0
      },
      "experienceGroup": "medium_fast",
      "eggCycles": 35,
      "eggGroups": [
        "undiscovered"
      ],
      "moves": [
        "1:growl",
        "1:tackle",
        "3:tailwhip",
        "6:quickattack",
        "10:doublekick",
        "14:sandattack",
        "17:bite",
        "21:swift",
        "24:takedown",
        "28:doubleedge",
        "31:helpinghand",
        "100:dig",
        "100:facade",
        "100:headbutt",
        "100:helpinghand",
        "100:irontail",
        "100:payday",
        "100:protect",
        "100:reflect",
        "100:rest",
        "100:shadowball",
        "100:substitute",
        "100:toxic",
        "100:baddybad",
        "100:bite",
        "100:bouncybubble",
        "100:buzzybuzz",
        "100:dig",
        "100:doubleedge",
        "100:doublekick",
        "100:facade",
        "100:freezyfrost",
        "100:glitzyglow",
        "100:growl",
        "100:headbutt",
        "100:helpinghand",
        "100:irontail",
        "100:payday",
        "100:protect",
        "100:quickattack",
        "100:reflect",
        "100:rest",
        "100:sandattack",
        "100:sappyseed",
        "100:shadowball",
        "100:sizzlyslide",
        "100:sparklyswirl",
        "100:substitute",
        "100:swift",
        "100:tackle",
        "100:tailwhip",
        "100:takedown",
        "100:toxic",
        "100:veeveevolley"
      ],
      "labels": [
        "gen7"
      ],
      "aspects": [
        "starter"
      ],
      "height": 3,
      "weight": 65,
      "cannotDynamax": false,
      "battleOnly": false
    },
    {
      "name": "Gmax",
      "primaryType": "normal",
      "abilities": [
        "runaway",
        "adaptability",
        "h:anticipation"
      ],
      "baseStats": {
        "hp": 55,
        "attack": 55,
        "defence": 50,
        "special_attack": 45,
        "special_defence": 65,
        "speed": 55
      },
      "catchRate": 45,
      "maleRatio": 0.875,
      "baseExperienceYield": 65,
      "baseFriendship": 50,
      "evYield": {
        "hp": 0,
        "attack": 0,
        "defence": 0,
        "special_attack": 0,
        "special_defence": 1,
        "speed": 0
      },
      "experienceGroup": "medium_fast",
      "eggCycles": 35,
      "eggGroups": [
        "field"
      ],
      "labels": [
        "gen8",
        "gmax"
      ],
      "aspects": [
        "gmax"
      ],
      "height": 180,
      "weight": 0,
      "cannotDynamax": false,
      "battleOnly": false
    }
  ],
  "baseExperienceYield": 65,
  "experienceGroup": "medium_fast",
  "eggCycles": 35,
  "eggGroups": [
    "field"
  ],
  "moves": [
    "1:covet",
    "1:growl",
    "1:helpinghand",
    "1:tackle",
    "1:tailwhip",
    "5:sandattack",
    "10:quickattack",
    "15:babydolleyes",
    "20:refresh",
    "20:swift",
    "25:bite",
    "30:copycat",
    "35:batonpass",
    "40:takedown",
    "45:charm",
    "45:trumpcard",
    "50:doubleedge",
    "55:lastresort",
    "100:captivate",
    "100:charm",
    "100:covet",
    "100:curse",
    "100:detect",
    "100:doublekick",
    "100:endure",
    "100:faketears",
    "100:flail",
    "100:mudslap",
    "100:naturalgift",
    "100:storedpower",
    "100:synchronoise",
    "100:tickle",
    "100:wish",
    "100:yawn",
    "100:alluringvoice",
    "100:attract",
    "100:batonpass",
    "100:bodyslam",
    "100:calmmind",
    "100:captivate",
    "100:charm",
    "100:confide",
    "100:curse",
    "100:dig",
    "100:doubleedge",
    "100:doubleteam",
    "100:echoedvoice",
    "100:endure",
    "100:facade",
    "100:faketears",
    "100:focusenergy",
    "100:frustration",
    "100:helpinghand",
    "100:hiddenpower",
    "100:hypervoice",
    "100:irontail",
    "100:mudslap",
    "100:naturalgift",
    "100:payday",
    "100:protect",
    "100:raindance",
    "100:rest",
    "100:retaliate",
    "100:return",
    "100:roar",
    "100:round",
    "100:secretpower",
    "100:shadowball",
    "100:sleeptalk",
    "100:snore",
    "100:storedpower",
    "100:substitute",
    "100:sunnyday",
    "100:swagger",
    "100:swift",
    "100:takedown",
    "100:terablast",
    "100:toxic",
    "100:trailblaze",
    "100:weatherball",
    "100:workup",
    "100:attract",
    "100:babydolleyes",
    "100:batonpass",
    "100:bide",
    "100:bite",
    "100:bodyslam",
    "100:celebrate",
    "100:charm",
    "100:covet",
    "100:curse",
    "100:detect",
    "100:dig",
    "100:doubleedge",
    "100:doublekick",
    "100:doubleteam",
    "100:echoedvoice",
    "100:endure",
    "100:facade",
    "100:flail",
    "100:focusenergy",
    "100:frustration",
    "100:growl",
    "100:headbutt",
    "100:healbell",
    "100:helpinghand",
    "100:hiddenpower",
    "100:hypervoice",
    "100:irontail",
    "100:laserfocus",
    "100:lastresort",
    "100:mimic",
    "100:mudslap",
    "100:payday",
    "100:protect",
    "100:quickattack",
    "100:rage",
    "100:raindance",
    "100:reflect",
    "100:rest",
    "100:return",
    "100:sandattack",
    "100:shadowball",
    "100:sing",
    "100:skullbash",
    "100:sleeptalk",
    "100:snore",
    "100:substitute",
    "100:sunnyday",
    "100:swagger",
    "100:swift",
    "100:tackle",
    "100:tailwhip",
    "100:takedown",
    "100:toxic",
    "100:trumpcard"
  ],
  "labels": [
    "gen1"
  ],
  "pokedex": [
    "cobblemon.species.eevee.desc"
  ],
  "evolutions": [
    {
      "id": "eevee_vaporeon",
      "variant": "item_interact",
      "result": "vaporeon",
      "consumeHeldItem": false,
      "learnableMoves": [
        "watergun"
      ],
      "requirements": [],
      "requiredContext": "cobblemon:water_stone"
    },
    {
      "id": "eevee_jolteon",
      "variant": "item_interact",
      "result": "jolteon",
      "consumeHeldItem": false,
      "learnableMoves": [
        "thundershock"
      ],
      "requirements": [],
      "requiredContext": "cobblemon:thunder_stone"
    },
    {
      "id": "eevee_flareon",
      "variant": "item_interact",
      "result": "flareon",
      "consumeHeldItem": false,
      "learnableMoves": [
        "ember"
      ],
      "requirements": [],
      "requiredContext": "cobblemon:fire_stone"
    },
    {
      "id": "eevee_espeon",
      "variant": "level_up",
      "result": "espeon",
      "consumeHeldItem": false,
      "learnableMoves": [],
      "requirements": [
        {
          "variant": "friendship",
          "amount": 160
        },
        {
          "variant": "time_range",
          "range": "day"
        }
      ]
    },
    {
      "id": "eevee_umbreon",
      "variant": "level_up",
      "result": "umbreon",
      "consumeHeldItem": false,
      "learnableMoves": [],
      "requirements": [
        {
          "variant": "friendship",
          "amount": 160
        },
        {
          "variant": "time_range",
          "range": "night"
        }
      ]
    },
    {
      "id": "eevee_leafeon",
      "variant": "item_interact",
      "result": "leafeon",
      "consumeHeldItem": false,
      "learnableMoves": [],
      "requirements": [],
      "requiredContext": "cobblemon:leaf_stone"
    },
    {
      "id": "eevee_glaceon",
      "variant": "item_interact",
      "result": "glaceon",
      "consumeHeldItem": false,
      "learnableMoves": [],
      "requirements": [],
      "requiredContext": "cobblemon:ice_stone"
    },
    {
      "id": "eevee_sylveon",
      "variant": "level_up",
      "result": "sylveon",
      "consumeHeldItem": false,
      "learnableMoves": [],
      "requirements": [
        {
          "variant": "friendship",
          "amount": 160
        },
        {
          "variant": "has_move_type",
          "type": "fairy"
        }
      ]
    }
  ],
  "baseScale": 0.5,
  "hitbox": {
    "width": 0.9,
    "height": 1,
    "fixed": false
  },
  "baseFriendship": 50,
  "evYield": {
    "hp": 0,
    "attack": 0,
    "defence": 0,
    "special_attack": 0,
    "special_defence": 1,
    "speed": 0
  },
  "height": 3,
  "weight": 65,
  "aspects": [],
  "cannotDynamax": false,
  "drops": {
    "amount": 2,
    "entries": [
      {
        "item": "cobblemon:silk_scarf",
        "percentage": 5.0
      },
      {
        "item": "cobblemon:eviolite",
        "percentage": 5.0
      }
    ]
  }
}
