{
  "implemented": true,
  "name": "Farfetch’d",
  "nationalPokedexNumber": 83,
  "primaryType": "normal",
  "secondaryType": "flying",
  "abilities": [
    "keeneye",
    "innerfocus",
    "h:defiant"
  ],
  "baseStats": {
    "hp": 52,
    "attack": 90,
    "defence": 55,
    "special_attack": 58,
    "special_defence": 62,
    "speed": 60
  },
  "features": [
    "galarian"
  ],
  "catchRate": 45,
  "maleRatio": 0.5,
  "shoulderMountable": false,
  "forms": [
    {
      "name": "Galar",
      "primaryType": "fighting",
      "abilities": [
        "steadfast",
        "h:scrappy"
      ],
      "baseStats": {
        "hp": 52,
        "attack": 95,
        "defence": 55,
        "special_attack": 58,
        "special_defence": 62,
        "speed": 55
      },
      "catchRate": 45,
      "maleRatio": 0.5,
      "baseExperienceYield": 132,
      "baseFriendship": 50,
      "evYield": {
        "hp": 0,
        "attack": 1,
        "defence": 0,
        "special_attack": 0,
        "special_defence": 0,
        "speed": 0
      },
      "experienceGroup": "medium_fast",
      "eggCycles": 20,
      "eggGroups": [
        "flying",
        "field"
      ],
      "moves": [
        "1:peck",
        "1:sandattack",
        "5:leer",
        "10:furycutter",
        "15:rocksmash",
        "20:brutalswing",
        "25:detect",
        "30:knockoff",
        "35:defog",
        "40:brickbreak",
        "45:swordsdance",
        "50:slam",
        "55:leafblade",
        "60:finalgambit",
        "65:bravebird",
        "100:counter",
        "100:covet",
        "100:curse",
        "100:doubleedge",
        "100:feint",
        "100:flail",
        "100:nightslash",
        "100:quickattack",
        "100:quickguard",
        "100:simplebeam",
        "100:skyattack",
        "100:assurance",
        "100:attract",
        "100:bodyslam",
        "100:bravebird",
        "100:brickbreak",
        "100:brutalswing",
        "100:closecombat",
        "100:endure",
        "100:facade",
        "100:focusenergy",
        "100:helpinghand",
        "100:leafblade",
        "100:poisonjab",
        "100:protect",
        "100:rest",
        "100:retaliate",
        "100:revenge",
        "100:round",
        "100:sleeptalk",
        "100:snore",
        "100:solarblade",
        "100:steelwing",
        "100:substitute",
        "100:sunnyday",
        "100:superpower",
        "100:swordsdance",
        "100:throatchop",
        "100:workup",
        "100:dualwingbeat"
      ],
      "labels": [
        "gen8",
        "galar_regional"
      ],
      "aspects": [
        "galarian"
      ],
      "height": 8,
      "weight": 150,
      "evolutions": [
        {
          "id": "farfetchd_sirfetchd",
          "variant": "level_up",
          "result": "sirfetchd",
          "consumeHeldItem": false,
          "learnableMoves": [],
          "requirements": [
            {
              "variant": "battle_critical_hits",
              "amount": 3
            }
          ]
        }
      ],
      "cannotDynamax": false,
      "battleOnly": false,
      "drops": {
        "amount": 4,
        "entries": [
          {
            "item": "minecraft:feather",
            "quantityRange": "0-1"
          },
          {
            "item": "minecraft:chicken"
          },
          {
            "item": "cobblemon:medicinal_leek",
            "quantityRange": "0-1"
          },
          {
            "item": "cobblemon:coba_berry",
            "percentage": 2.5
          }
        ]
      }
    }
  ],
  "baseExperienceYield": 132,
  "experienceGroup": "medium_fast",
  "eggCycles": 20,
  "eggGroups": [
    "flying",
    "field"
  ],
  "behaviour": {
    "resting": {
      "canSleep": true,
      "depth": "normal",
      "light": "0-4"
    },
    "moving": {
      "fly": {
        "canFly": true
      },
      "walk": {
        "walkSpeed": 0.3
      }
    }
  },
  "drops": {
    "amount": 4,
    "entries": [
      {
        "item": "minecraft:feather",
        "quantityRange": "0-1"
      },
      {
        "item": "minecraft:chicken"
      },
      {
        "item": "cobblemon:medicinal_leek",
        "quantityRange": "0-1"
      },
      {
        "item": "cobblemon:chilan_berry",
        "percentage": 5.0
      }
    ]
  },
  "moves": [
    "1:peck",
    "1:poisonjab",
    "1:sandattack",
    "5:leer",
    "7:furyattack",
    "10:furycutter",
    "15:cut",
    "20:aerialace",
    "25:aircutter",
    "30:knockoff",
    "33:nightslash",
    "35:falseswipe",
    "37:acrobatics",
    "40:slash",
    "43:feint",
    "45:swordsdance",
    "50:airslash",
    "55:leafblade",
    "60:agility",
    "65:bravebird",
    "100:covet",
    "100:curse",
    "100:featherdance",
    "100:feint",
    "100:finalgambit",
    "100:firstimpression",
    "100:flail",
    "100:foresight",
    "100:gust",
    "100:leafblade",
    "100:mirrormove",
    "100:mudslap",
    "100:nightslash",
    "100:quickattack",
    "100:revenge",
    "100:roost",
    "100:simplebeam",
    "100:skyattack",
    "100:steelwing",
    "100:trumpcard",
    "100:acrobatics",
    "100:aerialace",
    "100:agility",
    "100:airslash",
    "100:attract",
    "100:batonpass",
    "100:bodyslam",
    "100:bravebird",
    "100:brutalswing",
    "100:captivate",
    "100:closecombat",
    "100:confide",
    "100:cut",
    "100:defog",
    "100:doubleteam",
    "100:endure",
    "100:facade",
    "100:falseswipe",
    "100:fly",
    "100:focusenergy",
    "100:frustration",
    "100:heatwave",
    "100:helpinghand",
    "100:hiddenpower",
    "100:irontail",
    "100:leafblade",
    "100:naturalgift",
    "100:pluck",
    "100:poisonjab",
    "100:protect",
    "100:psychup",
    "100:rest",
    "100:retaliate",
    "100:return",
    "100:revenge",
    "100:roost",
    "100:round",
    "100:secretpower",
    "100:sleeptalk",
    "100:snore",
    "100:solarblade",
    "100:steelwing",
    "100:substitute",
    "100:sunnyday",
    "100:swagger",
    "100:swift",
    "100:swordsdance",
    "100:thief",
    "100:throatchop",
    "100:toxic",
    "100:uproar",
    "100:uturn",
    "100:workup",
    "100:aerialace",
    "100:agility",
    "100:aircutter",
    "100:airslash",
    "100:attract",
    "100:batonpass",
    "100:bide",
    "100:bodyslam",
    "100:covet",
    "100:curse",
    "100:cut",
    "100:defog",
    "100:detect",
    "100:doubleedge",
    "100:doubleteam",
    "100:dualwingbeat",
    "100:endure",
    "100:facade",
    "100:falseswipe",
    "100:feint",
    "100:flail",
    "100:fly",
    "100:focusenergy",
    "100:foresight",
    "100:frustration",
    "100:furyattack",
    "100:furycutter",
    "100:gust",
    "100:headbutt",
    "100:heatwave",
    "100:helpinghand",
    "100:hiddenpower",
    "100:irontail",
    "100:knockoff",
    "100:laserfocus",
    "100:lastresort",
    "100:leafblade",
    "100:leer",
    "100:mimic",
    "100:mirrormove",
    "100:mudslap",
    "100:ominouswind",
    "100:peck",
    "100:poisonjab",
    "100:protect",
    "100:psychup",
    "100:quickattack",
    "100:rage",
    "100:razorleaf",
    "100:razorwind",
    "100:reflect",
    "100:rest",
    "100:return",
    "100:roost",
    "100:sandattack",
    "100:skullbash",
    "100:skyattack",
    "100:slash",
    "100:sleeptalk",
    "100:snore",
    "100:steelwing",
    "100:substitute",
    "100:sunnyday",
    "100:swagger",
    "100:swift",
    "100:swordsdance",
    "100:tailwind",
    "100:takedown",
    "100:thief",
    "100:throatchop",
    "100:toxic",
    "100:twister",
    "100:uproar",
    "100:uturn",
    "100:whirlwind",
    "100:wish",
    "100:yawn"
  ],
  "labels": [
    "gen1",
    "kanto_regional"
  ],
  "pokedex": [
    "cobblemon.species.farfetchd.desc"
  ],
  "baseScale": 0.8,
  "hitbox": {
    "width": 0.7,
    "height": 1.0,
    "fixed": false
  },
  "baseFriendship": 50,
  "evYield": {
    "hp": 0,
    "attack": 1,
    "defence": 0,
    "special_attack": 0,
    "special_defence": 0,
    "speed": 0
  },
  "height": 8,
  "weight": 150,
  "aspects": [],
  "evolutions": [],
  "cannotDynamax": false
}
