{
  "implemented": true,
  "name": "Fearow",
  "nationalPokedexNumber": 22,
  "primaryType": "normal",
  "secondaryType": "flying",
  "abilities": [
    "keeneye",
    "h:sniper"
  ],
  "baseStats": {
    "hp": 65,
    "attack": 90,
    "defence": 65,
    "special_attack": 61,
    "special_defence": 61,
    "speed": 100
  },
  "catchRate": 90,
  "maleRatio": 0.5,
  "shoulderMountable": false,
  "baseExperienceYield": 155,
  "experienceGroup": "medium_fast",
  "eggCycles": 15,
  "eggGroups": [
    "flying"
  ],
  "behaviour": {
    "moving": {
      "fly": {
        "canFly": true
      },
      "walk": {
        "canWalk": true
      }
    },
    "resting": {
      "canSleep": false,
      "willSleepOnBed": false,
      "depth": "normal",
      "light": "0-4"
    }
  },
  "drops": {
    "amount": 5,
    "entries": [
      {
        "item": "minecraft:feather",
        "quantityRange": "0-2"
      },
      {
        "item": "minecraft:chicken"
      },
      {
        "item": "cobblemon:sharp_beak",
        "percentage": 5.0
      },
      {
        "item": "cobblemon:charti_berry",
        "percentage": 5.0
      }
    ]
  },
  "moves": [
    "1:drillrun",
    "1:growl",
    "1:leer",
    "1:peck",
    "1:pluck",
    "1:pursuit",
    "11:furyattack",
    "15:aerialace",
    "18:mirrormove",
    "23:assurance",
    "27:agility",
    "32:focusenergy",
    "36:roost",
    "41:drillpeck",
    "100:aerialace",
    "100:attract",
    "100:captivate",
    "100:confide",
    "100:defog",
    "100:doubleteam",
    "100:echoedvoice",
    "100:endure",
    "100:facade",
    "100:falseswipe",
    "100:fly",
    "100:frustration",
    "100:gigaimpact",
    "100:hiddenpower",
    "100:hyperbeam",
    "100:naturalgift",
    "100:pluck",
    "100:protect",
    "100:raindance",
    "100:rest",
    "100:return",
    "100:roost",
    "100:round",
    "100:secretpower",
    "100:sleeptalk",
    "100:steelwing",
    "100:substitute",
    "100:sunnyday",
    "100:swagger",
    "100:thief",
    "100:toxic",
    "100:uturn",
    "100:workup",
    "100:agility",
    "100:aircutter",
    "100:attract",
    "100:bide",
    "100:curse",
    "100:defog",
    "100:detect",
    "100:doubleedge",
    "100:doubleteam",
    "100:drillpeck",
    "100:drillrun",
    "100:endure",
    "100:facade",
    "100:fly",
    "100:focusenergy",
    "100:frustration",
    "100:furyattack",
    "100:growl",
    "100:headbutt",
    "100:heatwave",
    "100:hiddenpower",
    "100:hyperbeam",
    "100:laserfocus",
    "100:leer",
    "100:mimic",
    "100:mirrormove",
    "100:mudslap",
    "100:ominouswind",
    "100:peck",
    "100:protect",
    "100:pursuit",
    "100:quickattack",
    "100:rage",
    "100:razorwind",
    "100:rest",
    "100:return",
    "100:roost",
    "100:skyattack",
    "100:sleeptalk",
    "100:snore",
    "100:steelwing",
    "100:substitute",
    "100:sunnyday",
    "100:swagger",
    "100:swift",
    "100:tailwind",
    "100:takedown",
    "100:thief",
    "100:throatchop",
    "100:toxic",
    "100:triattack",
    "100:twister",
    "100:uproar",
    "100:uturn",
    "100:whirlwind"
  ],
  "labels": [
    "gen1"
  ],
  "pokedex": [
    "cobblemon.species.fearow.desc"
  ],
  "preEvolution": "spearow",
  "evolutions": [],
  "baseScale": 1.3,
  "hitbox": {
    "width": 1,
    "height": 1.4,
    "fixed": false
  },
  "baseFriendship": 70,
  "evYield": {
    "hp": 0,
    "attack": 0,
    "defence": 0,
    "special_attack": 0,
    "special_defence": 0,
    "speed": 2
  },
  "height": 12,
  "weight": 380,
  "aspects": [],
  "cannotDynamax": false
}
