{
  "implemented": true,
  "name": "Flareon",
  "nationalPokedexNumber": 136,
  "primaryType": "fire",
  "abilities": [
    "flashfire",
    "h:guts"
  ],
  "drops": {
    "amount": 2,
    "entries": [
      {
        "item": "cobblemon:fire_stone",
        "percentage": 25.0
      },
      {
        "item": "cobblemon:charcoal_stick",
        "percentage": 10.0
      }
    ]
  },
  "baseStats": {
    "hp": 65,
    "attack": 130,
    "defence": 60,
    "special_attack": 95,
    "special_defence": 110,
    "speed": 65
  },
  "catchRate": 45,
  "maleRatio": 0.875,
  "shoulderMountable": false,
  "baseExperienceYield": 184,
  "experienceGroup": "medium_fast",
  "eggCycles": 35,
  "eggGroups": [
    "field"
  ],
  "moves": [
    "1:batonpass",
    "1:charm",
    "1:copycat",
    "1:covet",
    "1:doubleedge",
    "1:ember",
    "1:growl",
    "1:helpinghand",
    "1:swift",
    "1:tackle",
    "1:tailwhip",
    "1:takedown",
    "5:sandattack",
    "10:quickattack",
    "15:babydolleyes",
    "20:smog",
    "25:bite",
    "30:firefang",
    "35:firespin",
    "40:lavaplume",
    "45:scaryface",
    "47:leer",
    "50:flareblitz",
    "52:flamethrower",
    "55:lastresort",
    "71:fireblast",
    "100:attract",
    "100:alluringvoice",
    "100:batonpass",
    "100:bodyslam",
    "100:burningjealousy",
    "100:calmmind",
    "100:captivate",
    "100:charm",
    "100:confide",
    "100:curse",
    "100:dig",
    "100:doubleedge",
    "100:doubleteam",
    "100:echoedvoice",
    "100:endeavor",
    "100:endure",
    "100:facade",
    "100:faketears",
    "100:fireblast",
    "100:firefang",
    "100:firespin",
    "100:flamecharge",
    "100:flamethrower",
    "100:flareblitz",
    "100:focusenergy",
    "100:frustration",
    "100:gigaimpact",
    "100:heatwave",
    "100:helpinghand",
    "100:hiddenpower",
    "100:hyperbeam",
    "100:hypervoice",
    "100:incinerate",
    "100:irontail",
    "100:mudslap",
    "100:mysticalfire",
    "100:naturalgift",
    "100:overheat",
    "100:payday",
    "100:protect",
    "100:raindance",
    "100:rest",
    "100:retaliate",
    "100:return",
    "100:roar",
    "100:rocksmash",
    "100:round",
    "100:scaryface",
    "100:scorchingsands",
    "100:secretpower",
    "100:shadowball",
    "100:sleeptalk",
    "100:snore",
    "100:storedpower",
    "100:strength",
    "100:substitute",
    "100:sunnyday",
    "100:superpower",
    "100:swagger",
    "100:swift",
    "100:takedown",
    "100:temperflare",
    "100:terablast",
    "100:toxic",
    "100:trailblaze",
    "100:weatherball",
    "100:willowisp",
    "100:workup",
    "100:attract",
    "100:bide",
    "100:bite",
    "100:bodyslam",
    "100:burningjealousy",
    "100:celebrate",
    "100:covet",
    "100:curse",
    "100:detect",
    "100:dig",
    "100:doubleedge",
    "100:doublekick",
    "100:doubleteam",
    "100:ember",
    "100:endure",
    "100:facade",
    "100:fireblast",
    "100:firespin",
    "100:flamethrower",
    "100:flareblitz",
    "100:focusenergy",
    "100:frustration",
    "100:growl",
    "100:headbutt",
    "100:healbell",
    "100:heatwave",
    "100:helpinghand",
    "100:hiddenpower",
    "100:hyperbeam",
    "100:hypervoice",
    "100:irontail",
    "100:laserfocus",
    "100:lastresort",
    "100:leer",
    "100:mimic",
    "100:mudslap",
    "100:payday",
    "100:protect",
    "100:quickattack",
    "100:rage",
    "100:raindance",
    "100:reflect",
    "100:rest",
    "100:return",
    "100:roar",
    "100:sandattack",
    "100:scorchingsands",
    "100:shadowball",
    "100:skullbash",
    "100:sleeptalk",
    "100:smog",
    "100:snore",
    "100:substitute",
    "100:sunnyday",
    "100:superpower",
    "100:swagger",
    "100:swift",
    "100:tackle",
    "100:tailwhip",
    "100:takedown",
    "100:toxic",
    "100:willowisp",
    "100:yawn",
    "100:zapcannon"
  ],
  "labels": [
    "gen1"
  ],
  "pokedex": [
    "cobblemon.species.flareon.desc"
  ],
  "preEvolution": "eevee",
  "evolutions": [],
  "baseScale": 0.8,
  "hitbox": {
    "width": 0.9,
    "height": 1.1,
    "fixed": false
  },
  "baseFriendship": 50,
  "evYield": {
    "hp": 0,
    "attack": 2,
    "defence": 0,
    "special_attack": 0,
    "special_defence": 0,
    "speed": 0
  },
  "height": 9,
  "weight": 250,
  "aspects": [],
  "cannotDynamax": false
}
