{
  "implemented": true,
  "name": "Grimer",
  "nationalPokedexNumber": 88,
  "primaryType": "poison",
  "abilities": [
    "stench",
    "stickyhold",
    "h:poisontouch"
  ],
  "baseStats": {
    "hp": 80,
    "attack": 80,
    "defence": 50,
    "special_attack": 40,
    "special_defence": 50,
    "speed": 25
  },
  "features": [
    "alolan"
  ],
  "catchRate": 190,
  "maleRatio": 0.5,
  "shoulderMountable": false,
  "forms": [
    {
      "name": "Alola",
      "primaryType": "poison",
      "secondaryType": "dark",
      "abilities": [
        "poisontouch",
        "gluttony",
        "h:powerofalchemy"
      ],
      "baseStats": {
        "hp": 80,
        "attack": 80,
        "defence": 50,
        "special_attack": 40,
        "special_defence": 50,
        "speed": 25
      },
      "catchRate": 190,
      "maleRatio": 0.5,
      "baseExperienceYield": 65,
      "baseFriendship": 70,
      "evYield": {
        "hp": 1,
        "attack": 0,
        "defence": 0,
        "special_attack": 0,
        "special_defence": 0,
        "speed": 0
      },
      "experienceGroup": "medium_fast",
      "eggCycles": 20,
      "eggGroups": [
        "amorphous"
      ],
      "moves": [
        "1:poisongas",
        "1:pound",
        "4:harden",
        "7:bite",
        "12:disable",
        "15:acidspray",
        "18:poisonfang",
        "21:minimize",
        "26:fling",
        "26:toxic",
        "29:knockoff",
        "32:crunch",
        "37:screech",
        "40:gunkshot",
        "43:acidarmor",
        "46:belch",
        "48:memento",
        "100:assurance",
        "100:clearsmog",
        "100:curse",
        "100:imprison",
        "100:meanlook",
        "100:poweruppunch",
        "100:pursuit",
        "100:recycle",
        "100:scaryface",
        "100:shadowsneak",
        "100:spite",
        "100:spitup",
        "100:stockpile",
        "100:swallow",
        "100:acidspray",
        "100:attract",
        "100:bodyslam",
        "100:brickbreak",
        "100:brutalswing",
        "100:confide",
        "100:crunch",
        "100:curse",
        "100:darkpulse",
        "100:dig",
        "100:doubleteam",
        "100:drainpunch",
        "100:embargo",
        "100:endure",
        "100:explosion",
        "100:facade",
        "100:fireblast",
        "100:firepunch",
        "100:flamethrower",
        "100:fling",
        "100:frustration",
        "100:gigadrain",
        "100:gigaimpact",
        "100:gunkshot",
        "100:helpinghand",
        "100:hex",
        "100:hiddenpower",
        "100:hyperbeam",
        "100:icepunch",
        "100:imprison",
        "100:infestation",
        "100:knockoff",
        "100:metronome",
        "100:mudshot",
        "100:mudslap",
        "100:painsplit",
        "100:payback",
        "100:poisonjab",
        "100:protect",
        "100:quash",
        "100:raindance",
        "100:rest",
        "100:return",
        "100:rockpolish",
        "100:rockslide",
        "100:rocktomb",
        "100:round",
        "100:sandstorm",
        "100:scaryface",
        "100:shadowball",
        "100:sleeptalk",
        "100:sludgebomb",
        "100:sludgewave",
        "100:snarl",
        "100:spite",
        "100:stoneedge",
        "100:substitute",
        "100:sunnyday",
        "100:swagger",
        "100:swift",
        "100:takedown",
        "100:taunt",
        "100:terablast",
        "100:thief",
        "100:thunder",
        "100:thunderbolt",
        "100:thunderpunch",
        "100:torment",
        "100:toxic",
        "100:venoshock",
        "100:zenheadbutt",
        "100:acidarmor",
        "100:bite",
        "100:crunch",
        "100:dig",
        "100:disable",
        "100:facade",
        "100:fireblast",
        "100:firepunch",
        "100:flamethrower",
        "100:gastroacid",
        "100:gigadrain",
        "100:gunkshot",
        "100:harden",
        "100:headbutt",
        "100:helpinghand",
        "100:icepunch",
        "100:knockoff",
        "100:megadrain",
        "100:minimize",
        "100:painsplit",
        "100:poisongas",
        "100:poisonjab",
        "100:pound",
        "100:protect",
        "100:rest",
        "100:rockslide",
        "100:screech",
        "100:selfdestruct",
        "100:shadowball",
        "100:shockwave",
        "100:sludgebomb",
        "100:snore",
        "100:spite",
        "100:substitute",
        "100:taunt",
        "100:thunderpunch",
        "100:toxic"
      ],
      "labels": [
        "gen7",
        "alola_regional"
      ],
      "aspects": [
        "alolan"
      ],
      "height": 7,
      "weight": 420,
      "evolutions": [
        {
          "id": "grimer_muk",
          "variant": "level_up",
          "result": "muk alolan",
          "consumeHeldItem": false,
          "learnableMoves": [],
          "requirements": [
            {
              "variant": "level",
              "minLevel": 38
            }
          ]
        }
      ],
      "cannotDynamax": false,
      "battleOnly": false,
      "drops": {
        "amount": 3,
        "entries": [
          {
            "item": "minecraft:slime_ball",
            "quantityRange": "0-1"
          },
          {
            "item": "cobblemon:black_sludge",
            "percentage": 2.5
          },
          {
            "item": "cobblemon:toxic_orb",
            "percentage": 2.5
          }
        ]
      }
    }
  ],
  "baseExperienceYield": 65,
  "experienceGroup": "medium_fast",
  "eggCycles": 20,
  "eggGroups": [
    "amorphous"
  ],
  "behaviour": {
    "moving": {
      "swim": {
        "canWalkOnWater": true
      }
    }
  },
  "drops": {
    "amount": 3,
    "entries": [
      {
        "item": "minecraft:slime_ball",
        "quantityRange": "0-1"
      },
      {
        "item": "cobblemon:black_sludge",
        "percentage": 2.5
      },
      {
        "item": "cobblemon:toxic_orb",
        "percentage": 2.5
      }
    ]
  },
  "moves": [
    "1:poisongas",
    "1:pound",
    "4:harden",
    "7:mudslap",
    "12:disable",
    "15:sludge",
    "18:mudbomb",
    "18:mudshot",
    "21:minimize",
    "26:fling",
    "26:toxic",
    "29:sludgebomb",
    "32:sludgewave",
    "37:screech",
    "40:gunkshot",
    "43:acidarmor",
    "46:belch",
    "48:memento",
    "100:acidspray",
    "100:curse",
    "100:explosion",
    "100:haze",
    "100:imprison",
    "100:lick",
    "100:meanlook",
    "100:poweruppunch",
    "100:scaryface",
    "100:shadowpunch",
    "100:shadowsneak",
    "100:spitup",
    "100:stockpile",
    "100:swallow",
    "100:acidspray",
    "100:attract",
    "100:bodyslam",
    "100:captivate",
    "100:confide",
    "100:confuseray",
    "100:curse",
    "100:dig",
    "100:doubleteam",
    "100:drainpunch",
    "100:endure",
    "100:explosion",
    "100:facade",
    "100:fireblast",
    "100:firepunch",
    "100:flamethrower",
    "100:fling",
    "100:frustration",
    "100:gigadrain",
    "100:gunkshot",
    "100:haze",
    "100:helpinghand",
    "100:hex",
    "100:hiddenpower",
    "100:icepunch",
    "100:imprison",
    "100:incinerate",
    "100:infestation",
    "100:metronome",
    "100:mudshot",
    "100:mudslap",
    "100:naturalgift",
    "100:painsplit",
    "100:payback",
    "100:poisonjab",
    "100:poweruppunch",
    "100:protect",
    "100:raindance",
    "100:rest",
    "100:return",
    "100:rockslide",
    "100:rocktomb",
    "100:round",
    "100:sandstorm",
    "100:scaryface",
    "100:secretpower",
    "100:shadowball",
    "100:shockwave",
    "100:sleeptalk",
    "100:sludgebomb",
    "100:sludgewave",
    "100:strength",
    "100:substitute",
    "100:sunnyday",
    "100:swagger",
    "100:takedown",
    "100:taunt",
    "100:terablast",
    "100:thief",
    "100:thunder",
    "100:thunderbolt",
    "100:thunderpunch",
    "100:torment",
    "100:toxic",
    "100:venoshock",
    "100:zenheadbutt",
    "100:acidarmor",
    "100:attract",
    "100:bide",
    "100:bodyslam",
    "100:curse",
    "100:dig",
    "100:disable",
    "100:doubleteam",
    "100:dynamicpunch",
    "100:endure",
    "100:explosion",
    "100:facade",
    "100:fireblast",
    "100:firepunch",
    "100:flamethrower",
    "100:frustration",
    "100:gigadrain",
    "100:gunkshot",
    "100:harden",
    "100:haze",
    "100:headbutt",
    "100:helpinghand",
    "100:hiddenpower",
    "100:icepunch",
    "100:lick",
    "100:meanlook",
    "100:megadrain",
    "100:mimic",
    "100:minimize",
    "100:mudslap",
    "100:painsplit",
    "100:poisongas",
    "100:poisonjab",
    "100:pound",
    "100:protect",
    "100:rage",
    "100:rest",
    "100:return",
    "100:rockslide",
    "100:screech",
    "100:selfdestruct",
    "100:shadowball",
    "100:shadowpunch",
    "100:shadowsneak",
    "100:shockwave",
    "100:sleeptalk",
    "100:sludge",
    "100:sludgebomb",
    "100:snore",
    "100:substitute",
    "100:sunnyday",
    "100:swagger",
    "100:taunt",
    "100:thief",
    "100:thunder",
    "100:thunderbolt",
    "100:thunderpunch",
    "100:toxic",
    "100:zapcannon"
  ],
  "labels": [
    "gen1",
    "kanto_regional"
  ],
  "pokedex": [
    "cobblemon.species.grimer.desc"
  ],
  "baseScale": 1,
  "hitbox": {
    "width": 1,
    "height": 1.2,
    "fixed": false
  },
  "baseFriendship": 70,
  "evYield": {
    "hp": 1,
    "attack": 0,
    "defence": 0,
    "special_attack": 0,
    "special_defence": 0,
    "speed": 0
  },
  "height": 9,
  "weight": 300,
  "evolutions": [
    {
      "id": "grimer_muk",
      "variant": "level_up",
      "result": "muk",
      "consumeHeldItem": false,
      "learnableMoves": [],
      "requirements": [
        {
          "variant": "level",
          "minLevel": 38
        }
      ]
    }
  ],
  "aspects": [],
  "cannotDynamax": false
}
