{
  "implemented": true,
  "name": "Hitmonlee",
  "nationalPokedexNumber": 106,
  "primaryType": "fighting",
  "abilities": [
    "limber",
    "reckless",
    "h:unburden"
  ],
  "baseStats": {
    "hp": 50,
    "attack": 120,
    "defence": 53,
    "special_attack": 35,
    "special_defence": 110,
    "speed": 87
  },
  "catchRate": 45,
  "maleRatio": 1,
  "shoulderMountable": false,
  "baseExperienceYield": 159,
  "experienceGroup": "medium_fast",
  "eggCycles": 25,
  "eggGroups": [
    "human_like"
  ],
  "behaviour": {
    "resting": {
      "canSleep": true,
      "willSleepOnBed": false,
      "depth": "normal",
      "light": "0-4"
    }
  },
  "drops": {
    "amount": 2,
    "entries": [
      {
        "item": "cobblemon:black_belt",
        "percentage": 5.0
      },
      {
        "item": "cobblemon:payapa_berry",
        "percentage": 5.0
      }
    ]
  },
  "moves": [
    "1:fakeout",
    "1:feint",
    "1:focusenergy",
    "1:helpinghand",
    "1:jumpkick",
    "1:lowsweep",
    "1:meditate",
    "1:rollingkick",
    "1:tackle",
    "4:doublekick",
    "8:lowkick",
    "12:endure",
    "16:revenge",
    "16:suckerpunch",
    "17:brickbreak",
    "21:wideguard",
    "24:blazekick",
    "28:feint",
    "28:mindreader",
    "32:megakick",
    "36:closecombat",
    "37:foresight",
    "40:reversal",
    "44:highjumpkick",
    "100:attract",
    "50:axekick",
    "100:aurasphere",
    "100:batonpass",
    "100:blazekick",
    "100:bodyslam",
    "100:bounce",
    "100:brickbreak",
    "100:bulkup",
    "100:bulldoze",
    "100:captivate",
    "100:closecombat",
    "100:coaching",
    "100:confide",
    "100:doubleedge",
    "100:doubleteam",
    "100:earthquake",
    "100:endeavor",
    "100:endure",
    "100:facade",
    "100:fling",
    "100:focusblast",
    "100:focusenergy",
    "100:focuspunch",
    "100:frustration",
    "100:gigaimpact",
    "100:helpinghand",
    "100:hiddenpower",
    "100:knockoff",
    "100:lowkick",
    "100:lowsweep",
    "100:lunge",
    "100:megakick",
    "100:megapunch",
    "100:metronome",
    "100:mudslap",
    "100:naturalgift",
    "100:poisonjab",
    "100:poweruppunch",
    "100:protect",
    "100:raindance",
    "100:rest",
    "100:retaliate",
    "100:return",
    "100:revenge",
    "100:reversal",
    "100:rockclimb",
    "100:rockslide",
    "100:rocksmash",
    "100:rocktomb",
    "100:round",
    "100:scaryface",
    "100:secretpower",
    "100:sleeptalk",
    "100:snore",
    "100:stompingtantrum",
    "100:stoneedge",
    "100:strength",
    "100:substitute",
    "100:sunnyday",
    "100:superpower",
    "100:swagger",
    "100:swift",
    "100:swordsdance",
    "100:takedown",
    "100:taunt",
    "100:terablast",
    "100:thief",
    "100:throatchop",
    "100:toxic",
    "100:upperhand",
    "100:uproar",
    "100:vacuumwave",
    "100:workup",
    "100:attract",
    "100:bide",
    "100:bodyslam",
    "100:bounce",
    "100:brickbreak",
    "100:bulkup",
    "100:coaching",
    "100:counter",
    "100:covet",
    "100:curse",
    "100:detect",
    "100:doubleedge",
    "100:doublekick",
    "100:doubleteam",
    "100:dynamicpunch",
    "100:earthquake",
    "100:endure",
    "100:facade",
    "100:feint",
    "100:focusenergy",
    "100:focuspunch",
    "100:foresight",
    "100:frustration",
    "100:headbutt",
    "100:helpinghand",
    "100:hiddenpower",
    "100:highjumpkick",
    "100:jumpkick",
    "100:knockoff",
    "100:laserfocus",
    "100:lowkick",
    "100:meditate",
    "100:megakick",
    "100:megapunch",
    "100:metronome",
    "100:mimic",
    "100:mindreader",
    "100:mudslap",
    "100:poisonjab",
    "100:protect",
    "100:rage",
    "100:refresh",
    "100:rest",
    "100:return",
    "100:reversal",
    "100:rockslide",
    "100:rocksmash",
    "100:roleplay",
    "100:rollingkick",
    "100:seismictoss",
    "100:skullbash",
    "100:sleeptalk",
    "100:snore",
    "100:stompingtantrum",
    "100:strength",
    "100:submission",
    "100:substitute",
    "100:suckerpunch",
    "100:sunnyday",
    "100:superpower",
    "100:swagger",
    "100:swift",
    "100:takedown",
    "100:thief",
    "100:toxic",
    "100:vacuumwave"
  ],
  "labels": [
    "gen1"
  ],
  "pokedex": [
    "cobblemon.species.hitmonlee.desc"
  ],
  "preEvolution": "tyrogue",
  "evolutions": [],
  "baseScale": 1.2,
  "hitbox": {
    "width": 0.6,
    "height": 1.45,
    "fixed": false
  },
  "baseFriendship": 50,
  "evYield": {
    "hp": 0,
    "attack": 2,
    "defence": 0,
    "special_attack": 0,
    "special_defence": 0,
    "speed": 0
  },
  "height": 15,
  "weight": 498,
  "aspects": [],
  "cannotDynamax": false
}
