{
  "implemented": true,
  "name": "Jynx",
  "nationalPokedexNumber": 124,
  "primaryType": "ice",
  "secondaryType": "psychic",
  "abilities": [
    "oblivious",
    "forewarn",
    "h:dryskin"
  ],
  "drops": {
    "amount": 1,
    "entries": [
      {
        "item": "cobblemon:aspear_berry",
        "percentage": 5.0
      }
    ]
  },
  "baseStats": {
    "hp": 65,
    "attack": 50,
    "defence": 35,
    "special_attack": 115,
    "special_defence": 95,
    "speed": 95
  },
  "catchRate": 45,
  "maleRatio": 0,
  "shoulderMountable": false,
  "baseExperienceYield": 159,
  "experienceGroup": "medium_fast",
  "eggCycles": 25,
  "eggGroups": [
    "human_like"
  ],
  "moves": [
    "1:copycat",
    "1:drainingkiss",
    "1:lick",
    "1:pound",
    "1:powdersnow",
    "1:sweetkiss",
    "12:confusion",
    "15:doubleslap",
    "16:covet",
    "20:sing",
    "21:heartstamp",
    "24:faketears",
    "28:icepunch",
    "33:wakeupslap",
    "34:psychic",
    "39:avalanche",
    "40:lovelykiss",
    "44:bodyslam",
    "46:meanlook",
    "49:wringout",
    "52:perishsong",
    "58:blizzard",
    "100:allyswitch",
    "100:attract",
    "100:auroraveil",
    "100:avalanche",
    "100:blizzard",
    "100:bodyslam",
    "100:brickbreak",
    "100:calmmind",
    "100:captivate",
    "100:charm",
    "100:confide",
    "100:doubleteam",
    "100:drainingkiss",
    "100:drainpunch",
    "100:dreameater",
    "100:echoedvoice",
    "100:encore",
    "100:endure",
    "100:energyball",
    "100:facade",
    "100:faketears",
    "100:flash",
    "100:fling",
    "100:focusblast",
    "100:focuspunch",
    "100:frostbreath",
    "100:frustration",
    "100:futuresight",
    "100:gigaimpact",
    "100:grassknot",
    "100:hail",
    "100:helpinghand",
    "100:hiddenpower",
    "100:hyperbeam",
    "100:hypervoice",
    "100:icebeam",
    "100:icepunch",
    "100:iciclespear",
    "100:icywind",
    "100:lightscreen",
    "100:magicroom",
    "100:megakick",
    "100:megapunch",
    "100:metronome",
    "100:nastyplot",
    "100:naturalgift",
    "100:payback",
    "100:poweruppunch",
    "100:protect",
    "100:psychic",
    "100:psychicterrain",
    "100:psychocut",
    "100:psychup",
    "100:psyshock",
    "100:raindance",
    "100:recycle",
    "100:reflect",
    "100:rest",
    "100:return",
    "100:round",
    "100:secretpower",
    "100:shadowball",
    "100:skillswap",
    "100:sleeptalk",
    "100:snore",
    "100:storedpower",
    "100:substitute",
    "100:swagger",
    "100:taunt",
    "100:telekinesis",
    "100:thief",
    "100:torment",
    "100:toxic",
    "100:trick",
    "100:trickroom",
    "100:uproar",
    "100:waterpulse",
    "100:wonderroom",
    "100:zenheadbutt",
    "100:allyswitch",
    "100:attract",
    "100:bide",
    "100:blizzard",
    "100:bodyslam",
    "100:brickbreak",
    "100:bubblebeam",
    "100:calmmind",
    "100:confusion",
    "100:counter",
    "100:covet",
    "100:curse",
    "100:doubleedge",
    "100:doubleslap",
    "100:doubleteam",
    "100:drainpunch",
    "100:dreameater",
    "100:dynamicpunch",
    "100:endure",
    "100:expandingforce",
    "100:facade",
    "100:focuspunch",
    "100:frustration",
    "100:headbutt",
    "100:healbell",
    "100:helpinghand",
    "100:hiddenpower",
    "100:hyperbeam",
    "100:hypervoice",
    "100:icebeam",
    "100:icepunch",
    "100:icywind",
    "100:lick",
    "100:lightscreen",
    "100:lovelykiss",
    "100:magiccoat",
    "100:magicroom",
    "100:meanlook",
    "100:megakick",
    "100:megapunch",
    "100:metronome",
    "100:mimic",
    "100:mudslap",
    "100:nightmare",
    "100:perishsong",
    "100:pound",
    "100:powdersnow",
    "100:protect",
    "100:psychic",
    "100:psychup",
    "100:psywave",
    "100:rage",
    "100:raindance",
    "100:recycle",
    "100:reflect",
    "100:rest",
    "100:return",
    "100:roleplay",
    "100:screech",
    "100:seismictoss",
    "100:shadowball",
    "100:signalbeam",
    "100:skillswap",
    "100:skullbash",
    "100:sleeptalk",
    "100:snore",
    "100:submission",
    "100:substitute",
    "100:swagger",
    "100:sweetscent",
    "100:takedown",
    "100:taunt",
    "100:telekinesis",
    "100:teleport",
    "100:thief",
    "100:thrash",
    "100:toxic",
    "100:trick",
    "100:tripleaxel",
    "100:watergun",
    "100:waterpulse",
    "100:wonderroom",
    "100:zenheadbutt"
  ],
  "labels": [
    "gen1"
  ],
  "pokedex": [
    "cobblemon.species.jynx.desc"
  ],
  "preEvolution": "smoochum",
  "evolutions": [],
  "baseScale": 1.3,
  "hitbox": {
    "width": 0.9,
    "height": 1.2,
    "fixed": false
  },
  "baseFriendship": 50,
  "evYield": {
    "hp": 0,
    "attack": 0,
    "defence": 0,
    "special_attack": 2,
    "special_defence": 0,
    "speed": 0
  },
  "height": 14,
  "weight": 406,
  "aspects": [],
  "cannotDynamax": false
}
