{
  "implemented": true,
  "name": "Kingler",
  "nationalPokedexNumber": 99,
  "primaryType": "water",
  "abilities": [
    "hypercutter",
    "shellarmor",
    "h:sheerforce"
  ],
  "baseStats": {
    "hp": 55,
    "attack": 130,
    "defence": 115,
    "special_attack": 50,
    "special_defence": 50,
    "speed": 75
  },
  "catchRate": 60,
  "maleRatio": 0.5,
  "shoulderMountable": false,
  "forms": [
    {
      "name": "Gmax",
      "primaryType": "water",
      "abilities": [
        "hypercutter",
        "shellarmor",
        "h:sheerforce"
      ],
      "baseStats": {
        "hp": 55,
        "attack": 130,
        "defence": 115,
        "special_attack": 50,
        "special_defence": 50,
        "speed": 75
      },
      "catchRate": 60,
      "maleRatio": 0.5,
      "baseExperienceYield": 166,
      "baseFriendship": 50,
      "evYield": {
        "hp": 0,
        "attack": 2,
        "defence": 0,
        "special_attack": 0,
        "special_defence": 0,
        "speed": 0
      },
      "experienceGroup": "medium_fast",
      "eggCycles": 20,
      "eggGroups": [
        "water_3"
      ],
      "labels": [
        "gen8",
        "gmax"
      ],
      "aspects": [
        "gmax"
      ],
      "height": 190,
      "weight": 0,
      "cannotDynamax": false,
      "battleOnly": false
    }
  ],
  "baseExperienceYield": 166,
  "experienceGroup": "medium_fast",
  "eggCycles": 20,
  "eggGroups": [
    "water_3"
  ],
  "behaviour": {
    "moving": {
      "swim": {
        "swimSpeed": 0.1,
        "canSwimInWater": false,
        "canBreatheUnderwater": true
      }
    }
  },
  "drops": {
    "amount": 2,
    "entries": [
      {
        "item": "cobblemon:kings_rock",
        "percentage": 5.0
      },
      {
        "item": "cobblemon:pinap_berry",
        "percentage": 5.0
      }
    ]
  },
  "moves": [
    "1:bubble",
    "1:hammerarm",
    "1:harden",
    "1:leer",
    "1:metalclaw",
    "1:mudsport",
    "1:visegrip",
    "1:watergun",
    "1:wideguard",
    "12:mudshot",
    "16:protect",
    "20:bubblebeam",
    "24:stomp",
    "31:flail",
    "36:razorshell",
    "42:slam",
    "48:swordsdance",
    "51:brine",
    "54:crabhammer",
    "60:guillotine",
    "100:agility",
    "100:allyswitch",
    "100:amnesia",
    "100:attract",
    "100:blizzard",
    "100:bodyslam",
    "100:brickbreak",
    "100:brine",
    "100:brutalswing",
    "100:captivate",
    "100:confide",
    "100:cut",
    "100:dig",
    "100:dive",
    "100:doubleteam",
    "100:endure",
    "100:facade",
    "100:falseswipe",
    "100:fling",
    "100:frustration",
    "100:gigaimpact",
    "100:hail",
    "100:hiddenpower",
    "100:highhorsepower",
    "100:honeclaws",
    "100:hydropump",
    "100:hyperbeam",
    "100:icebeam",
    "100:icywind",
    "100:irondefense",
    "100:liquidation",
    "100:mudshot",
    "100:naturalgift",
    "100:protect",
    "100:quash",
    "100:raindance",
    "100:razorshell",
    "100:rest",
    "100:return",
    "100:rockslide",
    "100:rocksmash",
    "100:rocktomb",
    "100:round",
    "100:scald",
    "100:secretpower",
    "100:sleeptalk",
    "100:snore",
    "100:stompingtantrum",
    "100:strength",
    "100:substitute",
    "100:superpower",
    "100:surf",
    "100:swagger",
    "100:swordsdance",
    "100:thief",
    "100:toxic",
    "100:waterpulse",
    "100:whirlpool",
    "100:xscissor",
    "100:agility",
    "100:allyswitch",
    "100:amnesia",
    "100:ancientpower",
    "100:attract",
    "100:bide",
    "100:blizzard",
    "100:bodyslam",
    "100:brickbreak",
    "100:bubble",
    "100:bubblebeam",
    "100:crabhammer",
    "100:curse",
    "100:cut",
    "100:dig",
    "100:dive",
    "100:doubleedge",
    "100:doubleteam",
    "100:endure",
    "100:facade",
    "100:frustration",
    "100:furycutter",
    "100:guillotine",
    "100:harden",
    "100:headbutt",
    "100:hiddenpower",
    "100:hyperbeam",
    "100:icebeam",
    "100:icywind",
    "100:irondefense",
    "100:knockoff",
    "100:leer",
    "100:liquidation",
    "100:mimic",
    "100:mudslap",
    "100:protect",
    "100:rage",
    "100:raindance",
    "100:rest",
    "100:return",
    "100:rockslide",
    "100:rocksmash",
    "100:scald",
    "100:slam",
    "100:sleeptalk",
    "100:snore",
    "100:stomp",
    "100:stompingtantrum",
    "100:strength",
    "100:substitute",
    "100:superpower",
    "100:surf",
    "100:swagger",
    "100:swordsdance",
    "100:takedown",
    "100:thief",
    "100:toxic",
    "100:visegrip",
    "100:watergun",
    "100:waterpulse",
    "100:whirlpool",
    "100:xscissor"
  ],
  "labels": [
    "gen1"
  ],
  "pokedex": [
    "cobblemon.species.kingler.desc"
  ],
  "preEvolution": "krabby",
  "evolutions": [],
  "baseScale": 1,
  "hitbox": {
    "width": 1,
    "height": 1,
    "fixed": false
  },
  "baseFriendship": 50,
  "evYield": {
    "hp": 0,
    "attack": 2,
    "defence": 0,
    "special_attack": 0,
    "special_defence": 0,
    "speed": 0
  },
  "height": 13,
  "weight": 600,
  "aspects": [],
  "cannotDynamax": false
}
