{
  "implemented": true,
  "name": "Krabby",
  "nationalPokedexNumber": 98,
  "primaryType": "water",
  "abilities": [
    "hypercutter",
    "shellarmor",
    "h:sheerforce"
  ],
  "baseStats": {
    "hp": 30,
    "attack": 105,
    "defence": 90,
    "special_attack": 25,
    "special_defence": 25,
    "speed": 50
  },
  "catchRate": 225,
  "maleRatio": 0.5,
  "shoulderMountable": false,
  "baseExperienceYield": 65,
  "experienceGroup": "medium_fast",
  "eggCycles": 20,
  "eggGroups": [
    "water_3"
  ],
  "behaviour": {
    "moving": {
      "swim": {
        "swimSpeed": 0.1,
        "canSwimInWater": false,
        "canBreatheUnderwater": true
      }
    }
  },
  "drops": {
    "amount": 2,
    "entries": [
      {
        "item": "cobblemon:kings_rock",
        "percentage": 2.5
      },
      {
        "item": "cobblemon:pinap_berry",
        "percentage": 2.5
      }
    ]
  },
  "moves": [
    "1:bubble",
    "1:leer",
    "1:mudsport",
    "1:watergun",
    "4:harden",
    "5:visegrip",
    "8:metalclaw",
    "12:mudshot",
    "16:protect",
    "20:bubblebeam",
    "24:stomp",
    "29:flail",
    "32:razorshell",
    "36:slam",
    "39:brine",
    "40:swordsdance",
    "44:crabhammer",
    "48:guillotine",
    "100:agility",
    "100:allyswitch",
    "100:amnesia",
    "100:ancientpower",
    "100:bide",
    "100:chipaway",
    "100:dig",
    "100:endure",
    "100:flail",
    "100:hammerarm",
    "100:haze",
    "100:knockoff",
    "100:nightslash",
    "100:slam",
    "100:slash",
    "100:swordsdance",
    "100:tickle",
    "100:agility",
    "100:allyswitch",
    "100:amnesia",
    "100:attract",
    "100:blizzard",
    "100:bodyslam",
    "100:brickbreak",
    "100:brine",
    "100:captivate",
    "100:confide",
    "100:cut",
    "100:dig",
    "100:dive",
    "100:doubleteam",
    "100:endure",
    "100:facade",
    "100:falseswipe",
    "100:fling",
    "100:frustration",
    "100:hail",
    "100:hiddenpower",
    "100:honeclaws",
    "100:icebeam",
    "100:icywind",
    "100:irondefense",
    "100:liquidation",
    "100:mudshot",
    "100:naturalgift",
    "100:protect",
    "100:raindance",
    "100:razorshell",
    "100:rest",
    "100:return",
    "100:rockslide",
    "100:rocksmash",
    "100:rocktomb",
    "100:round",
    "100:scald",
    "100:secretpower",
    "100:sleeptalk",
    "100:snore",
    "100:strength",
    "100:substitute",
    "100:superpower",
    "100:surf",
    "100:swagger",
    "100:swordsdance",
    "100:thief",
    "100:toxic",
    "100:waterpulse",
    "100:whirlpool",
    "100:xscissor",
    "100:allyswitch",
    "100:amnesia",
    "100:ancientpower",
    "100:attract",
    "100:bide",
    "100:blizzard",
    "100:bodyslam",
    "100:brickbreak",
    "100:bubble",
    "100:bubblebeam",
    "100:crabhammer",
    "100:curse",
    "100:cut",
    "100:dig",
    "100:dive",
    "100:doubleedge",
    "100:doubleteam",
    "100:endure",
    "100:facade",
    "100:flail",
    "100:frustration",
    "100:furycutter",
    "100:guillotine",
    "100:harden",
    "100:haze",
    "100:headbutt",
    "100:hiddenpower",
    "100:icebeam",
    "100:icywind",
    "100:irondefense",
    "100:knockoff",
    "100:leer",
    "100:liquidation",
    "100:mimic",
    "100:mudslap",
    "100:protect",
    "100:rage",
    "100:raindance",
    "100:rest",
    "100:return",
    "100:rockslide",
    "100:rocksmash",
    "100:scald",
    "100:secretpower",
    "100:slam",
    "100:sleeptalk",
    "100:snore",
    "100:stomp",
    "100:strength",
    "100:substitute",
    "100:superpower",
    "100:surf",
    "100:swagger",
    "100:swordsdance",
    "100:takedown",
    "100:thief",
    "100:toxic",
    "100:visegrip",
    "100:watergun",
    "100:waterpulse",
    "100:whirlpool",
    "100:xscissor"
  ],
  "labels": [
    "gen1"
  ],
  "pokedex": [
    "cobblemon.species.krabby.desc"
  ],
  "evolutions": [
    {
      "id": "krabby_kingler",
      "variant": "level_up",
      "result": "kingler",
      "consumeHeldItem": false,
      "learnableMoves": [],
      "requirements": [
        {
          "variant": "level",
          "minLevel": 28
        }
      ]
    }
  ],
  "baseScale": 0.7,
  "hitbox": {
    "width": 1,
    "height": 0.7,
    "fixed": false
  },
  "baseFriendship": 50,
  "evYield": {
    "hp": 0,
    "attack": 1,
    "defence": 0,
    "special_attack": 0,
    "special_defence": 0,
    "speed": 0
  },
  "height": 4,
  "weight": 65,
  "aspects": [],
  "cannotDynamax": false
}
