{
  "implemented": true,
  "name": "Lapras",
  "nationalPokedexNumber": 131,
  "primaryType": "water",
  "secondaryType": "ice",
  "abilities": [
    "waterabsorb",
    "shellarmor",
    "h:hydration"
  ],
  "baseStats": {
    "hp": 130,
    "attack": 85,
    "defence": 80,
    "special_attack": 85,
    "special_defence": 95,
    "speed": 60
  },
  "catchRate": 45,
  "maleRatio": 0.5,
  "shoulderMountable": false,
  "forms": [
    {
      "name": "Gmax",
      "primaryType": "water",
      "secondaryType": "ice",
      "abilities": [
        "waterabsorb",
        "shellarmor",
        "h:hydration"
      ],
      "baseStats": {
        "hp": 130,
        "attack": 85,
        "defence": 80,
        "special_attack": 85,
        "special_defence": 95,
        "speed": 60
      },
      "catchRate": 45,
      "maleRatio": 0.5,
      "baseExperienceYield": 187,
      "baseFriendship": 50,
      "evYield": {
        "hp": 2,
        "attack": 0,
        "defence": 0,
        "special_attack": 0,
        "special_defence": 0,
        "speed": 0
      },
      "experienceGroup": "slow",
      "eggCycles": 40,
      "eggGroups": [
        "monster",
        "water_1"
      ],
      "labels": [
        "gen8",
        "gmax"
      ],
      "aspects": [
        "gmax"
      ],
      "height": 240,
      "weight": 0,
      "cannotDynamax": false,
      "battleOnly": false
    }
  ],
  "baseExperienceYield": 187,
  "experienceGroup": "slow",
  "eggCycles": 40,
  "eggGroups": [
    "monster",
    "water_1"
  ],
  "behaviour": {
    "moving": {
      "swim": {
        "canSwimInWater": true,
        "canBreatheUnderwater": true,
        "canWalkOnWater": true,
        "swimSpeed": 0.3
      },
      "walk": {
        "walkSpeed": 0.15
      }
    },
    "resting": {
      "canSleep": true,
      "willSleepOnBed": false,
      "depth": "normal",
      "light": "0-4"
    }
  },
  "drops": {
    "amount": 4,
    "entries": [
      {
        "item": "cobblemon:mystic_water",
        "percentage": 5.0
      },
      {
        "item": "cobblemon:never_melt_ice",
        "percentage": 5.0
      },
      {
        "item": "minecraft:heart_of_the_sea",
        "percentage": 5.0
      },
      {
        "item": "cobblemon:aspear_berry",
        "percentage": 5.0
      }
    ]
  },
  "moves": [
    "1:growl",
    "1:watergun",
    "5:sing",
    "10:mist",
    "15:lifedew",
    "20:iceshard",
    "25:confuseray",
    "30:waterpulse",
    "35:brine",
    "40:bodyslam",
    "43:safeguard",
    "45:icebeam",
    "50:raindance",
    "55:hydropump",
    "60:perishsong",
    "65:sheercold",
    "100:ancientpower",
    "100:avalanche",
    "100:curse",
    "100:dragondance",
    "100:dragonpulse",
    "100:fissure",
    "100:foresight",
    "100:freezedry",
    "100:futuresight",
    "100:horndrill",
    "100:refresh",
    "100:sleeptalk",
    "100:sparklingaria",
    "100:substitute",
    "100:tickle",
    "100:whirlpool",
    "100:alluringvoice",
    "100:attract",
    "100:avalanche",
    "100:blizzard",
    "100:bodypress",
    "100:bodyslam",
    "100:brine",
    "100:bulldoze",
    "100:captivate",
    "100:charm",
    "100:chillingwater",
    "100:confide",
    "100:confuseray",
    "100:curse",
    "100:disarmingvoice",
    "100:dive",
    "100:doubleedge",
    "100:doubleteam",
    "100:dragoncheer",
    "100:dragondance",
    "100:dragonpulse",
    "100:dreameater",
    "100:drillrun",
    "100:earthquake",
    "100:echoedvoice",
    "100:endure",
    "100:facade",
    "100:frostbreath",
    "100:frustration",
    "100:futuresight",
    "100:gigaimpact",
    "100:hail",
    "100:haze",
    "100:helpinghand",
    "100:hiddenpower",
    "100:hydropump",
    "100:hyperbeam",
    "100:hypervoice",
    "100:icebeam",
    "100:iciclespear",
    "100:icywind",
    "100:ironhead",
    "100:irontail",
    "100:liquidation",
    "100:megahorn",
    "100:muddywater",
    "100:naturalgift",
    "100:outrage",
    "100:protect",
    "100:psychic",
    "100:psychicnoise",
    "100:raindance",
    "100:reflect",
    "100:rest",
    "100:return",
    "100:roar",
    "100:rocksmash",
    "100:round",
    "100:safeguard",
    "100:secretpower",
    "100:shockwave",
    "100:sleeptalk",
    "100:smartstrike",
    "100:snore",
    "100:snowscape",
    "100:strength",
    "100:substitute",
    "100:surf",
    "100:swagger",
    "100:takedown",
    "100:terablast",
    "100:thunder",
    "100:thunderbolt",
    "100:toxic",
    "100:waterfall",
    "100:waterpulse",
    "100:weatherball",
    "100:whirlpool",
    "100:zenheadbutt",
    "100:ancientpower",
    "100:aquatail",
    "100:attract",
    "100:aurorabeam",
    "100:bide",
    "100:blizzard",
    "100:block",
    "100:bodyslam",
    "100:bubblebeam",
    "100:confuseray",
    "100:curse",
    "100:dive",
    "100:doubleedge",
    "100:doubleteam",
    "100:dragonbreath",
    "100:dragonpulse",
    "100:dragonrage",
    "100:dreameater",
    "100:drillrun",
    "100:endure",
    "100:facade",
    "100:foresight",
    "100:frustration",
    "100:growl",
    "100:headbutt",
    "100:healbell",
    "100:hiddenpower",
    "100:horndrill",
    "100:hydropump",
    "100:hyperbeam",
    "100:hypervoice",
    "100:icebeam",
    "100:iceshard",
    "100:icywind",
    "100:ironhead",
    "100:irontail",
    "100:megahorn",
    "100:mimic",
    "100:mist",
    "100:nightmare",
    "100:outrage",
    "100:perishsong",
    "100:protect",
    "100:psychic",
    "100:psywave",
    "100:rage",
    "100:raindance",
    "100:reflect",
    "100:rest",
    "100:return",
    "100:rocksmash",
    "100:safeguard",
    "100:shockwave",
    "100:signalbeam",
    "100:sing",
    "100:skullbash",
    "100:sleeptalk",
    "100:snore",
    "100:solarbeam",
    "100:strength",
    "100:substitute",
    "100:surf",
    "100:swagger",
    "100:takedown",
    "100:thunder",
    "100:thunderbolt",
    "100:toxic",
    "100:waterfall",
    "100:watergun",
    "100:waterpulse",
    "100:whirlpool",
    "100:zapcannon",
    "100:zenheadbutt"
  ],
  "labels": [
    "gen1"
  ],
  "pokedex": [
    "cobblemon.species.lapras.desc"
  ],
  "evolutions": [],
  "baseScale": 1.1,
  "hitbox": {
    "width": 2.4,
    "height": 2.8,
    "fixed": false
  },
  "baseFriendship": 50,
  "evYield": {
    "hp": 2,
    "attack": 0,
    "defence": 0,
    "special_attack": 0,
    "special_defence": 0,
    "speed": 0
  },
  "height": 25,
  "weight": 2200,
  "aspects": [],
  "cannotDynamax": false
}
