{
  "implemented": true,
  "name": "Magnemite",
  "nationalPokedexNumber": 81,
  "primaryType": "electric",
  "secondaryType": "steel",
  "abilities": [
    "magnetpull",
    "sturdy",
    "h:analytic"
  ],
  "baseStats": {
    "hp": 25,
    "attack": 35,
    "defence": 70,
    "special_attack": 95,
    "special_defence": 55,
    "speed": 45
  },
  "catchRate": 190,
  "maleRatio": -1,
  "shoulderMountable": false,
  "baseExperienceYield": 65,
  "experienceGroup": "medium_fast",
  "eggCycles": 20,
  "eggGroups": [
    "mineral"
  ],
  "behaviour": {
    "moving": {
      "fly": {
        "canFly": true
      },
      "walk": {
        "canWalk": false
      }
    },
    "resting": {
      "canSleep": true,
      "willSleepOnBed": false,
      "depth": "normal",
      "light": "0-4"
    }
  },
  "drops": {
    "amount": 4,
    "entries": [
      {
        "item": "minecraft:raw_iron",
        "quantityRange": "0-1"
      },
      {
        "item": "cobblemon:magnet",
        "percentage": 2.5
      },
      {
        "item": "cobblemon:metal_coat",
        "percentage": 2.5
      },
      {
        "item": "cobblemon:shuca_berry",
        "percentage": 2.5
      }
    ]
  },
  "moves": [
    "1:tackle",
    "1:thundershock",
    "4:supersonic",
    "8:thunderwave",
    "11:magnetbomb",
    "12:electroball",
    "16:gyroball",
    "17:sonicboom",
    "20:spark",
    "23:mirrorshot",
    "24:screech",
    "28:magnetrise",
    "32:flashcannon",
    "36:discharge",
    "38:swift",
    "40:metalsound",
    "44:lightscreen",
    "48:lockon",
    "52:zapcannon",
    "100:electroweb",
    "100:explosion",
    "100:charge",
    "100:chargebeam",
    "100:confide",
    "100:confuseray",
    "100:doubleteam",
    "100:eerieimpulse",
    "100:electricterrain",
    "100:electroball",
    "100:electroweb",
    "100:endure",
    "100:explosion",
    "100:facade",
    "100:flash",
    "100:flashcannon",
    "100:frustration",
    "100:gravity",
    "100:gyroball",
    "100:heavyslam",
    "100:helpinghand",
    "100:hiddenpower",
    "100:irondefense",
    "100:ironhead",
    "100:lightscreen",
    "100:metalsound",
    "100:naturalgift",
    "100:protect",
    "100:psychup",
    "100:raindance",
    "100:recycle",
    "100:reflect",
    "100:rest",
    "100:return",
    "100:round",
    "100:sandstorm",
    "100:screech",
    "100:secretpower",
    "100:shockwave",
    "100:sleeptalk",
    "100:snore",
    "100:steelbeam",
    "100:substitute",
    "100:sunnyday",
    "100:swagger",
    "100:swift",
    "100:takedown",
    "100:terablast",
    "100:thunder",
    "100:thunderbolt",
    "100:thunderwave",
    "100:toxic",
    "100:voltswitch",
    "100:wildcharge",
    "100:bide",
    "100:curse",
    "100:doubleedge",
    "100:doubleteam",
    "100:electroweb",
    "100:endure",
    "100:facade",
    "100:flash",
    "100:flashcannon",
    "100:frustration",
    "100:gravity",
    "100:headbutt",
    "100:hiddenpower",
    "100:irondefense",
    "100:lightscreen",
    "100:lockon",
    "100:magiccoat",
    "100:magnetrise",
    "100:metalsound",
    "100:mimic",
    "100:protect",
    "100:rage",
    "100:raindance",
    "100:recycle",
    "100:reflect",
    "100:rest",
    "100:return",
    "100:risingvoltage",
    "100:rollout",
    "100:screech",
    "100:shockwave",
    "100:signalbeam",
    "100:sleeptalk",
    "100:snore",
    "100:sonicboom",
    "100:steelbeam",
    "100:substitute",
    "100:supersonic",
    "100:swagger",
    "100:swift",
    "100:tackle",
    "100:takedown",
    "100:teleport",
    "100:thunder",
    "100:thunderbolt",
    "100:thundershock",
    "100:thunderwave",
    "100:toxic",
    "100:zapcannon"
  ],
  "labels": [
    "gen1"
  ],
  "pokedex": [
    "cobblemon.species.magnemite.desc"
  ],
  "evolutions": [
    {
      "id": "magnemite_magneton",
      "variant": "level_up",
      "result": "magneton",
      "consumeHeldItem": false,
      "learnableMoves": [
        "triattack"
      ],
      "requirements": [
        {
          "variant": "level",
          "minLevel": 30
        }
      ]
    }
  ],
  "baseScale": 0.9,
  "hitbox": {
    "width": 0.9,
    "height": 0.6,
    "fixed": false
  },
  "baseFriendship": 50,
  "evYield": {
    "hp": 0,
    "attack": 0,
    "defence": 0,
    "special_attack": 1,
    "special_defence": 0,
    "speed": 0
  },
  "height": 3,
  "weight": 60,
  "aspects": [],
  "cannotDynamax": false
}
