{
  "implemented": true,
  "name": "Mew",
  "nationalPokedexNumber": 151,
  "primaryType": "psychic",
  "abilities": [
    "synchronize"
  ],
  "baseStats": {
    "hp": 100,
    "attack": 100,
    "defence": 100,
    "special_attack": 100,
    "special_defence": 100,
    "speed": 100
  },
  "catchRate": 45,
  "maleRatio": -1,
  "shoulderMountable": false,
  "baseExperienceYield": 300,
  "experienceGroup": "medium_slow",
  "eggCycles": 120,
  "eggGroups": [
    "undiscovered"
  ],
  "behaviour": {
    "moving": {
      "fly": {
        "canFly": true
      }
    }
  },
  "moves": [
    "1:pound",
    "1:reflecttype",
    "10:amnesia",
    "10:megapunch",
    "20:batonpass",
    "30:ancientpower",
    "40:barrier",
    "40:lifedew",
    "50:nastyplot",
    "60:metronome",
    "70:imprison",
    "70:mefirst",
    "80:transform",
    "90:aurasphere",
    "100:psychic",
    "100:acidspray",
    "100:acrobatics",
    "100:aerialace",
    "100:agility",
    "100:aircutter",
    "100:airslash",
    "100:alluringvoice",
    "100:allyswitch",
    "100:amnesia",
    "100:assurance",
    "100:attract",
    "100:aurasphere",
    "100:auroraveil",
    "100:avalanche",
    "100:batonpass",
    "100:beatup",
    "100:blastburn",
    "100:blazekick",
    "100:blizzard",
    "100:bodypress",
    "100:bodyslam",
    "100:bounce",
    "100:bravebird",
    "100:breakingswipe",
    "100:brickbreak",
    "100:brine",
    "100:brutalswing",
    "100:bugbite",
    "100:bugbuzz",
    "100:bulkup",
    "100:bulldoze",
    "100:bulletseed",
    "100:burningjealousy",
    "100:calmmind",
    "100:captivate",
    "100:charge",
    "100:chargebeam",
    "100:charm",
    "100:chillingwater",
    "100:closecombat",
    "100:coaching",
    "100:confide",
    "100:confuseray",
    "100:cosmicpower",
    "100:crosspoison",
    "100:crunch",
    "100:curse",
    "100:cut",
    "100:darkestlariat",
    "100:darkpulse",
    "100:dazzlinggleam",
    "100:defog",
    "100:dig",
    "100:disarmingvoice",
    "100:dive",
    "100:doubleedge",
    "100:doubleteam",
    "100:dracometeor",
    "100:dragoncheer",
    "100:dragonclaw",
    "100:dragondance",
    "100:dragonpulse",
    "100:dragontail",
    "100:drainingkiss",
    "100:drainpunch",
    "100:dreameater",
    "100:drillrun",
    "100:dualwingbeat",
    "100:earthpower",
    "100:earthquake",
    "100:echoedvoice",
    "100:eerieimpulse",
    "100:electricterrain",
    "100:electroball",
    "100:electroweb",
    "100:embargo",
    "100:encore",
    "100:endeavor",
    "100:endure",
    "100:energyball",
    "100:expandingforce",
    "100:explosion",
    "100:facade",
    "100:faketears",
    "100:falseswipe",
    "100:featherdance",
    "100:fireblast",
    "100:firefang",
    "100:firepledge",
    "100:firepunch",
    "100:firespin",
    "100:flamecharge",
    "100:flamethrower",
    "100:flareblitz",
    "100:flash",
    "100:flashcannon",
    "100:fling",
    "100:flipturn",
    "100:fly",
    "100:focusblast",
    "100:focusenergy",
    "100:focuspunch",
    "100:foulplay",
    "100:frenzyplant",
    "100:frostbreath",
    "100:frustration",
    "100:futuresight",
    "100:gigadrain",
    "100:gigaimpact",
    "100:grassknot",
    "100:grasspledge",
    "100:grassyglide",
    "100:grassyterrain",
    "100:gravity",
    "100:guardswap",
    "100:gunkshot",
    "100:gyroball",
    "100:hail",
    "100:hardpress",
    "100:haze",
    "100:heatcrash",
    "100:heatwave",
    "100:heavyslam",
    "100:helpinghand",
    "100:hex",
    "100:hiddenpower",
    "100:highhorsepower",
    "100:honeclaws",
    "100:hurricane",
    "100:hydrocannon",
    "100:hydropump",
    "100:hyperbeam",
    "100:hypervoice",
    "100:icebeam",
    "100:icefang",
    "100:icepunch",
    "100:icespinner",
    "100:iciclespear",
    "100:icywind",
    "100:imprison",
    "100:incinerate",
    "100:infestation",
    "100:irondefense",
    "100:ironhead",
    "100:irontail",
    "100:knockoff",
    "100:lashout",
    "100:leafblade",
    "100:leafstorm",
    "100:leechlife",
    "100:lightscreen",
    "100:liquidation",
    "100:lowkick",
    "100:lowsweep",
    "100:lunge",
    "100:magicalleaf",
    "100:magicroom",
    "100:megahorn",
    "100:megakick",
    "100:megapunch",
    "100:metalclaw",
    "100:metalsound",
    "100:meteorbeam",
    "100:metronome",
    "100:mistyexplosion",
    "100:mistyterrain",
    "100:muddywater",
    "100:mudshot",
    "100:mudslap",
    "100:mysticalfire",
    "100:nastyplot",
    "100:naturalgift",
    "100:naturepower",
    "100:nightshade",
    "100:outrage",
    "100:overheat",
    "100:painsplit",
    "100:payback",
    "100:payday",
    "100:petalblizzard",
    "100:phantomforce",
    "100:pinmissile",
    "100:playrough",
    "100:pluck",
    "100:poisonjab",
    "100:poisontail",
    "100:pollenpuff",
    "100:poltergeist",
    "100:pounce",
    "100:powergem",
    "100:powerswap",
    "100:poweruppunch",
    "100:powerwhip",
    "100:protect",
    "100:psybeam",
    "100:psychic",
    "100:psychicfangs",
    "100:psychicnoise",
    "100:psychicterrain",
    "100:psychocut",
    "100:psychup",
    "100:psyshock",
    "100:quash",
    "100:raindance",
    "100:razorshell",
    "100:recycle",
    "100:reflect",
    "100:rest",
    "100:retaliate",
    "100:return",
    "100:revenge",
    "100:reversal",
    "100:roar",
    "100:rockblast",
    "100:rockclimb",
    "100:rockpolish",
    "100:rockslide",
    "100:rocksmash",
    "100:rocktomb",
    "100:roost",
    "100:round",
    "100:safeguard",
    "100:sandstorm",
    "100:sandtomb",
    "100:scald",
    "100:scaleshot",
    "100:scaryface",
    "100:screech",
    "100:scorchingsands",
    "100:secretpower",
    "100:seedbomb",
    "100:selfdestruct",
    "100:shadowball",
    "100:shadowclaw",
    "100:shockwave",
    "100:silverwind",
    "100:skillswap",
    "100:skittersmack",
    "100:skydrop",
    "100:sleeptalk",
    "100:sludgebomb",
    "100:sludgewave",
    "100:smackdown",
    "100:smartstrike",
    "100:snarl",
    "100:snatch",
    "100:snore",
    "100:snowscape",
    "100:solarbeam",
    "100:solarblade",
    "100:speedswap",
    "100:spikes",
    "100:spite",
    "100:stealthrock",
    "100:steelbeam",
    "100:steelwing",
    "100:stompingtantrum",
    "100:stoneedge",
    "100:storedpower",
    "100:strength",
    "100:strugglebug",
    "100:substitute",
    "100:sunnyday",
    "100:supercellslam",
    "100:superfang",
    "100:superpower",
    "100:surf",
    "100:swagger",
    "100:swift",
    "100:swordsdance",
    "100:tailslap",
    "100:tailwind",
    "100:takedown",
    "100:taunt",
    "100:telekinesis",
    "100:temperflare",
    "100:terablast",
    "100:thief",
    "100:throatchop",
    "100:thunder",
    "100:thunderbolt",
    "100:thunderfang",
    "100:thunderpunch",
    "100:thunderwave",
    "100:torment",
    "100:toxic",
    "100:toxicspikes",
    "100:trailblaze",
    "100:triattack",
    "100:trick",
    "100:trickroom",
    "100:tripleaxel",
    "100:upperhand",
    "100:uproar",
    "100:uturn",
    "100:vacuumwave",
    "100:venomdrench",
    "100:venoshock",
    "100:voltswitch",
    "100:waterfall",
    "100:waterpledge",
    "100:waterpulse",
    "100:weatherball",
    "100:whirlpool",
    "100:wildcharge",
    "100:willowisp",
    "100:wonderroom",
    "100:workup",
    "100:xscissor",
    "100:zenheadbutt",
    "100:afteryou",
    "100:aircutter",
    "100:allyswitch",
    "100:amnesia",
    "100:ancientpower",
    "100:aquatail",
    "100:attract",
    "100:barrier",
    "100:bide",
    "100:bind",
    "100:blizzard",
    "100:block",
    "100:bodyslam",
    "100:bounce",
    "100:brickbreak",
    "100:bubblebeam",
    "100:bugbite",
    "100:bulkup",
    "100:burningjealousy",
    "100:calmmind",
    "100:coaching",
    "100:confusion",
    "100:corrosivegas",
    "100:counter",
    "100:covet",
    "100:curse",
    "100:cut",
    "100:defensecurl",
    "100:defog",
    "100:detect",
    "100:dig",
    "100:dive",
    "100:doubleedge",
    "100:doubleteam",
    "100:dragonbreath",
    "100:dragonrage",
    "100:dragontail",
    "100:drainpunch",
    "100:dreameater",
    "100:drillrun",
    "100:dualchop",
    "100:dualwingbeat",
    "100:dynamicpunch",
    "100:earthquake",
    "100:eggbomb",
    "100:electroweb",
    "100:endeavor",
    "100:endure",
    "100:expandingforce",
    "100:explosion",
    "100:facade",
    "100:fakeout",
    "100:feintattack",
    "100:fireblast",
    "100:firepunch",
    "100:fissure",
    "100:flash",
    "100:flipturn",
    "100:fly",
    "100:focuspunch",
    "100:foulplay",
    "100:frustration",
    "100:furycutter",
    "100:gastroacid",
    "100:gigadrain",
    "100:grassyglide",
    "100:gravity",
    "100:gunkshot",
    "100:headbutt",
    "100:healbell",
    "100:heatwave",
    "100:helpinghand",
    "100:hiddenpower",
    "100:horndrill",
    "100:hyperbeam",
    "100:hypnosis",
    "100:icepunch",
    "100:icywind",
    "100:irondefense",
    "100:ironhead",
    "100:irontail",
    "100:knockoff",
    "100:laserfocus",
    "100:lashout",
    "100:lastresort",
    "100:liquidation",
    "100:lowkick",
    "100:magiccoat",
    "100:magicroom",
    "100:magnetrise",
    "100:megadrain",
    "100:megahorn",
    "100:megakick",
    "100:megapunch",
    "100:meteorbeam",
    "100:metronome",
    "100:mimic",
    "100:mistyexplosion",
    "100:mudslap",
    "100:nastyplot",
    "100:nightmare",
    "100:nightshade",
    "100:ominouswind",
    "100:outrage",
    "100:painsplit",
    "100:payday",
    "100:playrough",
    "100:poisonjab",
    "100:poltergeist",
    "100:pound",
    "100:protect",
    "100:psychic",
    "100:psychup",
    "100:psywave",
    "100:rage",
    "100:raindance",
    "100:razorwind",
    "100:recycle",
    "100:reflect",
    "100:rest",
    "100:return",
    "100:risingvoltage",
    "100:roar",
    "100:rockslide",
    "100:rocksmash",
    "100:roleplay",
    "100:rollout",
    "100:roost",
    "100:sandstorm",
    "100:scald",
    "100:scaleshot",
    "100:scorchingsands",
    "100:seedbomb",
    "100:seismictoss",
    "100:selfdestruct",
    "100:shockwave",
    "100:signalbeam",
    "100:skillswap",
    "100:skittersmack",
    "100:skullbash",
    "100:skyattack",
    "100:sleeptalk",
    "100:snatch",
    "100:snore",
    "100:softboiled",
    "100:solarbeam",
    "100:spite",
    "100:stealthrock",
    "100:steelroller",
    "100:steelwing",
    "100:stompingtantrum",
    "100:strength",
    "100:stringshot",
    "100:submission",
    "100:substitute",
    "100:suckerpunch",
    "100:sunnyday",
    "100:superfang",
    "100:superpower",
    "100:swagger",
    "100:sweetscent",
    "100:swordsdance",
    "100:synthesis",
    "100:tailwind",
    "100:takedown",
    "100:taunt",
    "100:telekinesis",
    "100:teleport",
    "100:terrainpulse",
    "100:thief",
    "100:throatchop",
    "100:thunder",
    "100:thunderpunch",
    "100:thunderwave",
    "100:toxic",
    "100:transform",
    "100:triattack",
    "100:trick",
    "100:tripleaxel",
    "100:twister",
    "100:uproar",
    "100:uturn",
    "100:vacuumwave",
    "100:waterfall",
    "100:watergun",
    "100:waterpulse",
    "100:whirlpool",
    "100:whirlwind",
    "100:willowisp",
    "100:wonderroom",
    "100:worryseed",
    "100:xscissor",
    "100:zapcannon",
    "100:zenheadbutt"
  ],
  "labels": [
    "gen1",
    "mythical",
    "legendary"
  ],
  "pokedex": [
    "cobblemon.species.mew.desc"
  ],
  "evolutions": [],
  "baseScale": 0.5,
  "hitbox": {
    "width": 0.6,
    "height": 1,
    "fixed": false
  },
  "baseFriendship": 100,
  "evYield": {
    "hp": 3,
    "attack": 0,
    "defence": 0,
    "special_attack": 0,
    "special_defence": 0,
    "speed": 0
  },
  "height": 4,
  "weight": 40,
  "aspects": [],
  "cannotDynamax": false
}
