{
  "implemented": true,
  "name": "Mr. Mime",
  "nationalPokedexNumber": 122,
  "primaryType": "psychic",
  "secondaryType": "fairy",
  "abilities": [
    "soundproof",
    "filter",
    "h:technician"
  ],
  "baseStats": {
    "hp": 40,
    "attack": 45,
    "defence": 65,
    "special_attack": 100,
    "special_defence": 120,
    "speed": 90
  },
  "features": [
    "galar"
  ],
  "catchRate": 45,
  "maleRatio": 0.5,
  "shoulderMountable": false,
  "forms": [
    {
      "name": "Galar",
      "primaryType": "ice",
      "secondaryType": "psychic",
      "abilities": [
        "vitalspirit",
        "screencleaner",
        "h:icebody"
      ],
      "baseStats": {
        "hp": 50,
        "attack": 65,
        "defence": 65,
        "special_attack": 90,
        "special_defence": 90,
        "speed": 100
      },
      "catchRate": 45,
      "maleRatio": 0.5,
      "baseExperienceYield": 161,
      "baseFriendship": 50,
      "evYield": {
        "hp": 0,
        "attack": 0,
        "defence": 0,
        "special_attack": 0,
        "special_defence": 0,
        "speed": 2
      },
      "experienceGroup": "medium_fast",
      "eggCycles": 25,
      "eggGroups": [
        "human_like"
      ],
      "moves": [
        "1:batonpass",
        "1:copycat",
        "1:dazzlinggleam",
        "1:encore",
        "1:iceshard",
        "1:lightscreen",
        "1:mimic",
        "1:mistyterrain",
        "1:pound",
        "1:protect",
        "1:rapidspin",
        "1:recycle",
        "1:reflect",
        "1:roleplay",
        "1:safeguard",
        "12:confusion",
        "16:allyswitch",
        "20:icywind",
        "24:doublekick",
        "28:psybeam",
        "32:hypnosis",
        "36:mirrorcoat",
        "40:suckerpunch",
        "44:freezedry",
        "48:psychic",
        "52:teeterdance",
        "100:confuseray",
        "100:fakeout",
        "100:powersplit",
        "100:tickle",
        "100:allyswitch",
        "100:attract",
        "100:avalanche",
        "100:batonpass",
        "100:blizzard",
        "100:bodyslam",
        "100:brickbreak",
        "100:calmmind",
        "100:charm",
        "100:dazzlinggleam",
        "100:drainpunch",
        "100:encore",
        "100:endure",
        "100:energyball",
        "100:facade",
        "100:fling",
        "100:focusblast",
        "100:foulplay",
        "100:futuresight",
        "100:gigaimpact",
        "100:grassknot",
        "100:guardswap",
        "100:hail",
        "100:helpinghand",
        "100:hyperbeam",
        "100:icebeam",
        "100:icepunch",
        "100:iciclespear",
        "100:icywind",
        "100:irondefense",
        "100:lightscreen",
        "100:magicroom",
        "100:megakick",
        "100:megapunch",
        "100:metronome",
        "100:mistyterrain",
        "100:nastyplot",
        "100:payback",
        "100:powerswap",
        "100:protect",
        "100:psychic",
        "100:psychicterrain",
        "100:psyshock",
        "100:raindance",
        "100:reflect",
        "100:rest",
        "100:round",
        "100:safeguard",
        "100:screech",
        "100:shadowball",
        "100:skillswap",
        "100:sleeptalk",
        "100:snore",
        "100:solarbeam",
        "100:stompingtantrum",
        "100:storedpower",
        "100:substitute",
        "100:sunnyday",
        "100:taunt",
        "100:thief",
        "100:thunder",
        "100:thunderbolt",
        "100:thunderwave",
        "100:trick",
        "100:trickroom",
        "100:uproar",
        "100:wonderroom",
        "100:zenheadbutt",
        "100:confusion",
        "100:copycat",
        "100:encore",
        "100:expandingforce",
        "100:iceshard",
        "100:tripleaxel"
      ],
      "labels": [
        "gen8",
        "galar_regional"
      ],
      "aspects": [
        "galarian"
      ],
      "height": 14,
      "weight": 568,
      "preEvolution": "mimejr",
      "evolutions": [
        {
          "id": "mrmime_mrrime",
          "variant": "level_up",
          "result": "mrrime",
          "consumeHeldItem": false,
          "learnableMoves": [],
          "requirements": [
            {
              "variant": "level",
              "minLevel": 42
            }
          ]
        }
      ],
      "cannotDynamax": false,
      "battleOnly": false,
      "drops": {
        "amount": 1,
        "entries": [
          {
            "item": "cobblemon:aspear_berry",
            "percentage": 5.0
          }
        ]
      }
    }
  ],
  "baseExperienceYield": 161,
  "experienceGroup": "medium_fast",
  "eggCycles": 25,
  "eggGroups": [
    "human_like"
  ],
  "moves": [
    "1:barrier",
    "1:batonpass",
    "1:copycat",
    "1:encore",
    "1:guardswap",
    "1:magicalleaf",
    "1:mistyterrain",
    "1:pound",
    "1:powerswap",
    "1:quickguard",
    "1:wideguard",
    "8:meditate",
    "11:doubleslap",
    "12:confusion",
    "15:psywave",
    "16:roleplay",
    "20:protect",
    "24:recycle",
    "28:psybeam",
    "29:substitute",
    "32:mimic",
    "36:lightscreen",
    "36:reflect",
    "36:safeguard",
    "36:trick",
    "40:suckerpunch",
    "44:dazzlinggleam",
    "48:psychic",
    "52:teeterdance",
    "100:confuseray",
    "100:fakeout",
    "100:futuresight",
    "100:hypnosis",
    "100:icywind",
    "100:magicroom",
    "100:mimic",
    "100:nastyplot",
    "100:powersplit",
    "100:psychicterrain",
    "100:psychup",
    "100:teeterdance",
    "100:tickle",
    "100:trick",
    "100:wakeupslap",
    "100:aerialace",
    "100:allyswitch",
    "100:attract",
    "100:batonpass",
    "100:bodyslam",
    "100:brickbreak",
    "100:calmmind",
    "100:captivate",
    "100:chargebeam",
    "100:charm",
    "100:confide",
    "100:dazzlinggleam",
    "100:doubleteam",
    "100:drainpunch",
    "100:dreameater",
    "100:encore",
    "100:endure",
    "100:energyball",
    "100:facade",
    "100:firepunch",
    "100:flash",
    "100:fling",
    "100:focusblast",
    "100:focuspunch",
    "100:foulplay",
    "100:frustration",
    "100:futuresight",
    "100:gigaimpact",
    "100:grassknot",
    "100:guardswap",
    "100:helpinghand",
    "100:hiddenpower",
    "100:hyperbeam",
    "100:icepunch",
    "100:icywind",
    "100:infestation",
    "100:irondefense",
    "100:lightscreen",
    "100:magicalleaf",
    "100:magicroom",
    "100:megakick",
    "100:megapunch",
    "100:metronome",
    "100:mistyterrain",
    "100:mysticalfire",
    "100:nastyplot",
    "100:naturalgift",
    "100:payback",
    "100:powerswap",
    "100:poweruppunch",
    "100:protect",
    "100:psychic",
    "100:psychicterrain",
    "100:psychup",
    "100:psyshock",
    "100:raindance",
    "100:recycle",
    "100:reflect",
    "100:rest",
    "100:return",
    "100:round",
    "100:safeguard",
    "100:secretpower",
    "100:shadowball",
    "100:shockwave",
    "100:skillswap",
    "100:sleeptalk",
    "100:snatch",
    "100:snore",
    "100:solarbeam",
    "100:storedpower",
    "100:substitute",
    "100:sunnyday",
    "100:swagger",
    "100:taunt",
    "100:telekinesis",
    "100:thief",
    "100:thunder",
    "100:thunderbolt",
    "100:thunderpunch",
    "100:thunderwave",
    "100:torment",
    "100:toxic",
    "100:trick",
    "100:trickroom",
    "100:uproar",
    "100:wonderroom",
    "100:zenheadbutt",
    "100:allyswitch",
    "100:attract",
    "100:barrier",
    "100:batonpass",
    "100:bide",
    "100:bodyslam",
    "100:brickbreak",
    "100:calmmind",
    "100:confusion",
    "100:counter",
    "100:covet",
    "100:curse",
    "100:dazzlinggleam",
    "100:doubleedge",
    "100:doubleslap",
    "100:doubleteam",
    "100:drainpunch",
    "100:dreameater",
    "100:dynamicpunch",
    "100:encore",
    "100:endure",
    "100:expandingforce",
    "100:facade",
    "100:firepunch",
    "100:flash",
    "100:focuspunch",
    "100:followme",
    "100:foulplay",
    "100:frustration",
    "100:futuresight",
    "100:headbutt",
    "100:helpinghand",
    "100:hiddenpower",
    "100:hyperbeam",
    "100:hypnosis",
    "100:icepunch",
    "100:icywind",
    "100:irondefense",
    "100:lightscreen",
    "100:magiccoat",
    "100:magicroom",
    "100:meditate",
    "100:megakick",
    "100:megapunch",
    "100:metronome",
    "100:mimic",
    "100:mudslap",
    "100:nightmare",
    "100:pound",
    "100:protect",
    "100:psybeam",
    "100:psychic",
    "100:psychup",
    "100:psywave",
    "100:rage",
    "100:recycle",
    "100:reflect",
    "100:rest",
    "100:return",
    "100:roleplay",
    "100:safeguard",
    "100:seismictoss",
    "100:shadowball",
    "100:shockwave",
    "100:signalbeam",
    "100:skillswap",
    "100:skullbash",
    "100:sleeptalk",
    "100:snatch",
    "100:snore",
    "100:solarbeam",
    "100:submission",
    "100:substitute",
    "100:sunnyday",
    "100:swagger",
    "100:takedown",
    "100:taunt",
    "100:teeterdance",
    "100:telekinesis",
    "100:teleport",
    "100:thief",
    "100:thunder",
    "100:thunderbolt",
    "100:thunderpunch",
    "100:thunderwave",
    "100:toxic",
    "100:trick",
    "100:wonderroom",
    "100:zapcannon",
    "100:zenheadbutt"
  ],
  "labels": [
    "gen1",
    "kanto_regional"
  ],
  "pokedex": [
    "cobblemon.species.mrmime.desc"
  ],
  "preEvolution": "mimejr",
  "baseScale": 0.7,
  "hitbox": {
    "width": 0.8,
    "height": 1.8,
    "fixed": false
  },
  "baseFriendship": 50,
  "evYield": {
    "hp": 0,
    "attack": 0,
    "defence": 0,
    "special_attack": 0,
    "special_defence": 2,
    "speed": 0
  },
  "height": 13,
  "weight": 545,
  "aspects": [],
  "evolutions": [],
  "cannotDynamax": false,
  "drops": {
    "amount": 2,
    "entries": [
      {
        "item": "cobblemon:light_clay",
        "percentage": 5.0
      },
      {
        "item": "cobblemon:babiri_berry",
        "percentage": 5.0
      }
    ]
  }
}
