{
  "implemented": true,
  "name": "Nidorina",
  "nationalPokedexNumber": 30,
  "primaryType": "poison",
  "abilities": [
    "poisonpoint",
    "rivalry",
    "h:hustle"
  ],
  "baseStats": {
    "hp": 70,
    "attack": 62,
    "defence": 67,
    "special_attack": 55,
    "special_defence": 55,
    "speed": 56
  },
  "behaviour": {
    "resting": {
      "canSleep": true,
      "willSleepOnBed": false,
      "depth": "normal",
      "light": "0-4"
    }
  },
  "catchRate": 120,
  "maleRatio": 0,
  "shoulderMountable": false,
  "baseExperienceYield": 128,
  "experienceGroup": "medium_slow",
  "eggCycles": 20,
  "eggGroups": [
    "undiscovered"
  ],
  "drops": {
    "amount": 2,
    "entries": [
      {
        "item": "cobblemon:poison_barb",
        "percentage": 5.0
      },
      {
        "item": "cobblemon:pecha_berry",
        "percentage": 5.0
      }
    ]
  },
  "moves": [
    "1:growl",
    "1:poisonsting",
    "1:scratch",
    "1:tailwhip",
    "15:furyswipes",
    "22:toxicspikes",
    "29:doublekick",
    "36:bite",
    "43:helpinghand",
    "50:captivate",
    "50:toxic",
    "57:flatter",
    "58:poisonfang",
    "64:crunch",
    "71:earthpower",
    "100:aerialace",
    "100:attract",
    "100:beatup",
    "100:blizzard",
    "100:bodyslam",
    "100:captivate",
    "100:charm",
    "100:confide",
    "100:crunch",
    "100:cut",
    "100:dig",
    "100:doubleteam",
    "100:earthpower",
    "100:echoedvoice",
    "100:endure",
    "100:facade",
    "100:focusenergy",
    "100:frustration",
    "100:helpinghand",
    "100:hiddenpower",
    "100:honeclaws",
    "100:icebeam",
    "100:irontail",
    "100:naturalgift",
    "100:poisonjab",
    "100:protect",
    "100:raindance",
    "100:rest",
    "100:return",
    "100:rocksmash",
    "100:round",
    "100:secretpower",
    "100:shadowclaw",
    "100:shockwave",
    "100:sleeptalk",
    "100:sludgebomb",
    "100:snore",
    "100:stompingtantrum",
    "100:strength",
    "100:substitute",
    "100:sunnyday",
    "100:swagger",
    "100:thief",
    "100:thunder",
    "100:thunderbolt",
    "100:toxic",
    "100:toxicspikes",
    "100:venomdrench",
    "100:venoshock",
    "100:waterpulse",
    "100:attract",
    "100:bide",
    "100:bite",
    "100:blizzard",
    "100:bodyslam",
    "100:bubblebeam",
    "100:counter",
    "100:crunch",
    "100:curse",
    "100:defensecurl",
    "100:detect",
    "100:dig",
    "100:doubleedge",
    "100:doublekick",
    "100:doubleteam",
    "100:endure",
    "100:facade",
    "100:frustration",
    "100:furyswipes",
    "100:growl",
    "100:headbutt",
    "100:helpinghand",
    "100:hiddenpower",
    "100:horndrill",
    "100:icebeam",
    "100:irontail",
    "100:mimic",
    "100:mudslap",
    "100:poisonjab",
    "100:poisonsting",
    "100:protect",
    "100:rage",
    "100:raindance",
    "100:reflect",
    "100:rest",
    "100:return",
    "100:rocksmash",
    "100:scratch",
    "100:shockwave",
    "100:skullbash",
    "100:sleeptalk",
    "100:sludgebomb",
    "100:snore",
    "100:stompingtantrum",
    "100:strength",
    "100:substitute",
    "100:sunnyday",
    "100:superfang",
    "100:swagger",
    "100:tackle",
    "100:tailwhip",
    "100:takedown",
    "100:thief",
    "100:thunder",
    "100:thunderbolt",
    "100:toxic",
    "100:watergun",
    "100:waterpulse"
  ],
  "labels": [
    "gen1"
  ],
  "pokedex": [
    "cobblemon.species.nidorina.desc"
  ],
  "preEvolution": "nidoranf",
  "evolutions": [
    {
      "id": "nidorina_nidoqueen",
      "variant": "item_interact",
      "result": "nidoqueen",
      "consumeHeldItem": false,
      "learnableMoves": [
        "superpower"
      ],
      "requirements": [],
      "requiredContext": "cobblemon:moon_stone"
    }
  ],
  "baseScale": 0.9,
  "hitbox": {
    "width": 1,
    "height": 0.8,
    "fixed": false
  },
  "baseFriendship": 50,
  "evYield": {
    "hp": 2,
    "attack": 0,
    "defence": 0,
    "special_attack": 0,
    "special_defence": 0,
    "speed": 0
  },
  "height": 8,
  "weight": 200,
  "aspects": [],
  "cannotDynamax": false
}
