{
  "implemented": true,
  "name": "Nidorino",
  "nationalPokedexNumber": 33,
  "primaryType": "poison",
  "abilities": [
    "poisonpoint",
    "rivalry",
    "h:hustle"
  ],
  "baseStats": {
    "hp": 61,
    "attack": 72,
    "defence": 57,
    "special_attack": 55,
    "special_defence": 55,
    "speed": 65
  },
  "behaviour": {
    "resting": {
      "canSleep": false,
      "willSleepOnBed": false,
      "depth": "normal",
      "light": "0-4"
    }
  },
  "catchRate": 120,
  "maleRatio": 1,
  "shoulderMountable": false,
  "baseExperienceYield": 128,
  "experienceGroup": "medium_slow",
  "eggCycles": 20,
  "eggGroups": [
    "monster",
    "field"
  ],
  "drops": {
    "amount": 2,
    "entries": [
      {
        "item": "cobblemon:poison_barb",
        "percentage": 5.0
      },
      {
        "item": "cobblemon:pecha_berry",
        "percentage": 5.0
      }
    ]
  },
  "moves": [
    "1:focusenergy",
    "1:leer",
    "1:peck",
    "1:poisonsting",
    "15:furyattack",
    "22:toxicspikes",
    "29:doublekick",
    "36:hornattack",
    "43:helpinghand",
    "50:captivate",
    "50:toxic",
    "57:flatter",
    "58:horndrill",
    "64:poisonjab",
    "71:earthpower",
    "100:amnesia",
    "100:attract",
    "100:beatup",
    "100:blizzard",
    "100:bodyslam",
    "100:captivate",
    "100:confide",
    "100:cut",
    "100:dig",
    "100:doubleteam",
    "100:drillrun",
    "100:earthpower",
    "100:echoedvoice",
    "100:endure",
    "100:facade",
    "100:focusenergy",
    "100:frustration",
    "100:helpinghand",
    "100:hiddenpower",
    "100:honeclaws",
    "100:icebeam",
    "100:irontail",
    "100:naturalgift",
    "100:poisonjab",
    "100:protect",
    "100:raindance",
    "100:rest",
    "100:return",
    "100:rocksmash",
    "100:round",
    "100:secretpower",
    "100:shadowclaw",
    "100:shockwave",
    "100:sleeptalk",
    "100:sludgebomb",
    "100:smartstrike",
    "100:snore",
    "100:stompingtantrum",
    "100:strength",
    "100:substitute",
    "100:sunnyday",
    "100:swagger",
    "100:thief",
    "100:thunder",
    "100:thunderbolt",
    "100:toxic",
    "100:toxicspikes",
    "100:venomdrench",
    "100:venoshock",
    "100:waterpulse",
    "100:attract",
    "100:bide",
    "100:blizzard",
    "100:bodyslam",
    "100:bubblebeam",
    "100:counter",
    "100:curse",
    "100:defensecurl",
    "100:detect",
    "100:dig",
    "100:doubleedge",
    "100:doublekick",
    "100:doubleteam",
    "100:drillrun",
    "100:endure",
    "100:facade",
    "100:focusenergy",
    "100:frustration",
    "100:furyattack",
    "100:headbutt",
    "100:helpinghand",
    "100:hiddenpower",
    "100:hornattack",
    "100:horndrill",
    "100:icebeam",
    "100:irontail",
    "100:leer",
    "100:mimic",
    "100:mudslap",
    "100:peck",
    "100:poisonjab",
    "100:poisonsting",
    "100:protect",
    "100:rage",
    "100:raindance",
    "100:reflect",
    "100:rest",
    "100:return",
    "100:rocksmash",
    "100:shockwave",
    "100:skullbash",
    "100:sleeptalk",
    "100:sludgebomb",
    "100:snore",
    "100:stompingtantrum",
    "100:strength",
    "100:substitute",
    "100:suckerpunch",
    "100:sunnyday",
    "100:superfang",
    "100:swagger",
    "100:tackle",
    "100:takedown",
    "100:thief",
    "100:thunder",
    "100:thunderbolt",
    "100:toxic",
    "100:watergun",
    "100:waterpulse"
  ],
  "labels": [
    "gen1"
  ],
  "pokedex": [
    "cobblemon.species.nidorino.desc"
  ],
  "preEvolution": "nidoranm",
  "evolutions": [
    {
      "id": "nidorino_nidoking",
      "variant": "item_interact",
      "result": "nidoking",
      "consumeHeldItem": false,
      "learnableMoves": [
        "megahorn"
      ],
      "requirements": [],
      "requiredContext": "cobblemon:moon_stone"
    }
  ],
  "baseScale": 1,
  "hitbox": {
    "width": 1,
    "height": 0.9,
    "fixed": false
  },
  "baseFriendship": 50,
  "evYield": {
    "hp": 0,
    "attack": 2,
    "defence": 0,
    "special_attack": 0,
    "special_defence": 0,
    "speed": 0
  },
  "height": 9,
  "weight": 195,
  "aspects": [],
  "cannotDynamax": false
}
