{
  "implemented": true,
  "name": "Nidoran-M",
  "nationalPokedexNumber": 32,
  "primaryType": "poison",
  "abilities": [
    "poisonpoint",
    "rivalry",
    "h:hustle"
  ],
  "baseStats": {
    "hp": 46,
    "attack": 57,
    "defence": 40,
    "special_attack": 40,
    "special_defence": 40,
    "speed": 50
  },
  "behaviour": {
    "resting": {
      "canSleep": true,
      "willSleepOnBed": false,
      "depth": "normal",
      "light": "0-4"
    }
  },
  "catchRate": 235,
  "maleRatio": 1,
  "shoulderMountable": false,
  "baseExperienceYield": 55,
  "experienceGroup": "medium_slow",
  "eggCycles": 20,
  "eggGroups": [
    "monster",
    "field"
  ],
  "drops": {
    "amount": 2,
    "entries": [
      {
        "item": "cobblemon:poison_barb",
        "percentage": 2.5
      },
      {
        "item": "cobblemon:pecha_berry",
        "percentage": 2.5
      }
    ]
  },
  "moves": [
    "1:leer",
    "1:poisonsting",
    "5:peck",
    "10:focusenergy",
    "15:furyattack",
    "20:toxicspikes",
    "25:doublekick",
    "30:hornattack",
    "35:helpinghand",
    "40:toxic",
    "43:captivate",
    "45:flatter",
    "45:horndrill",
    "50:poisonjab",
    "55:earthpower",
    "100:amnesia",
    "100:beatup",
    "100:chipaway",
    "100:confusion",
    "100:counter",
    "100:disable",
    "100:endure",
    "100:headsmash",
    "100:horndrill",
    "100:irontail",
    "100:poisontail",
    "100:suckerpunch",
    "100:supersonic",
    "100:takedown",
    "100:thrash",
    "100:venomdrench",
    "100:amnesia",
    "100:attract",
    "100:beatup",
    "100:blizzard",
    "100:bodyslam",
    "100:captivate",
    "100:confide",
    "100:cut",
    "100:dig",
    "100:doubleteam",
    "100:drillrun",
    "100:earthpower",
    "100:echoedvoice",
    "100:endure",
    "100:facade",
    "100:focusenergy",
    "100:frustration",
    "100:helpinghand",
    "100:hiddenpower",
    "100:honeclaws",
    "100:icebeam",
    "100:irontail",
    "100:naturalgift",
    "100:poisonjab",
    "100:protect",
    "100:raindance",
    "100:rest",
    "100:return",
    "100:rocksmash",
    "100:round",
    "100:secretpower",
    "100:shadowclaw",
    "100:shockwave",
    "100:sleeptalk",
    "100:sludgebomb",
    "100:smartstrike",
    "100:snore",
    "100:strength",
    "100:substitute",
    "100:sunnyday",
    "100:swagger",
    "100:thief",
    "100:thunder",
    "100:thunderbolt",
    "100:toxic",
    "100:toxicspikes",
    "100:venomdrench",
    "100:venoshock",
    "100:waterpulse",
    "100:amnesia",
    "100:attract",
    "100:beatup",
    "100:bide",
    "100:blizzard",
    "100:bodyslam",
    "100:confusion",
    "100:counter",
    "100:curse",
    "100:defensecurl",
    "100:detect",
    "100:dig",
    "100:disable",
    "100:doubleedge",
    "100:doublekick",
    "100:doubleteam",
    "100:drillrun",
    "100:endure",
    "100:facade",
    "100:focusenergy",
    "100:frustration",
    "100:furyattack",
    "100:headbutt",
    "100:helpinghand",
    "100:hiddenpower",
    "100:hornattack",
    "100:horndrill",
    "100:icebeam",
    "100:irontail",
    "100:leer",
    "100:mimic",
    "100:mudslap",
    "100:peck",
    "100:poisonjab",
    "100:poisonsting",
    "100:protect",
    "100:rage",
    "100:raindance",
    "100:reflect",
    "100:rest",
    "100:return",
    "100:shockwave",
    "100:skullbash",
    "100:sleeptalk",
    "100:sludgebomb",
    "100:snore",
    "100:substitute",
    "100:suckerpunch",
    "100:sunnyday",
    "100:superfang",
    "100:supersonic",
    "100:swagger",
    "100:tackle",
    "100:takedown",
    "100:thief",
    "100:thunder",
    "100:thunderbolt",
    "100:toxic",
    "100:waterpulse"
  ],
  "labels": [
    "gen1"
  ],
  "pokedex": [
    "cobblemon.species.nidoranm.desc"
  ],
  "evolutions": [
    {
      "id": "nidoranm_nidorino",
      "variant": "level_up",
      "result": "nidorino",
      "consumeHeldItem": false,
      "learnableMoves": [],
      "requirements": [
        {
          "variant": "level",
          "minLevel": 16
        }
      ]
    }
  ],
  "baseScale": 0.6,
  "hitbox": {
    "width": 0.7,
    "height": 0.8,
    "fixed": false
  },
  "baseFriendship": 50,
  "evYield": {
    "hp": 0,
    "attack": 1,
    "defence": 0,
    "special_attack": 0,
    "special_defence": 0,
    "speed": 0
  },
  "height": 5,
  "weight": 90,
  "aspects": [],
  "cannotDynamax": false
}
