{
  "implemented": true,
  "name": "Omastar",
  "nationalPokedexNumber": 139,
  "primaryType": "rock",
  "secondaryType": "water",
  "abilities": [
    "swiftswim",
    "shellarmor",
    "h:weakarmor"
  ],
  "baseStats": {
    "hp": 70,
    "attack": 60,
    "defence": 125,
    "special_attack": 115,
    "special_defence": 70,
    "speed": 55
  },
  "catchRate": 45,
  "maleRatio": 0.875,
  "shoulderMountable": false,
  "baseExperienceYield": 173,
  "experienceGroup": "medium_fast",
  "eggCycles": 30,
  "eggGroups": [
    "water_1",
    "water_3"
  ],
  "behaviour": {
    "resting": {
      "canSleep": true,
      "willSleepOnBed": false,
      "depth": "normal",
      "light": "0-4"
    },
    "moving": {
      "swim": {
        "canSwimInWater": true,
        "canBreatheUnderwater": true
      },
      "walk": {
        "walkSpeed": 0.14
      }
    }
  },
  "drops": {
    "amount": 2,
    "entries": [
      {
        "item": "minecraft:nautilus_shell"
      },
      {
        "item": "minecraft:bone_meal",
        "percentage": 10.0
      }
    ]
  },
  "moves": [
    "1:bind",
    "1:bite",
    "1:constrict",
    "1:rollout",
    "1:sandattack",
    "1:spikecannon",
    "1:withdraw",
    "15:watergun",
    "20:leer",
    "25:mudshot",
    "30:ancientpower",
    "35:brine",
    "43:protect",
    "48:tickle",
    "49:rockblast",
    "56:surf",
    "63:shellsmash",
    "70:hydropump",
    "100:attract",
    "100:blizzard",
    "100:bodyslam",
    "100:brine",
    "100:captivate",
    "100:confide",
    "100:crunch",
    "100:dive",
    "100:doubleteam",
    "100:earthpower",
    "100:endure",
    "100:facade",
    "100:frustration",
    "100:gigaimpact",
    "100:gyroball",
    "100:hail",
    "100:hiddenpower",
    "100:hydropump",
    "100:hyperbeam",
    "100:icebeam",
    "100:icywind",
    "100:irondefense",
    "100:liquidation",
    "100:muddywater",
    "100:mudshot",
    "100:naturalgift",
    "100:pinmissile",
    "100:protect",
    "100:raindance",
    "100:rest",
    "100:return",
    "100:rockblast",
    "100:rockclimb",
    "100:rockpolish",
    "100:rockslide",
    "100:rocksmash",
    "100:rocktomb",
    "100:round",
    "100:sandstorm",
    "100:scald",
    "100:secretpower",
    "100:sleeptalk",
    "100:smackdown",
    "100:snore",
    "100:spikes",
    "100:stealthrock",
    "100:stoneedge",
    "100:substitute",
    "100:surf",
    "100:swagger",
    "100:thief",
    "100:toxic",
    "100:toxicspikes",
    "100:waterfall",
    "100:waterpulse",
    "100:whirlpool",
    "100:ancientpower",
    "100:attract",
    "100:bide",
    "100:bind",
    "100:bite",
    "100:blizzard",
    "100:bodyslam",
    "100:bubblebeam",
    "100:constrict",
    "100:curse",
    "100:dive",
    "100:doubleedge",
    "100:doubleteam",
    "100:earthpower",
    "100:endure",
    "100:facade",
    "100:frustration",
    "100:headbutt",
    "100:hiddenpower",
    "100:hornattack",
    "100:horndrill",
    "100:hydropump",
    "100:hyperbeam",
    "100:icebeam",
    "100:icywind",
    "100:irondefense",
    "100:knockoff",
    "100:leer",
    "100:meteorbeam",
    "100:mimic",
    "100:protect",
    "100:rage",
    "100:raindance",
    "100:reflect",
    "100:rest",
    "100:return",
    "100:rockslide",
    "100:rocksmash",
    "100:rockthrow",
    "100:rollout",
    "100:sandstorm",
    "100:scald",
    "100:seismictoss",
    "100:shellsmash",
    "100:skullbash",
    "100:sleeptalk",
    "100:snore",
    "100:spikecannon",
    "100:stealthrock",
    "100:submission",
    "100:substitute",
    "100:supersonic",
    "100:surf",
    "100:swagger",
    "100:takedown",
    "100:thief",
    "100:toxic",
    "100:waterfall",
    "100:watergun",
    "100:waterpulse",
    "100:whirlpool",
    "100:withdraw"
  ],
  "labels": [
    "gen1"
  ],
  "pokedex": [
    "cobblemon.species.omastar.desc"
  ],
  "preEvolution": "omanyte",
  "evolutions": [],
  "baseScale": 1,
  "hitbox": {
    "width": 0.6,
    "height": 0.7,
    "fixed": false
  },
  "baseFriendship": 50,
  "evYield": {
    "hp": 0,
    "attack": 0,
    "defence": 2,
    "special_attack": 0,
    "special_defence": 0,
    "speed": 0
  },
  "height": 10,
  "weight": 350,
  "aspects": [],
  "cannotDynamax": false
}
