{
  "implemented": true,
  "name": "Onix",
  "nationalPokedexNumber": 95,
  "primaryType": "rock",
  "secondaryType": "ground",
  "abilities": [
    "rockhead",
    "sturdy",
    "h:weakarmor"
  ],
  "baseStats": {
    "hp": 35,
    "attack": 45,
    "defence": 160,
    "special_attack": 30,
    "special_defence": 45,
    "speed": 70
  },
  "catchRate": 45,
  "maleRatio": 0.5,
  "shoulderMountable": false,
  "baseExperienceYield": 77,
  "experienceGroup": "medium_fast",
  "eggCycles": 25,
  "eggGroups": [
    "mineral"
  ],
  "behaviour": {
    "resting": {
      "canSleep": true,
      "willSleepOnBed": false,
      "depth": "normal",
      "light": "0-4"
    },
    "moving": {
      "walk": {
        "walkSpeed": 0.3
      }
    }
  },
  "drops": {
    "amount": 5,
    "entries": [
      {
        "item": "minecraft:flint",
        "quantityRange": "1-3"
      },
      {
        "item": "cobblemon:hard_stone",
        "percentage": 2.5
      },
      {
        "item": "cobblemon:passho_berry",
        "percentage": 2.5
      }
    ]
  },
  "moves": [
    "1:bind",
    "1:harden",
    "1:mudsport",
    "1:rockthrow",
    "1:tackle",
    "4:smackdown",
    "8:rockpolish",
    "10:rocktomb",
    "12:dragonbreath",
    "13:rage",
    "16:curse",
    "20:gyroball",
    "20:rockslide",
    "24:screech",
    "28:sandtomb",
    "32:stealthrock",
    "36:slam",
    "40:sandstorm",
    "44:dig",
    "48:irontail",
    "52:stoneedge",
    "56:doubleedge",
    "100:block",
    "100:defensecurl",
    "100:dragontail",
    "100:explosion",
    "100:flail",
    "100:headsmash",
    "100:heavyslam",
    "100:rockblast",
    "100:rockclimb",
    "100:rockslide",
    "100:rollout",
    "100:rototiller",
    "100:stealthrock",
    "100:wideguard",
    "100:attract",
    "100:bodypress",
    "100:bodyslam",
    "100:breakingswipe",
    "100:brutalswing",
    "100:bulldoze",
    "100:captivate",
    "100:confide",
    "100:dig",
    "100:doubleteam",
    "100:dragondance",
    "100:dragonpulse",
    "100:dragontail",
    "100:drillrun",
    "100:earthpower",
    "100:earthquake",
    "100:endure",
    "100:explosion",
    "100:facade",
    "100:flashcannon",
    "100:frustration",
    "100:gyroball",
    "100:heavyslam",
    "100:hiddenpower",
    "100:highhorsepower",
    "100:ironhead",
    "100:irontail",
    "100:naturalgift",
    "100:naturepower",
    "100:payback",
    "100:protect",
    "100:psychup",
    "100:rest",
    "100:return",
    "100:roar",
    "100:rockblast",
    "100:rockclimb",
    "100:rockpolish",
    "100:rockslide",
    "100:rocksmash",
    "100:rocktomb",
    "100:round",
    "100:sandstorm",
    "100:sandtomb",
    "100:scaryface",
    "100:screech",
    "100:secretpower",
    "100:selfdestruct",
    "100:sleeptalk",
    "100:smackdown",
    "100:snore",
    "100:stealthrock",
    "100:stompingtantrum",
    "100:stoneedge",
    "100:strength",
    "100:substitute",
    "100:sunnyday",
    "100:swagger",
    "100:taunt",
    "100:torment",
    "100:toxic",
    "100:ancientpower",
    "100:attract",
    "100:bide",
    "100:bind",
    "100:block",
    "100:bodyslam",
    "100:curse",
    "100:dig",
    "100:doubleedge",
    "100:doubleteam",
    "100:dragonpulse",
    "100:dragontail",
    "100:earthpower",
    "100:earthquake",
    "100:endure",
    "100:explosion",
    "100:facade",
    "100:fissure",
    "100:flail",
    "100:flashcannon",
    "100:frustration",
    "100:harden",
    "100:headbutt",
    "100:hiddenpower",
    "100:ironhead",
    "100:irontail",
    "100:meteorbeam",
    "100:mimic",
    "100:mudslap",
    "100:protect",
    "100:psychup",
    "100:rage",
    "100:rest",
    "100:return",
    "100:roar",
    "100:rockclimb",
    "100:rockslide",
    "100:rocksmash",
    "100:rockthrow",
    "100:rollout",
    "100:sandstorm",
    "100:scorchingsands",
    "100:screech",
    "100:selfdestruct",
    "100:skullbash",
    "100:slam",
    "100:sleeptalk",
    "100:snore",
    "100:stealthrock",
    "100:stompingtantrum",
    "100:strength",
    "100:substitute",
    "100:sunnyday",
    "100:swagger",
    "100:tackle",
    "100:takedown",
    "100:taunt",
    "100:toxic",
    "100:twister"
  ],
  "labels": [
    "gen1"
  ],
  "pokedex": [
    "cobblemon.species.onix.desc"
  ],
  "evolutions": [
    {
      "id": "onix_steelix",
      "variant": "trade",
      "result": "steelix",
      "consumeHeldItem": true,
      "learnableMoves": [],
      "requirements": [
        {
          "variant": "held_item",
          "itemCondition": "cobblemon:metal_coat"
        }
      ]
    }
  ],
  "baseScale": 2,
  "hitbox": {
    "width": 1.3,
    "height": 2.5,
    "fixed": false
  },
  "baseFriendship": 50,
  "evYield": {
    "hp": 0,
    "attack": 0,
    "defence": 1,
    "special_attack": 0,
    "special_defence": 0,
    "speed": 0
  },
  "height": 88,
  "weight": 2100,
  "aspects": [],
  "cannotDynamax": false
}
