{
  "implemented": true,
  "name": "Pidgeotto",
  "nationalPokedexNumber": 17,
  "primaryType": "normal",
  "secondaryType": "flying",
  "abilities": [
    "keeneye",
    "tangledfeet",
    "h:bigpecks"
  ],
  "baseStats": {
    "hp": 63,
    "attack": 60,
    "defence": 55,
    "special_attack": 50,
    "special_defence": 50,
    "speed": 71
  },
  "catchRate": 120,
  "maleRatio": 0.5,
  "shoulderMountable": false,
  "baseExperienceYield": 122,
  "experienceGroup": "medium_slow",
  "eggCycles": 15,
  "eggGroups": [
    "flying"
  ],
  "behaviour": {
    "moving": {
      "fly": {
        "canFly": true
      }
    },
    "resting": {
      "canSleep": true,
      "willSleepOnBed": false,
      "depth": "normal",
      "light": "0-4"
    }
  },
  "drops": {
    "amount": 5,
    "entries": [
      {
        "item": "minecraft:feather",
        "quantityRange": "0-2"
      },
      {
        "item": "minecraft:chicken"
      },
      {
        "item": "cobblemon:sharp_beak",
        "percentage": 2.5
      },
      {
        "item": "cobblemon:chilan_berry",
        "percentage": 5.0
      }
    ]
  },
  "moves": [
    "1:gust",
    "1:sandattack",
    "1:tackle",
    "13:quickattack",
    "17:whirlwind",
    "22:twister",
    "27:featherdance",
    "32:agility",
    "37:wingattack",
    "42:roost",
    "47:tailwind",
    "52:mirrormove",
    "57:airslash",
    "62:hurricane",
    "100:aerialace",
    "100:attract",
    "100:captivate",
    "100:confide",
    "100:defog",
    "100:doubleteam",
    "100:endure",
    "100:facade",
    "100:fly",
    "100:frustration",
    "100:hiddenpower",
    "100:naturalgift",
    "100:pluck",
    "100:protect",
    "100:raindance",
    "100:rest",
    "100:return",
    "100:roost",
    "100:round",
    "100:secretpower",
    "100:sleeptalk",
    "100:steelwing",
    "100:substitute",
    "100:sunnyday",
    "100:swagger",
    "100:thief",
    "100:toxic",
    "100:uturn",
    "100:workup",
    "100:agility",
    "100:aircutter",
    "100:airslash",
    "100:attract",
    "100:bide",
    "100:curse",
    "100:defog",
    "100:detect",
    "100:doubleedge",
    "100:doubleteam",
    "100:endure",
    "100:facade",
    "100:featherdance",
    "100:fly",
    "100:frustration",
    "100:gust",
    "100:headbutt",
    "100:heatwave",
    "100:hiddenpower",
    "100:mimic",
    "100:mirrormove",
    "100:mudslap",
    "100:ominouswind",
    "100:protect",
    "100:quickattack",
    "100:rage",
    "100:razorwind",
    "100:reflect",
    "100:refresh",
    "100:rest",
    "100:return",
    "100:roost",
    "100:sandattack",
    "100:skyattack",
    "100:sleeptalk",
    "100:snore",
    "100:steelwing",
    "100:substitute",
    "100:sunnyday",
    "100:swagger",
    "100:swift",
    "100:tackle",
    "100:tailwind",
    "100:takedown",
    "100:thief",
    "100:toxic",
    "100:twister",
    "100:uproar",
    "100:uturn",
    "100:whirlwind",
    "100:wingattack"
  ],
  "labels": [
    "gen1"
  ],
  "pokedex": [
    "cobblemon.species.pidgeotto.desc"
  ],
  "preEvolution": "pidgey",
  "evolutions": [
    {
      "id": "pidgeotto_pidgeot",
      "variant": "level_up",
      "result": "pidgeot",
      "consumeHeldItem": false,
      "learnableMoves": [],
      "requirements": [
        {
          "variant": "level",
          "minLevel": 36
        }
      ]
    }
  ],
  "baseScale": 1.1,
  "hitbox": {
    "width": 0.6,
    "height": 1,
    "fixed": false
  },
  "baseFriendship": 70,
  "evYield": {
    "hp": 0,
    "attack": 0,
    "defence": 0,
    "special_attack": 0,
    "special_defence": 0,
    "speed": 2
  },
  "height": 11,
  "weight": 300,
  "aspects": [],
  "cannotDynamax": false
}
