{
  "implemented": true,
  "name": "Poliwhirl",
  "nationalPokedexNumber": 61,
  "primaryType": "water",
  "abilities": [
    "waterabsorb",
    "damp",
    "h:swiftswim"
  ],
  "drops": {
    "amount": 2,
    "entries": [
      {
        "item": "cobblemon:kings_rock",
        "percentage": 5.0
      },
      {
        "item": "cobblemon:chesto_berry",
        "percentage": 5.0
      }
    ]
  },
  "baseStats": {
    "hp": 65,
    "attack": 65,
    "defence": 65,
    "special_attack": 50,
    "special_defence": 50,
    "speed": 90
  },
  "behaviour": {
    "moving": {
      "swim": {
        "canSwimInWater": true,
        "canBreatheUnderwater": true
      }
    },
    "resting": {
      "canSleep": true,
      "willSleepOnBed": false,
      "depth": "normal",
      "light": "0-4"
    }
  },
  "catchRate": 120,
  "maleRatio": 0.5,
  "shoulderMountable": false,
  "baseExperienceYield": 135,
  "experienceGroup": "medium_slow",
  "eggCycles": 20,
  "eggGroups": [
    "water_1"
  ],
  "moves": [
    "1:hypnosis",
    "1:mudshot",
    "1:pound",
    "1:watergun",
    "1:watersport",
    "11:bubble",
    "15:doubleslap",
    "18:bubblebeam",
    "24:raindance",
    "32:bodyslam",
    "40:earthpower",
    "43:wakeupslap",
    "48:hydropump",
    "53:mudbomb",
    "56:bellydrum",
    "66:doubleedge",
    "100:amnesia",
    "100:attract",
    "100:blizzard",
    "100:bodyslam",
    "100:brickbreak",
    "100:bulldoze",
    "100:captivate",
    "100:chillingwater",
    "100:confide",
    "100:dig",
    "100:dive",
    "100:doubleedge",
    "100:doubleteam",
    "100:earthpower",
    "100:earthquake",
    "100:encore",
    "100:endeavor",
    "100:endure",
    "100:facade",
    "100:fling",
    "100:focuspunch",
    "100:frustration",
    "100:hail",
    "100:haze",
    "100:helpinghand",
    "100:hiddenpower",
    "100:hydropump",
    "100:icebeam",
    "100:icepunch",
    "100:icywind",
    "100:liquidation",
    "100:lowkick",
    "100:lowsweep",
    "100:megakick",
    "100:megapunch",
    "100:metronome",
    "100:muddywater",
    "100:mudshot",
    "100:mudslap",
    "100:naturalgift",
    "100:poweruppunch",
    "100:protect",
    "100:psychic",
    "100:psychup",
    "100:raindance",
    "100:rest",
    "100:return",
    "100:rocksmash",
    "100:round",
    "100:scald",
    "100:secretpower",
    "100:sleeptalk",
    "100:snore",
    "100:strength",
    "100:substitute",
    "100:surf",
    "100:swagger",
    "100:swift",
    "100:takedown",
    "100:terablast",
    "100:thief",
    "100:toxic",
    "100:waterfall",
    "100:waterpulse",
    "100:weatherball",
    "100:whirlpool",
    "100:amnesia",
    "100:attract",
    "100:bellydrum",
    "100:bide",
    "100:blizzard",
    "100:bodyslam",
    "100:brickbreak",
    "100:bubble",
    "100:bubblebeam",
    "100:counter",
    "100:curse",
    "100:defensecurl",
    "100:detect",
    "100:dig",
    "100:dive",
    "100:doubleedge",
    "100:doubleslap",
    "100:doubleteam",
    "100:earthquake",
    "100:endeavor",
    "100:endure",
    "100:facade",
    "100:fissure",
    "100:focuspunch",
    "100:frustration",
    "100:headbutt",
    "100:helpinghand",
    "100:hiddenpower",
    "100:hydropump",
    "100:hypnosis",
    "100:icebeam",
    "100:icepunch",
    "100:icywind",
    "100:lowkick",
    "100:megakick",
    "100:megapunch",
    "100:metronome",
    "100:mimic",
    "100:mudslap",
    "100:pound",
    "100:protect",
    "100:psychic",
    "100:psywave",
    "100:rage",
    "100:raindance",
    "100:rest",
    "100:return",
    "100:rocksmash",
    "100:scald",
    "100:seismictoss",
    "100:skullbash",
    "100:sleeptalk",
    "100:snore",
    "100:strength",
    "100:submission",
    "100:substitute",
    "100:surf",
    "100:swagger",
    "100:takedown",
    "100:thief",
    "100:toxic",
    "100:waterfall",
    "100:watergun",
    "100:waterpulse",
    "100:whirlpool"
  ],
  "labels": [
    "gen1"
  ],
  "pokedex": [
    "cobblemon.species.poliwhirl.desc"
  ],
  "preEvolution": "poliwag",
  "evolutions": [
    {
      "id": "poliwhirl_poliwrath",
      "variant": "item_interact",
      "result": "poliwrath",
      "consumeHeldItem": false,
      "learnableMoves": [
        "submission"
      ],
      "requirements": [],
      "requiredContext": "cobblemon:water_stone"
    },
    {
      "id": "poliwhirl_politoed",
      "variant": "trade",
      "result": "politoed",
      "consumeHeldItem": true,
      "learnableMoves": [],
      "requirements": [
        {
          "variant": "held_item",
          "itemCondition": "cobblemon:kings_rock"
        }
      ]
    }
  ],
  "baseScale": 0.9,
  "hitbox": {
    "width": 1,
    "height": 1.1,
    "fixed": false
  },
  "baseFriendship": 50,
  "evYield": {
    "hp": 0,
    "attack": 0,
    "defence": 0,
    "special_attack": 0,
    "special_defence": 0,
    "speed": 2
  },
  "height": 10,
  "weight": 200,
  "aspects": [],
  "cannotDynamax": false
}
