{
  "implemented": true,
  "name": "Ponyta",
  "nationalPokedexNumber": 77,
  "primaryType": "fire",
  "abilities": [
    "runaway",
    "flashfire",
    "h:flamebody"
  ],
  "baseStats": {
    "hp": 50,
    "attack": 85,
    "defence": 55,
    "special_attack": 65,
    "special_defence": 65,
    "speed": 90
  },
  "features": [
    "galarian"
  ],
  "catchRate": 190,
  "maleRatio": 0.5,
  "shoulderMountable": false,
  "forms": [
    {
      "name": "Galar",
      "primaryType": "psychic",
      "abilities": [
        "runaway",
        "pastelveil",
        "h:anticipation"
      ],
      "baseStats": {
        "hp": 50,
        "attack": 85,
        "defence": 55,
        "special_attack": 65,
        "special_defence": 65,
        "speed": 90
      },
      "catchRate": 190,
      "maleRatio": 0.5,
      "baseExperienceYield": 82,
      "baseFriendship": 50,
      "evYield": {
        "hp": 0,
        "attack": 0,
        "defence": 0,
        "special_attack": 0,
        "special_defence": 0,
        "speed": 1
      },
      "experienceGroup": "medium_fast",
      "eggCycles": 20,
      "eggGroups": [
        "field"
      ],
      "moves": [
        "1:growl",
        "1:tackle",
        "5:tailwhip",
        "10:confusion",
        "15:fairywind",
        "20:agility",
        "25:psybeam",
        "30:stomp",
        "35:healpulse",
        "41:takedown",
        "45:dazzlinggleam",
        "50:psychic",
        "55:healingwish",
        "100:doubleedge",
        "100:doublekick",
        "100:horndrill",
        "100:hypnosis",
        "100:morningsun",
        "100:thrash",
        "100:agility",
        "100:allyswitch",
        "100:attract",
        "100:bodyslam",
        "100:bounce",
        "100:calmmind",
        "100:charm",
        "100:dazzlinggleam",
        "100:endure",
        "100:facade",
        "100:futuresight",
        "100:highhorsepower",
        "100:imprison",
        "100:irontail",
        "100:lowkick",
        "100:mysticalfire",
        "100:playrough",
        "100:protect",
        "100:psychic",
        "100:rest",
        "100:round",
        "100:sleeptalk",
        "100:snore",
        "100:storedpower",
        "100:substitute",
        "100:swift",
        "100:wildcharge",
        "100:zenheadbutt",
        "100:confusion",
        "100:expandingforce",
        "100:fairywind",
        "100:growl",
        "100:tackle"
      ],
      "labels": [
        "gen8",
        "galar_regional"
      ],
      "aspects": [
        "galarian"
      ],
      "height": 8,
      "weight": 240,
      "evolutions": [
        {
          "id": "ponyta_rapidash",
          "variant": "level_up",
          "result": "rapidash galarian",
          "consumeHeldItem": false,
          "learnableMoves": [
            "psychocut"
          ],
          "requirements": [
            {
              "variant": "level",
              "minLevel": 40
            }
          ]
        }
      ],
      "cannotDynamax": false,
      "battleOnly": false,
      "drops": {
        "amount": 2,
        "entries": [
          {
            "item": "minecraft:leather",
            "quantityRange": "0-1"
          },
          {
            "item": "cobblemon:razz_berry",
            "percentage": 2.5
          }
        ]
      }
    }
  ],
  "baseExperienceYield": 82,
  "experienceGroup": "medium_fast",
  "eggCycles": 20,
  "eggGroups": [
    "field"
  ],
  "behaviour": {
    "moving": {
      "walk": {
        "walkSpeed": 0.3
      }
    },
    "resting": {
      "canSleep": true,
      "willSleepOnBed": false,
      "depth": "normal",
      "light": "0-4"
    }
  },
  "drops": {
    "amount": 3,
    "entries": [
      {
        "item": "minecraft:leather",
        "quantityRange": "0-1"
      },
      {
        "item": "minecraft:blaze_powder",
        "percentage": 2.5
      },
      {
        "item": "cobblemon:shuca_berry",
        "percentage": 2.5
      }
    ]
  },
  "moves": [
    "1:growl",
    "1:quickattack",
    "1:tackle",
    "5:tailwhip",
    "10:ember",
    "15:flamecharge",
    "20:agility",
    "25:flamewheel",
    "30:stomp",
    "35:firespin",
    "41:takedown",
    "45:bounce",
    "45:inferno",
    "50:fireblast",
    "55:flareblitz",
    "100:allyswitch",
    "100:captivate",
    "100:charm",
    "100:doubleedge",
    "100:doublekick",
    "100:flamewheel",
    "100:highhorsepower",
    "100:horndrill",
    "100:hypnosis",
    "100:lowkick",
    "100:morningsun",
    "100:thrash",
    "100:agility",
    "100:allyswitch",
    "100:attract",
    "100:bodyslam",
    "100:bounce",
    "100:captivate",
    "100:charm",
    "100:confide",
    "100:doubleteam",
    "100:echoedvoice",
    "100:endure",
    "100:facade",
    "100:fireblast",
    "100:firespin",
    "100:flamecharge",
    "100:flamethrower",
    "100:flareblitz",
    "100:frustration",
    "100:heatwave",
    "100:hiddenpower",
    "100:highhorsepower",
    "100:incinerate",
    "100:irontail",
    "100:lowkick",
    "100:mysticalfire",
    "100:naturalgift",
    "100:overheat",
    "100:playrough",
    "100:protect",
    "100:rest",
    "100:return",
    "100:round",
    "100:secretpower",
    "100:sleeptalk",
    "100:snore",
    "100:solarbeam",
    "100:solarblade",
    "100:strength",
    "100:substitute",
    "100:sunnyday",
    "100:swagger",
    "100:swift",
    "100:toxic",
    "100:wildcharge",
    "100:willowisp",
    "100:agility",
    "100:allyswitch",
    "100:attract",
    "100:bide",
    "100:bodyslam",
    "100:bounce",
    "100:charm",
    "100:curse",
    "100:doubleedge",
    "100:doublekick",
    "100:doubleteam",
    "100:ember",
    "100:endure",
    "100:facade",
    "100:fireblast",
    "100:firespin",
    "100:flamethrower",
    "100:flamewheel",
    "100:flareblitz",
    "100:frustration",
    "100:growl",
    "100:headbutt",
    "100:heatwave",
    "100:hiddenpower",
    "100:horndrill",
    "100:hypnosis",
    "100:irontail",
    "100:lowkick",
    "100:mimic",
    "100:protect",
    "100:quickattack",
    "100:rage",
    "100:reflect",
    "100:rest",
    "100:return",
    "100:skullbash",
    "100:sleeptalk",
    "100:snore",
    "100:solarbeam",
    "100:stomp",
    "100:substitute",
    "100:sunnyday",
    "100:swagger",
    "100:swift",
    "100:tackle",
    "100:tailwhip",
    "100:takedown",
    "100:thrash",
    "100:toxic",
    "100:willowisp"
  ],
  "labels": [
    "gen1",
    "kanto_regional"
  ],
  "pokedex": [
    "cobblemon.species.ponyta.desc"
  ],
  "evolutions": [
    {
      "id": "ponyta_rapidash",
      "variant": "level_up",
      "result": "rapidash",
      "consumeHeldItem": false,
      "learnableMoves": [
        "smartstrike"
      ],
      "requirements": [
        {
          "variant": "level",
          "minLevel": 40
        }
      ]
    }
  ],
  "baseScale": 1,
  "hitbox": {
    "width": 0.8,
    "height": 1.4,
    "fixed": false
  },
  "baseFriendship": 50,
  "evYield": {
    "hp": 0,
    "attack": 0,
    "defence": 0,
    "special_attack": 0,
    "special_defence": 0,
    "speed": 1
  },
  "height": 10,
  "weight": 300,
  "aspects": [],
  "cannotDynamax": false
}
