{
  "implemented": true,
  "name": "Porygon",
  "nationalPokedexNumber": 137,
  "primaryType": "normal",
  "abilities": [
    "trace",
    "download",
    "h:analytic"
  ],
  "baseStats": {
    "hp": 65,
    "attack": 60,
    "defence": 70,
    "special_attack": 85,
    "special_defence": 75,
    "speed": 40
  },
  "catchRate": 45,
  "maleRatio": -1,
  "shoulderMountable": false,
  "baseExperienceYield": 79,
  "experienceGroup": "medium_fast",
  "eggCycles": 20,
  "eggGroups": [
    "mineral"
  ],
  "behaviour": {
    "moving": {
      "fly": {
        "canFly": true
      },
      "walk": {
        "canWalk": false
      }
    }
  },
  "moves": [
    "1:conversion",
    "1:sharpen",
    "1:tackle",
    "5:recycle",
    "10:magnetrise",
    "15:thundershock",
    "20:psybeam",
    "25:conversion2",
    "29:signalbeam",
    "30:agility",
    "35:recover",
    "40:discharge",
    "45:triattack",
    "50:doubleedge",
    "50:magiccoat",
    "55:lockon",
    "60:zapcannon",
    "100:aerialace",
    "100:agility",
    "100:allyswitch",
    "100:blizzard",
    "100:charge",
    "100:chargebeam",
    "100:confide",
    "100:doubleedge",
    "100:doubleteam",
    "100:dreameater",
    "100:eerieimpulse",
    "100:electroweb",
    "100:endure",
    "100:facade",
    "100:flash",
    "100:foulplay",
    "100:frustration",
    "100:gigaimpact",
    "100:gravity",
    "100:guardswap",
    "100:hiddenpower",
    "100:hyperbeam",
    "100:icebeam",
    "100:icywind",
    "100:irontail",
    "100:naturalgift",
    "100:powerswap",
    "100:protect",
    "100:psybeam",
    "100:psychic",
    "100:psychup",
    "100:psyshock",
    "100:raindance",
    "100:recycle",
    "100:rest",
    "100:return",
    "100:round",
    "100:secretpower",
    "100:shadowball",
    "100:shockwave",
    "100:sleeptalk",
    "100:snore",
    "100:solarbeam",
    "100:speedswap",
    "100:substitute",
    "100:sunnyday",
    "100:swagger",
    "100:swift",
    "100:takedown",
    "100:terablast",
    "100:thief",
    "100:thunder",
    "100:thunderbolt",
    "100:thunderwave",
    "100:toxic",
    "100:triattack",
    "100:trick",
    "100:trickroom",
    "100:wonderroom",
    "100:zenheadbutt",
    "100:agility",
    "100:allyswitch",
    "100:barrier",
    "100:bide",
    "100:blizzard",
    "100:conversion",
    "100:conversion2",
    "100:curse",
    "100:defensecurl",
    "100:doubleedge",
    "100:doubleteam",
    "100:dreameater",
    "100:electroweb",
    "100:endure",
    "100:facade",
    "100:flash",
    "100:foulplay",
    "100:frustration",
    "100:gravity",
    "100:headbutt",
    "100:hiddenpower",
    "100:hyperbeam",
    "100:icebeam",
    "100:icywind",
    "100:irontail",
    "100:lastresort",
    "100:lockon",
    "100:magiccoat",
    "100:magnetrise",
    "100:mimic",
    "100:nightmare",
    "100:painsplit",
    "100:protect",
    "100:psybeam",
    "100:psychic",
    "100:psychup",
    "100:psywave",
    "100:rage",
    "100:raindance",
    "100:recover",
    "100:recycle",
    "100:reflect",
    "100:rest",
    "100:return",
    "100:shadowball",
    "100:sharpen",
    "100:shockwave",
    "100:signalbeam",
    "100:skullbash",
    "100:sleeptalk",
    "100:snore",
    "100:solarbeam",
    "100:substitute",
    "100:sunnyday",
    "100:swagger",
    "100:swift",
    "100:tackle",
    "100:takedown",
    "100:telekinesis",
    "100:teleport",
    "100:thief",
    "100:thunder",
    "100:thunderbolt",
    "100:thundershock",
    "100:thunderwave",
    "100:toxic",
    "100:triattack",
    "100:trick",
    "100:wonderroom",
    "100:zapcannon",
    "100:zenheadbutt"
  ],
  "labels": [
    "gen1"
  ],
  "pokedex": [
    "cobblemon.species.porygon.desc"
  ],
  "evolutions": [
    {
      "id": "porygon_porygon2",
      "variant": "trade",
      "result": "porygon2",
      "consumeHeldItem": true,
      "learnableMoves": [],
      "requirements": [
        {
          "variant": "held_item",
          "itemCondition": "cobblemon:upgrade"
        }
      ]
    }
  ],
  "baseScale": 0.8,
  "hitbox": {
    "width": 0.9,
    "height": 0.9,
    "fixed": false
  },
  "baseFriendship": 50,
  "evYield": {
    "hp": 0,
    "attack": 0,
    "defence": 0,
    "special_attack": 1,
    "special_defence": 0,
    "speed": 0
  },
  "height": 8,
  "weight": 365,
  "aspects": [],
  "cannotDynamax": false
}
