{
  "implemented": true,
  "name": "Psyduck",
  "nationalPokedexNumber": 54,
  "primaryType": "water",
  "abilities": [
    "damp",
    "cloudnine",
    "h:swiftswim"
  ],
  "baseStats": {
    "hp": 50,
    "attack": 52,
    "defence": 48,
    "special_attack": 65,
    "special_defence": 50,
    "speed": 55
  },
  "catchRate": 190,
  "maleRatio": 0.5,
  "shoulderMountable": false,
  "baseExperienceYield": 64,
  "experienceGroup": "medium_fast",
  "eggCycles": 20,
  "eggGroups": [
    "water_1",
    "field"
  ],
  "behaviour": {
    "moving": {
      "swim": {
        "canSwimInWater": true,
        "canBreatheUnderwater": true
      }
    },
    "resting": {
      "canSleep": true,
      "willSleepOnBed": false,
      "depth": "normal",
      "light": "0-4"
    }
  },
  "drops": {
    "amount": 3,
    "entries": [
      {
        "item": "minecraft:feather",
        "quantityRange": "0-1"
      },
      {
        "item": "minecraft:chicken"
      },
      {
        "item": "cobblemon:mystic_water",
        "percentage": 2.5
      }
    ]
  },
  "moves": [
    "1:scratch",
    "1:tailwhip",
    "1:watersport",
    "3:watergun",
    "6:confusion",
    "9:furyswipes",
    "12:waterpulse",
    "15:disable",
    "18:zenheadbutt",
    "21:screech",
    "24:aquatail",
    "27:soak",
    "30:psychup",
    "34:amnesia",
    "36:hydropump",
    "39:wonderroom",
    "100:clearsmog",
    "100:confuseray",
    "100:crosschop",
    "100:encore",
    "100:foresight",
    "100:futuresight",
    "100:hypnosis",
    "100:lightscreen",
    "100:mudbomb",
    "100:psybeam",
    "100:psychic",
    "100:refresh",
    "100:secretpower",
    "100:simplebeam",
    "100:sleeptalk",
    "100:synchronoise",
    "100:yawn",
    "100:aerialace",
    "100:amnesia",
    "100:attract",
    "100:blizzard",
    "100:bodyslam",
    "100:brickbreak",
    "100:brine",
    "100:calmmind",
    "100:captivate",
    "100:chillingwater",
    "100:confide",
    "100:confuseray",
    "100:dig",
    "100:dive",
    "100:doubleedge",
    "100:doubleteam",
    "100:encore",
    "100:endeavor",
    "100:endure",
    "100:facade",
    "100:flash",
    "100:fling",
    "100:flipturn",
    "100:focuspunch",
    "100:frustration",
    "100:futuresight",
    "100:hail",
    "100:haze",
    "100:helpinghand",
    "100:hiddenpower",
    "100:honeclaws",
    "100:hydropump",
    "100:icebeam",
    "100:icepunch",
    "100:icywind",
    "100:irontail",
    "100:knockoff",
    "100:lightscreen",
    "100:liquidation",
    "100:lowkick",
    "100:lowsweep",
    "100:megakick",
    "100:megapunch",
    "100:metronome",
    "100:muddywater",
    "100:mudshot",
    "100:nastyplot",
    "100:naturalgift",
    "100:payday",
    "100:poweruppunch",
    "100:protect",
    "100:psybeam",
    "100:psychic",
    "100:psychicnoise",
    "100:psychup",
    "100:psyshock",
    "100:raindance",
    "100:rest",
    "100:return",
    "100:rocksmash",
    "100:round",
    "100:scald",
    "100:screech",
    "100:secretpower",
    "100:shadowclaw",
    "100:skillswap",
    "100:sleeptalk",
    "100:snore",
    "100:strength",
    "100:substitute",
    "100:surf",
    "100:swagger",
    "100:swift",
    "100:takedown",
    "100:taunt",
    "100:telekinesis",
    "100:terablast",
    "100:thief",
    "100:toxic",
    "100:trailblaze",
    "100:vacuumwave",
    "100:waterfall",
    "100:waterpulse",
    "100:whirlpool",
    "100:wonderroom",
    "100:zenheadbutt",
    "100:amnesia",
    "100:aquatail",
    "100:attract",
    "100:bide",
    "100:blizzard",
    "100:bodyslam",
    "100:brickbreak",
    "100:brine",
    "100:bubblebeam",
    "100:calmmind",
    "100:confusion",
    "100:counter",
    "100:crosschop",
    "100:curse",
    "100:dig",
    "100:disable",
    "100:dive",
    "100:doubleedge",
    "100:doubleteam",
    "100:dynamicpunch",
    "100:encore",
    "100:endure",
    "100:facade",
    "100:flash",
    "100:focuspunch",
    "100:foresight",
    "100:frustration",
    "100:furyswipes",
    "100:futuresight",
    "100:headbutt",
    "100:hiddenpower",
    "100:hydropump",
    "100:hypnosis",
    "100:icebeam",
    "100:icepunch",
    "100:icywind",
    "100:irontail",
    "100:lightscreen",
    "100:megakick",
    "100:megapunch",
    "100:mimic",
    "100:mudslap",
    "100:mudsport",
    "100:payday",
    "100:protect",
    "100:psybeam",
    "100:psychic",
    "100:psychup",
    "100:rage",
    "100:raindance",
    "100:rest",
    "100:return",
    "100:rocksmash",
    "100:roleplay",
    "100:scald",
    "100:scratch",
    "100:screech",
    "100:seismictoss",
    "100:signalbeam",
    "100:skullbash",
    "100:sleeptalk",
    "100:snore",
    "100:strength",
    "100:submission",
    "100:substitute",
    "100:surf",
    "100:swagger",
    "100:swift",
    "100:tailwhip",
    "100:takedown",
    "100:telekinesis",
    "100:toxic",
    "100:waterfall",
    "100:watergun",
    "100:waterpulse",
    "100:watersport",
    "100:whirlpool",
    "100:wonderroom",
    "100:worryseed",
    "100:zenheadbutt"
  ],
  "labels": [
    "gen1"
  ],
  "pokedex": [
    "cobblemon.species.psyduck.desc"
  ],
  "evolutions": [
    {
      "id": "psyduck_golduck",
      "variant": "level_up",
      "result": "golduck",
      "consumeHeldItem": false,
      "learnableMoves": [],
      "requirements": [
        {
          "variant": "level",
          "minLevel": 33
        }
      ]
    }
  ],
  "baseScale": 0.8,
  "hitbox": {
    "width": 0.8,
    "height": 1.0,
    "fixed": false
  },
  "baseFriendship": 50,
  "evYield": {
    "hp": 0,
    "attack": 0,
    "defence": 0,
    "special_attack": 1,
    "special_defence": 0,
    "speed": 0
  },
  "height": 8,
  "weight": 196,
  "aspects": [],
  "cannotDynamax": false
}
