{
  "implemented": true,
  "name": "Raichu",
  "nationalPokedexNumber": 26,
  "primaryType": "electric",
  "abilities": [
    "static",
    "h:lightningrod"
  ],
  "drops": {
    "amount": 3,
    "entries": [
      {
        "item": "cobblemon:light_ball",
        "percentage": 10.0
      },
      {
        "item": "cobblemon:thunder_stone",
        "percentage": 10.0
      },
      {
        "item": "cobblemon:oran_berry",
        "percentage": 10.0
      }
    ]
  },
  "baseStats": {
    "hp": 60,
    "attack": 90,
    "defence": 55,
    "special_attack": 90,
    "special_defence": 80,
    "speed": 110
  },
  "features": [
    "alolan"
  ],
  "behaviour": {
    "resting": {
      "canSleep": true,
      "willSleepOnBed": false,
      "depth": "normal",
      "light": "0-4"
    }
  },
  "catchRate": 75,
  "maleRatio": 0.5,
  "shoulderMountable": false,
  "forms": [
    {
      "name": "Alola",
      "primaryType": "electric",
      "secondaryType": "psychic",
      "abilities": [
        "surgesurfer"
      ],
      "baseStats": {
        "hp": 60,
        "attack": 85,
        "defence": 50,
        "special_attack": 95,
        "special_defence": 85,
        "speed": 110
      },
      "catchRate": 75,
      "maleRatio": 0.5,
      "baseExperienceYield": 243,
      "baseFriendship": 50,
      "evYield": {
        "hp": 0,
        "attack": 0,
        "defence": 0,
        "special_attack": 0,
        "special_defence": 0,
        "speed": 3
      },
      "experienceGroup": "medium_fast",
      "eggCycles": 10,
      "eggGroups": [
        "field",
        "fairy"
      ],
      "moves": [
        "1:agility",
        "1:charm",
        "1:discharge",
        "1:doubleteam",
        "1:electroball",
        "1:feint",
        "1:growl",
        "1:irontail",
        "1:lightscreen",
        "1:nastyplot",
        "1:nuzzle",
        "1:playnice",
        "1:psychic",
        "1:quickattack",
        "1:slam",
        "1:spark",
        "1:speedswap",
        "1:sweetkiss",
        "1:tailwhip",
        "1:thunder",
        "1:thundershock",
        "1:thunderwave",
        "5:thunderbolt",
        "100:agility",
        "100:alluringvoice",
        "100:allyswitch",
        "100:attract",
        "100:bodyslam",
        "100:brickbreak",
        "100:calmmind",
        "100:charge",
        "100:chargebeam",
        "100:charm",
        "100:confide",
        "100:dig",
        "100:doubleteam",
        "100:drainingkiss",
        "100:echoedvoice",
        "100:eerieimpulse",
        "100:electricterrain",
        "100:electroball",
        "100:electroweb",
        "100:encore",
        "100:endeavor",
        "100:endure",
        "100:expandingforce",
        "100:facade",
        "100:faketears",
        "100:fling",
        "100:focusblast",
        "100:focuspunch",
        "100:frustration",
        "100:futuresight",
        "100:gigaimpact",
        "100:grassknot",
        "100:helpinghand",
        "100:hiddenpower",
        "100:hyperbeam",
        "100:irontail",
        "100:knockoff",
        "100:lightscreen",
        "100:magicroom",
        "100:megakick",
        "100:megapunch",
        "100:nastyplot",
        "100:payday",
        "100:playrough",
        "100:protect",
        "100:psychic",
        "100:psychicnoise",
        "100:psychicterrain",
        "100:psyshock",
        "100:raindance",
        "100:reflect",
        "100:rest",
        "100:return",
        "100:reversal",
        "100:round",
        "100:safeguard",
        "100:skillswap",
        "100:sleeptalk",
        "100:snore",
        "100:speedswap",
        "100:storedpower",
        "100:substitute",
        "100:surf",
        "100:swagger",
        "100:swift",
        "100:takedown",
        "100:terablast",
        "100:thief",
        "100:thunder",
        "100:thunderbolt",
        "100:thunderpunch",
        "100:thunderwave",
        "100:toxic",
        "100:trailblaze",
        "100:upperhand",
        "100:uproar",
        "100:voltswitch",
        "100:wildcharge",
        "100:allyswitch",
        "100:brickbreak",
        "100:calmmind",
        "100:covet",
        "100:dig",
        "100:doubleteam",
        "100:electroweb",
        "100:encore",
        "100:expandingforce",
        "100:facade",
        "100:fakeout",
        "100:focuspunch",
        "100:growl",
        "100:headbutt",
        "100:helpinghand",
        "100:hyperbeam",
        "100:irontail",
        "100:knockoff",
        "100:laserfocus",
        "100:lightscreen",
        "100:magiccoat",
        "100:magicroom",
        "100:magnetrise",
        "100:payday",
        "100:protect",
        "100:psychic",
        "100:recycle",
        "100:reflect",
        "100:rest",
        "100:risingvoltage",
        "100:seismictoss",
        "100:shockwave",
        "100:signalbeam",
        "100:snore",
        "100:substitute",
        "100:tailwhip",
        "100:telekinesis",
        "100:teleport",
        "100:thunder",
        "100:thunderbolt",
        "100:thunderpunch",
        "100:thundershock",
        "100:thunderwave",
        "100:toxic"
      ],
      "labels": [
        "gen7",
        "alola_regional"
      ],
      "aspects": [
        "alolan"
      ],
      "height": 7,
      "weight": 210,
      "preEvolution": "pikachu region_bias=alola",
      "baseScale": 0.75,
      "hitbox": {
        "width": 0.8,
        "height": 1.6,
        "fixed": false
      },
      "cannotDynamax": false,
      "battleOnly": false,
      "drops": {
        "amount": 3,
        "entries": [
          {
            "item": "cobblemon:light_ball",
            "percentage": 10.0
          },
          {
            "item": "cobblemon:thunder_stone",
            "percentage": 10.0
          },
          {
            "item": "cobblemon:oran_berry",
            "percentage": 10.0
          }
        ]
      }
    }
  ],
  "baseExperienceYield": 243,
  "experienceGroup": "medium_fast",
  "eggCycles": 10,
  "eggGroups": [
    "field",
    "fairy"
  ],
  "moves": [
    "1:agility",
    "1:charm",
    "1:discharge",
    "1:doubleteam",
    "1:electroball",
    "1:feint",
    "1:growl",
    "1:irontail",
    "1:lightscreen",
    "1:nastyplot",
    "1:nuzzle",
    "1:playnice",
    "1:quickattack",
    "1:slam",
    "1:spark",
    "1:sweetkiss",
    "1:tailwhip",
    "1:thunder",
    "1:thundershock",
    "1:thunderwave",
    "5:thunderbolt",
    "100:agility",
    "100:alluringvoice",
    "100:attract",
    "100:bodyslam",
    "100:brickbreak",
    "100:brutalswing",
    "100:captivate",
    "100:charge",
    "100:chargebeam",
    "100:charm",
    "100:confide",
    "100:dig",
    "100:disarmingvoice",
    "100:doubleteam",
    "100:drainingkiss",
    "100:echoedvoice",
    "100:eerieimpulse",
    "100:electricterrain",
    "100:electroball",
    "100:electroweb",
    "100:encore",
    "100:endeavor",
    "100:endure",
    "100:facade",
    "100:faketears",
    "100:flash",
    "100:fling",
    "100:focusblast",
    "100:focuspunch",
    "100:frustration",
    "100:gigaimpact",
    "100:grassknot",
    "100:helpinghand",
    "100:hiddenpower",
    "100:hyperbeam",
    "100:irontail",
    "100:knockoff",
    "100:lightscreen",
    "100:megakick",
    "100:megapunch",
    "100:nastyplot",
    "100:naturalgift",
    "100:payday",
    "100:playrough",
    "100:protect",
    "100:raindance",
    "100:reflect",
    "100:rest",
    "100:return",
    "100:reversal",
    "100:rocksmash",
    "100:round",
    "100:safeguard",
    "100:secretpower",
    "100:shockwave",
    "100:sleeptalk",
    "100:snore",
    "100:speedswap",
    "100:strength",
    "100:substitute",
    "100:surf",
    "100:swagger",
    "100:swift",
    "100:takedown",
    "100:terablast",
    "100:thief",
    "100:thunder",
    "100:thunderbolt",
    "100:thunderpunch",
    "100:thunderwave",
    "100:toxic",
    "100:trailblaze",
    "100:upperhand",
    "100:uproar",
    "100:voltswitch",
    "100:wildcharge",
    "100:attract",
    "100:bide",
    "100:bodyslam",
    "100:brickbreak",
    "100:calmmind",
    "100:counter",
    "100:covet",
    "100:curse",
    "100:defensecurl",
    "100:detect",
    "100:dig",
    "100:doubleedge",
    "100:doubleteam",
    "100:dynamicpunch",
    "100:electroweb",
    "100:encore",
    "100:endure",
    "100:facade",
    "100:fakeout",
    "100:flash",
    "100:focuspunch",
    "100:frustration",
    "100:growl",
    "100:headbutt",
    "100:helpinghand",
    "100:hiddenpower",
    "100:hyperbeam",
    "100:irontail",
    "100:knockoff",
    "100:laserfocus",
    "100:lightscreen",
    "100:magnetrise",
    "100:megakick",
    "100:megapunch",
    "100:mimic",
    "100:mudslap",
    "100:payday",
    "100:protect",
    "100:quickattack",
    "100:rage",
    "100:raindance",
    "100:reflect",
    "100:rest",
    "100:return",
    "100:risingvoltage",
    "100:rollout",
    "100:seismictoss",
    "100:shockwave",
    "100:signalbeam",
    "100:skullbash",
    "100:sleeptalk",
    "100:snore",
    "100:strength",
    "100:submission",
    "100:substitute",
    "100:swagger",
    "100:swift",
    "100:tailwhip",
    "100:takedown",
    "100:thief",
    "100:thunder",
    "100:thunderbolt",
    "100:thunderpunch",
    "100:thundershock",
    "100:thunderwave",
    "100:toxic",
    "100:zapcannon"
  ],
  "labels": [
    "gen1",
    "kanto_regional"
  ],
  "pokedex": [
    "cobblemon.species.raichu.desc"
  ],
  "preEvolution": "pikachu",
  "evolutions": [],
  "baseScale": 0.75,
  "hitbox": {
    "width": 0.8,
    "height": 1.5,
    "fixed": false
  },
  "baseFriendship": 50,
  "evYield": {
    "hp": 0,
    "attack": 0,
    "defence": 0,
    "special_attack": 0,
    "special_defence": 0,
    "speed": 3
  },
  "height": 8,
  "weight": 300,
  "aspects": [],
  "cannotDynamax": false
}
