{
  "implemented": true,
  "name": "Rapidash",
  "nationalPokedexNumber": 78,
  "primaryType": "fire",
  "abilities": [
    "runaway",
    "flashfire",
    "h:flamebody"
  ],
  "baseStats": {
    "hp": 65,
    "attack": 100,
    "defence": 70,
    "special_attack": 80,
    "special_defence": 80,
    "speed": 105
  },
  "features": [
    "galarian"
  ],
  "catchRate": 60,
  "maleRatio": 0.5,
  "shoulderMountable": false,
  "forms": [
    {
      "name": "Galar",
      "primaryType": "psychic",
      "secondaryType": "fairy",
      "abilities": [
        "runaway",
        "pastelveil",
        "h:anticipation"
      ],
      "baseStats": {
        "hp": 65,
        "attack": 100,
        "defence": 70,
        "special_attack": 80,
        "special_defence": 80,
        "speed": 105
      },
      "behaviour": {
        "resting": {
          "canSleep": false,
          "willSleepOnBed": false,
          "depth": "normal",
          "light": "0-4"
        },
        "moving": {
          "walk": {
            "walkSpeed": 0.35
          }
        }
      },
      "catchRate": 60,
      "maleRatio": 0.5,
      "baseExperienceYield": 175,
      "baseFriendship": 50,
      "evYield": {
        "hp": 0,
        "attack": 0,
        "defence": 0,
        "special_attack": 0,
        "special_defence": 0,
        "speed": 2
      },
      "experienceGroup": "medium_fast",
      "eggCycles": 20,
      "eggGroups": [
        "field"
      ],
      "moves": [
        "1:confusion",
        "1:growl",
        "1:megahorn",
        "1:quickattack",
        "1:tackle",
        "1:tailwhip",
        "15:fairywind",
        "20:agility",
        "25:psybeam",
        "30:stomp",
        "35:healpulse",
        "43:takedown",
        "49:dazzlinggleam",
        "56:psychic",
        "63:healingwish",
        "100:agility",
        "100:allyswitch",
        "100:attract",
        "100:batonpass",
        "100:bodyslam",
        "100:bounce",
        "100:calmmind",
        "100:charm",
        "100:dazzlinggleam",
        "100:drillrun",
        "100:endure",
        "100:facade",
        "100:futuresight",
        "100:gigaimpact",
        "100:highhorsepower",
        "100:hyperbeam",
        "100:imprison",
        "100:irontail",
        "100:lowkick",
        "100:magicroom",
        "100:megahorn",
        "100:mistyterrain",
        "100:mysticalfire",
        "100:payday",
        "100:playrough",
        "100:protect",
        "100:psychic",
        "100:psychicterrain",
        "100:psychocut",
        "100:rest",
        "100:round",
        "100:sleeptalk",
        "100:smartstrike",
        "100:snore",
        "100:storedpower",
        "100:substitute",
        "100:swift",
        "100:swordsdance",
        "100:throatchop",
        "100:trickroom",
        "100:wildcharge",
        "100:wonderroom",
        "100:zenheadbutt",
        "100:expandingforce"
      ],
      "labels": [
        "gen8",
        "galar_regional"
      ],
      "aspects": [
        "galarian"
      ],
      "height": 17,
      "weight": 800,
      "preEvolution": "ponyta galarian",
      "cannotDynamax": false,
      "battleOnly": false,
      "drops": {
        "amount": 3,
        "entries": [
          {
            "item": "minecraft:leather",
            "quantityRange": "0-2"
          },
          {
            "item": "cobblemon:razz_berry",
            "percentage": 5.0
          }
        ]
      }
    }
  ],
  "baseExperienceYield": 175,
  "experienceGroup": "medium_fast",
  "eggCycles": 20,
  "eggGroups": [
    "field"
  ],
  "behaviour": {
    "resting": {
      "canSleep": true,
      "willSleepOnBed": false,
      "depth": "normal",
      "light": "0-4"
    },
    "moving": {
      "walk": {
        "walkSpeed": 0.35
      }
    }
  },
  "drops": {
    "amount": 4,
    "entries": [
      {
        "item": "minecraft:leather",
        "quantityRange": "0-2"
      },
      {
        "item": "minecraft:blaze_powder",
        "percentage": 5.0
      },
      {
        "item": "cobblemon:shuca_berry",
        "percentage": 5.0
      }
    ]
  },
  "moves": [
    "1:ember",
    "1:furyattack",
    "1:growl",
    "1:megahorn",
    "1:poisonjab",
    "1:quickattack",
    "1:tackle",
    "1:tailwhip",
    "15:flamecharge",
    "20:agility",
    "25:flamewheel",
    "30:stomp",
    "35:firespin",
    "43:takedown",
    "45:bounce",
    "49:inferno",
    "56:fireblast",
    "63:flareblitz",
    "100:agility",
    "100:allyswitch",
    "100:attract",
    "100:batonpass",
    "100:bodyslam",
    "100:bounce",
    "100:captivate",
    "100:charm",
    "100:confide",
    "100:doubleteam",
    "100:drillrun",
    "100:echoedvoice",
    "100:endure",
    "100:facade",
    "100:fireblast",
    "100:firespin",
    "100:flamecharge",
    "100:flamethrower",
    "100:flareblitz",
    "100:frustration",
    "100:gigaimpact",
    "100:heatwave",
    "100:hiddenpower",
    "100:highhorsepower",
    "100:hyperbeam",
    "100:incinerate",
    "100:irontail",
    "100:lowkick",
    "100:megahorn",
    "100:mysticalfire",
    "100:naturalgift",
    "100:overheat",
    "100:payday",
    "100:playrough",
    "100:poisonjab",
    "100:protect",
    "100:rest",
    "100:return",
    "100:round",
    "100:secretpower",
    "100:sleeptalk",
    "100:smartstrike",
    "100:snore",
    "100:solarbeam",
    "100:solarblade",
    "100:strength",
    "100:substitute",
    "100:sunnyday",
    "100:swagger",
    "100:swift",
    "100:swordsdance",
    "100:throatchop",
    "100:toxic",
    "100:wildcharge",
    "100:willowisp",
    "100:agility",
    "100:allyswitch",
    "100:attract",
    "100:batonpass",
    "100:bide",
    "100:bodyslam",
    "100:bounce",
    "100:curse",
    "100:doubleedge",
    "100:doublekick",
    "100:doubleteam",
    "100:drillrun",
    "100:ember",
    "100:endure",
    "100:facade",
    "100:fireblast",
    "100:firespin",
    "100:flamethrower",
    "100:flareblitz",
    "100:frustration",
    "100:furyattack",
    "100:growl",
    "100:headbutt",
    "100:heatwave",
    "100:hiddenpower",
    "100:horndrill",
    "100:hyperbeam",
    "100:hypnosis",
    "100:irontail",
    "100:lowkick",
    "100:megahorn",
    "100:mimic",
    "100:poisonjab",
    "100:protect",
    "100:quickattack",
    "100:rage",
    "100:reflect",
    "100:rest",
    "100:return",
    "100:scorchingsands",
    "100:skullbash",
    "100:sleeptalk",
    "100:snore",
    "100:solarbeam",
    "100:stomp",
    "100:substitute",
    "100:sunnyday",
    "100:swagger",
    "100:swift",
    "100:tackle",
    "100:tailwhip",
    "100:takedown",
    "100:throatchop",
    "100:toxic",
    "100:willowisp"
  ],
  "labels": [
    "gen1",
    "kanto_regional"
  ],
  "pokedex": [
    "cobblemon.species.rapidash.desc"
  ],
  "preEvolution": "ponyta",
  "evolutions": [],
  "baseScale": 1.2,
  "hitbox": {
    "width": 0.9,
    "height": 2,
    "fixed": false
  },
  "baseFriendship": 50,
  "evYield": {
    "hp": 0,
    "attack": 0,
    "defence": 0,
    "special_attack": 0,
    "special_defence": 0,
    "speed": 2
  },
  "height": 17,
  "weight": 950,
  "aspects": [],
  "cannotDynamax": false
}
