{
  "implemented": true,
  "name": "Rattata",
  "nationalPokedexNumber": 19,
  "primaryType": "normal",
  "abilities": [
    "runaway",
    "guts",
    "h:hustle"
  ],
  "drops": {
    "amount": 2,
    "entries": [
      {
        "item": "minecraft:rotten_flesh",
        "quantityRange": "0-1"
      },
      {
        "item": "cobblemon:chilan_berry",
        "percentage": 2.5
      }
    ]
  },
  "baseStats": {
    "hp": 30,
    "attack": 56,
    "defence": 35,
    "special_attack": 25,
    "special_defence": 35,
    "speed": 72
  },
  "behaviour": {
    "moving": {
      "walk": {
        "walkSpeed": 0.41
      }
    },
    "resting": {
      "canSleep": true,
      "willSleepOnBed": true,
      "depth": "normal",
      "light": "0-4"
    }
  },
  "features": [
    "alolan"
  ],
  "catchRate": 255,
  "maleRatio": 0.5,
  "shoulderMountable": false,
  "forms": [
    {
      "name": "Alola",
      "primaryType": "dark",
      "secondaryType": "normal",
      "abilities": [
        "gluttony",
        "hustle",
        "h:thickfat"
      ],
      "drops": {
        "amount": 2,
        "entries": [
          {
            "item": "minecraft:rotten_flesh",
            "quantityRange": "0-1"
          },
          {
            "item": "cobblemon:pecha_berry",
            "percentage": 2.5
          }
        ]
      },
      "baseStats": {
        "hp": 30,
        "attack": 56,
        "defence": 35,
        "special_attack": 25,
        "special_defence": 35,
        "speed": 72
      },
      "catchRate": 255,
      "maleRatio": 0.5,
      "baseExperienceYield": 51,
      "baseFriendship": 70,
      "evYield": {
        "hp": 0,
        "attack": 0,
        "defence": 0,
        "special_attack": 0,
        "special_defence": 0,
        "speed": 1
      },
      "experienceGroup": "medium_fast",
      "eggCycles": 15,
      "eggGroups": [
        "field"
      ],
      "moves": [
        "1:tackle",
        "1:tailwhip",
        "4:quickattack",
        "7:focusenergy",
        "10:bite",
        "13:pursuit",
        "16:hyperfang",
        "19:assurance",
        "22:crunch",
        "25:suckerpunch",
        "28:superfang",
        "31:doubleedge",
        "34:endeavor",
        "100:counter",
        "100:finalgambit",
        "100:furyswipes",
        "100:mefirst",
        "100:revenge",
        "100:reversal",
        "100:snatch",
        "100:stockpile",
        "100:swallow",
        "100:switcheroo",
        "100:uproar",
        "100:attract",
        "100:blizzard",
        "100:confide",
        "100:darkpulse",
        "100:doubleteam",
        "100:embargo",
        "100:facade",
        "100:frustration",
        "100:grassknot",
        "100:hiddenpower",
        "100:icebeam",
        "100:protect",
        "100:quash",
        "100:raindance",
        "100:rest",
        "100:return",
        "100:round",
        "100:shadowball",
        "100:shadowclaw",
        "100:sleeptalk",
        "100:sludgebomb",
        "100:snarl",
        "100:substitute",
        "100:sunnyday",
        "100:swagger",
        "100:taunt",
        "100:thief",
        "100:torment",
        "100:toxic",
        "100:uturn",
        "100:bite",
        "100:blizzard",
        "100:covet",
        "100:crunch",
        "100:darkpulse",
        "100:dig",
        "100:doubleedge",
        "100:endeavor",
        "100:facade",
        "100:focusenergy",
        "100:headbutt",
        "100:hyperfang",
        "100:icebeam",
        "100:icywind",
        "100:irontail",
        "100:lastresort",
        "100:protect",
        "100:quickattack",
        "100:rest",
        "100:shadowball",
        "100:shockwave",
        "100:sludgebomb",
        "100:snatch",
        "100:snore",
        "100:substitute",
        "100:suckerpunch",
        "100:superfang",
        "100:tackle",
        "100:tailwhip",
        "100:taunt",
        "100:toxic",
        "100:uproar",
        "100:uturn",
        "100:zenheadbutt"
      ],
      "labels": [
        "gen7",
        "alola_regional"
      ],
      "aspects": [
        "alolan"
      ],
      "height": 3,
      "weight": 38,
      "evolutions": [
        {
          "id": "rattata_raticate",
          "variant": "level_up",
          "result": "raticate alolan",
          "consumeHeldItem": false,
          "learnableMoves": [],
          "requirements": [
            {
              "variant": "level",
              "minLevel": 20
            },
            {
              "variant": "time_range",
              "range": "night"
            }
          ]
        }
      ],
      "cannotDynamax": false,
      "battleOnly": false
    }
  ],
  "baseExperienceYield": 51,
  "experienceGroup": "medium_fast",
  "eggCycles": 15,
  "eggGroups": [
    "field"
  ],
  "moves": [
    "1:tackle",
    "1:tailwhip",
    "4:quickattack",
    "7:focusenergy",
    "10:bite",
    "13:pursuit",
    "16:hyperfang",
    "19:assurance",
    "22:crunch",
    "25:suckerpunch",
    "28:superfang",
    "31:doubleedge",
    "34:endeavor",
    "100:bite",
    "100:counter",
    "100:finalgambit",
    "100:flamewheel",
    "100:furyswipes",
    "100:lastresort",
    "100:mefirst",
    "100:revenge",
    "100:reversal",
    "100:screech",
    "100:swagger",
    "100:uproar",
    "100:attract",
    "100:blizzard",
    "100:captivate",
    "100:chargebeam",
    "100:confide",
    "100:cut",
    "100:dig",
    "100:doubleteam",
    "100:endure",
    "100:facade",
    "100:frustration",
    "100:grassknot",
    "100:hiddenpower",
    "100:icebeam",
    "100:irontail",
    "100:naturalgift",
    "100:pluck",
    "100:protect",
    "100:raindance",
    "100:rest",
    "100:retaliate",
    "100:return",
    "100:rocksmash",
    "100:round",
    "100:secretpower",
    "100:shadowball",
    "100:shockwave",
    "100:sleeptalk",
    "100:substitute",
    "100:sunnyday",
    "100:swagger",
    "100:taunt",
    "100:thief",
    "100:thunder",
    "100:thunderbolt",
    "100:thunderwave",
    "100:toxic",
    "100:uturn",
    "100:wildcharge",
    "100:workup",
    "100:attract",
    "100:bide",
    "100:bite",
    "100:blizzard",
    "100:bodyslam",
    "100:bubblebeam",
    "100:counter",
    "100:covet",
    "100:crunch",
    "100:curse",
    "100:defensecurl",
    "100:dig",
    "100:doubleedge",
    "100:doubleteam",
    "100:endeavor",
    "100:endure",
    "100:facade",
    "100:flamewheel",
    "100:focusenergy",
    "100:frustration",
    "100:furyswipes",
    "100:headbutt",
    "100:hiddenpower",
    "100:hyperfang",
    "100:icebeam",
    "100:icywind",
    "100:irontail",
    "100:lastresort",
    "100:mefirst",
    "100:mimic",
    "100:mudslap",
    "100:protect",
    "100:pursuit",
    "100:quickattack",
    "100:rage",
    "100:rest",
    "100:return",
    "100:reversal",
    "100:rocksmash",
    "100:screech",
    "100:shadowball",
    "100:shockwave",
    "100:skullbash",
    "100:sleeptalk",
    "100:snore",
    "100:substitute",
    "100:suckerpunch",
    "100:sunnyday",
    "100:superfang",
    "100:swagger",
    "100:swift",
    "100:tackle",
    "100:tailwhip",
    "100:takedown",
    "100:taunt",
    "100:thief",
    "100:thunder",
    "100:thunderbolt",
    "100:thunderwave",
    "100:toxic",
    "100:uproar",
    "100:uturn",
    "100:watergun",
    "100:zenheadbutt"
  ],
  "labels": [
    "gen1",
    "kanto_regional"
  ],
  "pokedex": [
    "cobblemon.species.rattata.desc"
  ],
  "evolutions": [
    {
      "id": "rattata_raticate",
      "variant": "level_up",
      "result": "raticate",
      "consumeHeldItem": false,
      "learnableMoves": [],
      "requirements": [
        {
          "variant": "level",
          "minLevel": 20
        }
      ]
    }
  ],
  "baseScale": 0.8,
  "hitbox": {
    "width": 0.6,
    "height": 0.5,
    "fixed": false
  },
  "baseFriendship": 70,
  "evYield": {
    "hp": 0,
    "attack": 0,
    "defence": 0,
    "special_attack": 0,
    "special_defence": 0,
    "speed": 1
  },
  "height": 3,
  "weight": 35,
  "aspects": [],
  "cannotDynamax": false
}
