{
  "implemented": true,
  "name": "Rhyhorn",
  "nationalPokedexNumber": 111,
  "primaryType": "ground",
  "secondaryType": "rock",
  "abilities": [
    "lightningrod",
    "rockhead",
    "h:reckless"
  ],
  "baseStats": {
    "hp": 80,
    "attack": 85,
    "defence": 95,
    "special_attack": 30,
    "special_defence": 30,
    "speed": 25
  },
  "catchRate": 120,
  "maleRatio": 0.5,
  "shoulderMountable": false,
  "baseExperienceYield": 69,
  "experienceGroup": "slow",
  "eggCycles": 20,
  "eggGroups": [
    "monster",
    "field"
  ],
  "drops": {
    "amount": 2,
    "entries": [
      {
        "item": "cobblemon:protector",
        "percentage": 2.5
      },
      {
        "item": "cobblemon:passho_berry",
        "percentage": 2.5
      }
    ]
  },
  "moves": [
    "1:tackle",
    "1:tailwhip",
    "5:furyattack",
    "5:smackdown",
    "10:bulldoze",
    "15:hornattack",
    "20:scaryface",
    "25:chipaway",
    "25:stomp",
    "30:rockblast",
    "35:drillrun",
    "40:takedown",
    "45:earthquake",
    "50:stoneedge",
    "55:megahorn",
    "60:horndrill",
    "100:counter",
    "100:crunch",
    "100:crushclaw",
    "100:curse",
    "100:dragonrush",
    "100:firefang",
    "100:guardsplit",
    "100:icefang",
    "100:irontail",
    "100:magnitude",
    "100:metalburst",
    "100:reversal",
    "100:rockclimb",
    "100:rockpolish",
    "100:rockslide",
    "100:rototiller",
    "100:skullbash",
    "100:swordsdance",
    "100:thunderfang",
    "100:attract",
    "100:blizzard",
    "100:bodypress",
    "100:bodyslam",
    "100:bulldoze",
    "100:captivate",
    "100:confide",
    "100:crunch",
    "100:curse",
    "100:dig",
    "100:doubleedge",
    "100:doubleteam",
    "100:dragonpulse",
    "100:drillrun",
    "100:earthpower",
    "100:earthquake",
    "100:endeavor",
    "100:endure",
    "100:facade",
    "100:fireblast",
    "100:firefang",
    "100:flamethrower",
    "100:frustration",
    "100:heavyslam",
    "100:hiddenpower",
    "100:highhorsepower",
    "100:icebeam",
    "100:icefang",
    "100:icywind",
    "100:incinerate",
    "100:irontail",
    "100:megahorn",
    "100:mudshot",
    "100:mudslap",
    "100:naturalgift",
    "100:payback",
    "100:poisonjab",
    "100:protect",
    "100:raindance",
    "100:rest",
    "100:return",
    "100:reversal",
    "100:roar",
    "100:rockblast",
    "100:rockclimb",
    "100:rockpolish",
    "100:rockslide",
    "100:rocksmash",
    "100:rocktomb",
    "100:round",
    "100:sandstorm",
    "100:scaryface",
    "100:scorchingsands",
    "100:secretpower",
    "100:shockwave",
    "100:sleeptalk",
    "100:smackdown",
    "100:smartstrike",
    "100:snore",
    "100:stealthrock",
    "100:stompingtantrum",
    "100:stoneedge",
    "100:strength",
    "100:substitute",
    "100:sunnyday",
    "100:supercellslam",
    "100:superpower",
    "100:swagger",
    "100:swordsdance",
    "100:takedown",
    "100:terablast",
    "100:thief",
    "100:thunder",
    "100:thunderbolt",
    "100:thunderfang",
    "100:toxic",
    "100:uproar",
    "100:ancientpower",
    "100:aquatail",
    "100:attract",
    "100:bide",
    "100:blizzard",
    "100:bodyslam",
    "100:counter",
    "100:crunch",
    "100:curse",
    "100:dig",
    "100:doubleedge",
    "100:doubleteam",
    "100:dragonpulse",
    "100:drillrun",
    "100:earthpower",
    "100:earthquake",
    "100:endeavor",
    "100:endure",
    "100:facade",
    "100:fireblast",
    "100:fissure",
    "100:flamethrower",
    "100:frustration",
    "100:furyattack",
    "100:headbutt",
    "100:hiddenpower",
    "100:hornattack",
    "100:horndrill",
    "100:icebeam",
    "100:icywind",
    "100:irontail",
    "100:leer",
    "100:magnitude",
    "100:megahorn",
    "100:mimic",
    "100:mudslap",
    "100:poisonjab",
    "100:protect",
    "100:pursuit",
    "100:rage",
    "100:rest",
    "100:return",
    "100:reversal",
    "100:roar",
    "100:rockslide",
    "100:rocksmash",
    "100:rockthrow",
    "100:rollout",
    "100:sandattack",
    "100:sandstorm",
    "100:scaryface",
    "100:scorchingsands",
    "100:shockwave",
    "100:skullbash",
    "100:sleeptalk",
    "100:snore",
    "100:spite",
    "100:stealthrock",
    "100:stomp",
    "100:stompingtantrum",
    "100:strength",
    "100:substitute",
    "100:sunnyday",
    "100:superpower",
    "100:swagger",
    "100:swordsdance",
    "100:tailwhip",
    "100:takedown",
    "100:thrash",
    "100:thunder",
    "100:thunderbolt",
    "100:toxic",
    "100:uproar",
    "100:zapcannon"
  ],
  "labels": [
    "gen1"
  ],
  "pokedex": [
    "cobblemon.species.rhyhorn.desc"
  ],
  "evolutions": [
    {
      "id": "rhyhorn_rhydon",
      "variant": "level_up",
      "result": "rhydon",
      "consumeHeldItem": false,
      "learnableMoves": [
        "hammerarm"
      ],
      "requirements": [
        {
          "variant": "level",
          "minLevel": 42
        }
      ]
    }
  ],
  "baseScale": 1.2,
  "hitbox": {
    "width": 1.2,
    "height": 0.8,
    "fixed": false
  },
  "baseFriendship": 50,
  "evYield": {
    "hp": 0,
    "attack": 0,
    "defence": 1,
    "special_attack": 0,
    "special_defence": 0,
    "speed": 0
  },
  "height": 10,
  "weight": 1150,
  "aspects": [],
  "cannotDynamax": false
}
