{
  "implemented": true,
  "name": "Sandslash",
  "nationalPokedexNumber": 28,
  "primaryType": "ground",
  "abilities": [
    "sandveil",
    "h:sandrush"
  ],
  "drops": {
    "amount": 2,
    "entries": [
      {
        "item": "cobblemon:quick_claw",
        "percentage": 5.0
      },
      {
        "item": "cobblemon:soft_sand",
        "percentage": 5.0
      }
    ]
  },
  "baseStats": {
    "hp": 75,
    "attack": 100,
    "defence": 110,
    "special_attack": 45,
    "special_defence": 55,
    "speed": 65
  },
  "features": [
    "alolan"
  ],
  "behaviour": {
    "resting": {
      "canSleep": true,
      "willSleepOnBed": false,
      "depth": "normal",
      "light": "0-4"
    }
  },
  "catchRate": 90,
  "maleRatio": 0.5,
  "shoulderMountable": false,
  "forms": [
    {
      "name": "Alola",
      "primaryType": "ice",
      "secondaryType": "steel",
      "abilities": [
        "snowcloak",
        "h:slushrush"
      ],
      "baseStats": {
        "hp": 75,
        "attack": 100,
        "defence": 120,
        "special_attack": 25,
        "special_defence": 65,
        "speed": 65
      },
      "catchRate": 90,
      "maleRatio": 0.5,
      "baseExperienceYield": 158,
      "baseFriendship": 50,
      "evYield": {
        "hp": 0,
        "attack": 0,
        "defence": 2,
        "special_attack": 0,
        "special_defence": 0,
        "speed": 0
      },
      "experienceGroup": "medium_fast",
      "eggCycles": 20,
      "eggGroups": [
        "field"
      ],
      "moves": [
        "1:blizzard",
        "1:defensecurl",
        "1:furycutter",
        "1:furyswipes",
        "1:gyroball",
        "1:hail",
        "1:iceball",
        "1:iciclecrash",
        "1:iciclespear",
        "1:irondefense",
        "1:ironhead",
        "1:metalburst",
        "1:metalclaw",
        "1:mist",
        "1:powdersnow",
        "1:rapidspin",
        "1:rollout",
        "1:scratch",
        "1:slash",
        "1:snowscape",
        "1:swift",
        "1:swordsdance",
        "100:aerialace",
        "100:agility",
        "100:amnesia",
        "100:attract",
        "100:auroraveil",
        "100:avalanche",
        "100:blizzard",
        "100:bodyslam",
        "100:brickbreak",
        "100:bulldoze",
        "100:confide",
        "100:curse",
        "100:dig",
        "100:doubleedge",
        "100:doubleteam",
        "100:drillrun",
        "100:earthquake",
        "100:endeavor",
        "100:endure",
        "100:facade",
        "100:falseswipe",
        "100:flashcannon",
        "100:fling",
        "100:focusblast",
        "100:focuspunch",
        "100:frostbreath",
        "100:frustration",
        "100:gigaimpact",
        "100:gyroball",
        "100:hail",
        "100:hiddenpower",
        "100:hyperbeam",
        "100:icebeam",
        "100:icepunch",
        "100:icespinner",
        "100:iciclespear",
        "100:icywind",
        "100:irondefense",
        "100:ironhead",
        "100:irontail",
        "100:knockoff",
        "100:leechlife",
        "100:lowkick",
        "100:metalclaw",
        "100:pinmissile",
        "100:poisonjab",
        "100:protect",
        "100:rest",
        "100:return",
        "100:rockslide",
        "100:rocktomb",
        "100:round",
        "100:safeguard",
        "100:shadowclaw",
        "100:sleeptalk",
        "100:snore",
        "100:snowscape",
        "100:spikes",
        "100:stealthrock",
        "100:steelbeam",
        "100:substitute",
        "100:sunnyday",
        "100:superfang",
        "100:swagger",
        "100:swift",
        "100:swordsdance",
        "100:takedown",
        "100:terablast",
        "100:thief",
        "100:throatchop",
        "100:tripleaxel",
        "100:toxic",
        "100:workup",
        "100:xscissor",
        "100:aquatail",
        "100:bide",
        "100:blizzard",
        "100:brickbreak",
        "100:counter",
        "100:covet",
        "100:defensecurl",
        "100:dig",
        "100:drillrun",
        "100:earthquake",
        "100:facade",
        "100:focuspunch",
        "100:headbutt",
        "100:hyperbeam",
        "100:icebeam",
        "100:icepunch",
        "100:iceshard",
        "100:icywind",
        "100:irondefense",
        "100:ironhead",
        "100:irontail",
        "100:knockoff",
        "100:poisonjab",
        "100:protect",
        "100:rest",
        "100:rockslide",
        "100:scratch",
        "100:seismictoss",
        "100:snore",
        "100:stealthrock",
        "100:steelbeam",
        "100:steelroller",
        "100:substitute",
        "100:superfang",
        "100:throatchop",
        "100:toxic",
        "100:tripleaxel",
        "100:xscissor"
      ],
      "labels": [
        "gen7",
        "alola_regional"
      ],
      "aspects": [
        "alolan"
      ],
      "height": 12,
      "weight": 550,
      "preEvolution": "sandshrew alolan",
      "cannotDynamax": false,
      "battleOnly": false,
      "drops": {
        "amount": 2,
        "entries": [
          {
            "item": "cobblemon:quick_claw",
            "percentage": 5.0
          },
          {
            "item": "cobblemon:chople_berry",
            "percentage": 5.0
          }
        ]
      }
    }
  ],
  "baseExperienceYield": 158,
  "experienceGroup": "medium_fast",
  "eggCycles": 20,
  "eggGroups": [
    "field"
  ],
  "moves": [
    "1:crushclaw",
    "1:defensecurl",
    "1:poisonsting",
    "1:sandattack",
    "1:scratch",
    "9:rollout",
    "12:furycutter",
    "14:magnitude",
    "15:rapidspin",
    "18:bulldoze",
    "21:swift",
    "26:furyswipes",
    "31:sandtomb",
    "36:slash",
    "41:dig",
    "46:gyroball",
    "51:swordsdance",
    "56:sandstorm",
    "61:earthquake",
    "100:aerialace",
    "100:agility",
    "100:amnesia",
    "100:attract",
    "100:bodyslam",
    "100:brickbreak",
    "100:bulldoze",
    "100:captivate",
    "100:confide",
    "100:curse",
    "100:cut",
    "100:dig",
    "100:doubleedge",
    "100:doubleteam",
    "100:drillrun",
    "100:earthpower",
    "100:earthquake",
    "100:endeavor",
    "100:endure",
    "100:facade",
    "100:falseswipe",
    "100:fling",
    "100:focusblast",
    "100:focuspunch",
    "100:frustration",
    "100:gigaimpact",
    "100:gunkshot",
    "100:gyroball",
    "100:hiddenpower",
    "100:highhorsepower",
    "100:honeclaws",
    "100:hyperbeam",
    "100:irontail",
    "100:knockoff",
    "100:leechlife",
    "100:lowkick",
    "100:metalclaw",
    "100:mudshot",
    "100:mudslap",
    "100:naturalgift",
    "100:pinmissile",
    "100:poisonjab",
    "100:protect",
    "100:rest",
    "100:return",
    "100:rockclimb",
    "100:rockslide",
    "100:rocksmash",
    "100:rocktomb",
    "100:round",
    "100:safeguard",
    "100:sandstorm",
    "100:sandtomb",
    "100:scorchingsands",
    "100:secretpower",
    "100:shadowclaw",
    "100:sleeptalk",
    "100:smackdown",
    "100:snore",
    "100:spikes",
    "100:stealthrock",
    "100:stompingtantrum",
    "100:stoneedge",
    "100:strength",
    "100:substitute",
    "100:sunnyday",
    "100:superfang",
    "100:swagger",
    "100:swift",
    "100:swordsdance",
    "100:takedown",
    "100:terablast",
    "100:thief",
    "100:throatchop",
    "100:toxic",
    "100:workup",
    "100:xscissor",
    "100:attract",
    "100:bide",
    "100:bodyslam",
    "100:brickbreak",
    "100:counter",
    "100:covet",
    "100:curse",
    "100:cut",
    "100:defensecurl",
    "100:detect",
    "100:dig",
    "100:doubleedge",
    "100:doubleteam",
    "100:drillrun",
    "100:dynamicpunch",
    "100:earthpower",
    "100:earthquake",
    "100:endure",
    "100:facade",
    "100:fissure",
    "100:focuspunch",
    "100:frustration",
    "100:furycutter",
    "100:furyswipes",
    "100:headbutt",
    "100:hiddenpower",
    "100:hyperbeam",
    "100:irontail",
    "100:knockoff",
    "100:mimic",
    "100:mudslap",
    "100:poisonjab",
    "100:poisonsting",
    "100:protect",
    "100:rage",
    "100:rest",
    "100:return",
    "100:rockslide",
    "100:rocksmash",
    "100:rollout",
    "100:sandattack",
    "100:sandstorm",
    "100:scorchingsands",
    "100:scratch",
    "100:seismictoss",
    "100:skullbash",
    "100:slash",
    "100:sleeptalk",
    "100:snore",
    "100:stealthrock",
    "100:steelroller",
    "100:stompingtantrum",
    "100:strength",
    "100:submission",
    "100:substitute",
    "100:sunnyday",
    "100:superfang",
    "100:swagger",
    "100:swift",
    "100:swordsdance",
    "100:takedown",
    "100:thief",
    "100:toxic",
    "100:xscissor"
  ],
  "labels": [
    "gen1",
    "kanto_regional"
  ],
  "pokedex": [
    "cobblemon.species.sandslash.desc"
  ],
  "preEvolution": "sandshrew",
  "evolutions": [],
  "baseScale": 0.7,
  "hitbox": {
    "width": 1,
    "height": 1.3,
    "fixed": false
  },
  "baseFriendship": 50,
  "evYield": {
    "hp": 0,
    "attack": 0,
    "defence": 2,
    "special_attack": 0,
    "special_defence": 0,
    "speed": 0
  },
  "height": 10,
  "weight": 295,
  "aspects": [],
  "cannotDynamax": false
}
