{
  "implemented": true,
  "name": "Spearow",
  "nationalPokedexNumber": 21,
  "primaryType": "normal",
  "secondaryType": "flying",
  "abilities": [
    "keeneye",
    "h:sniper"
  ],
  "baseStats": {
    "hp": 40,
    "attack": 60,
    "defence": 30,
    "special_attack": 31,
    "special_defence": 31,
    "speed": 70
  },
  "catchRate": 255,
  "maleRatio": 0.5,
  "shoulderMountable": false,
  "baseExperienceYield": 52,
  "experienceGroup": "medium_fast",
  "eggCycles": 15,
  "eggGroups": [
    "flying"
  ],
  "behaviour": {
    "moving": {
      "fly": {
        "canFly": true
      }
    },
    "resting": {
      "canSleep": false,
      "willSleepOnBed": false,
      "depth": "normal",
      "light": "0-4"
    }
  },
  "drops": {
    "amount": 4,
    "entries": [
      {
        "item": "minecraft:feather",
        "quantityRange": "0-1"
      },
      {
        "item": "minecraft:chicken"
      },
      {
        "item": "cobblemon:sharp_beak",
        "percentage": 2.5
      },
      {
        "item": "cobblemon:charti_berry",
        "percentage": 2.5
      }
    ]
  },
  "moves": [
    "1:growl",
    "1:peck",
    "4:leer",
    "8:pursuit",
    "11:furyattack",
    "15:aerialace",
    "18:mirrormove",
    "22:assurance",
    "25:agility",
    "29:focusenergy",
    "32:roost",
    "36:drillpeck",
    "100:astonish",
    "100:falseswipe",
    "100:featherdance",
    "100:feintattack",
    "100:quickattack",
    "100:razorwind",
    "100:scaryface",
    "100:skyattack",
    "100:steelwing",
    "100:triattack",
    "100:uproar",
    "100:whirlwind",
    "100:aerialace",
    "100:attract",
    "100:captivate",
    "100:confide",
    "100:defog",
    "100:doubleteam",
    "100:echoedvoice",
    "100:endure",
    "100:facade",
    "100:falseswipe",
    "100:fly",
    "100:frustration",
    "100:hiddenpower",
    "100:naturalgift",
    "100:pluck",
    "100:protect",
    "100:raindance",
    "100:rest",
    "100:return",
    "100:roost",
    "100:round",
    "100:secretpower",
    "100:sleeptalk",
    "100:steelwing",
    "100:substitute",
    "100:sunnyday",
    "100:swagger",
    "100:thief",
    "100:toxic",
    "100:uturn",
    "100:workup",
    "100:aerialace",
    "100:agility",
    "100:aircutter",
    "100:attract",
    "100:batonpass",
    "100:bide",
    "100:curse",
    "100:defog",
    "100:detect",
    "100:doubleedge",
    "100:doubleteam",
    "100:drillpeck",
    "100:drillrun",
    "100:endure",
    "100:facade",
    "100:falseswipe",
    "100:feintattack",
    "100:fly",
    "100:focusenergy",
    "100:frustration",
    "100:furyattack",
    "100:growl",
    "100:headbutt",
    "100:heatwave",
    "100:hiddenpower",
    "100:leer",
    "100:mimic",
    "100:mirrormove",
    "100:mudslap",
    "100:ominouswind",
    "100:peck",
    "100:protect",
    "100:pursuit",
    "100:quickattack",
    "100:rage",
    "100:razorwind",
    "100:rest",
    "100:return",
    "100:roost",
    "100:scaryface",
    "100:skyattack",
    "100:sleeptalk",
    "100:snore",
    "100:steelwing",
    "100:substitute",
    "100:sunnyday",
    "100:swagger",
    "100:swift",
    "100:tailwind",
    "100:takedown",
    "100:thief",
    "100:toxic",
    "100:triattack",
    "100:twister",
    "100:uproar",
    "100:uturn",
    "100:whirlwind"
  ],
  "labels": [
    "gen1"
  ],
  "pokedex": [
    "cobblemon.species.spearow.desc"
  ],
  "evolutions": [
    {
      "id": "spearow_fearow",
      "variant": "level_up",
      "result": "fearow",
      "consumeHeldItem": false,
      "learnableMoves": [],
      "requirements": [
        {
          "variant": "level",
          "minLevel": 20
        }
      ]
    }
  ],
  "baseScale": 0.8,
  "hitbox": {
    "width": 0.6,
    "height": 0.8,
    "fixed": false
  },
  "baseFriendship": 70,
  "evYield": {
    "hp": 0,
    "attack": 0,
    "defence": 0,
    "special_attack": 0,
    "special_defence": 0,
    "speed": 1
  },
  "height": 3,
  "weight": 20,
  "aspects": [],
  "cannotDynamax": false
}
