{
  "implemented": true,
  "name": "Squirtle",
  "nationalPokedexNumber": 7,
  "primaryType": "water",
  "abilities": [
    "torrent",
    "h:raindish"
  ],
  "baseStats": {
    "hp": 44,
    "attack": 48,
    "defence": 65,
    "special_attack": 50,
    "special_defence": 64,
    "speed": 43
  },
  "catchRate": 45,
  "maleRatio": 0.875,
  "shoulderMountable": true,
  "baseExperienceYield": 63,
  "experienceGroup": "medium_slow",
  "eggCycles": 20,
  "eggGroups": [
    "monster",
    "water_1"
  ],
  "behaviour": {
    "resting": {
      "canSleep": true,
      "willSleepOnBed": true,
      "depth": "normal",
      "light": "0-4"
    },
    "moving": {
      "walk": {
        "walkSpeed": 0.29
      },
      "swim": {
        "canSwimInWater": true,
        "canBreatheUnderwater": true
      }
    }
  },
  "drops": {
    "amount": 2,
    "entries": [
      {
        "item": "minecraft:scute",
        "quantityRange": "0-1"
      },
      {
        "item": "cobblemon:mystic_water",
        "percentage": 5.0
      }
    ]
  },
  "moves": [
    "1:tackle",
    "1:tailwhip",
    "3:watergun",
    "6:withdraw",
    "9:rapidspin",
    "12:bite",
    "13:bubble",
    "15:waterpulse",
    "18:protect",
    "21:raindance",
    "24:aquatail",
    "27:shellsmash",
    "30:irondefense",
    "33:hydropump",
    "36:skullbash",
    "36:wavecrash",
    "100:aquajet",
    "100:aquaring",
    "100:aurasphere",
    "100:brine",
    "100:dragonpulse",
    "100:fakeout",
    "100:flail",
    "100:foresight",
    "100:haze",
    "100:lifedew",
    "100:mirrorcoat",
    "100:mist",
    "100:muddywater",
    "100:mudsport",
    "100:refresh",
    "100:waterspout",
    "100:yawn",
    "100:attract",
    "100:aurasphere",
    "100:blizzard",
    "100:bodyslam",
    "100:brickbreak",
    "100:brine",
    "100:captivate",
    "100:chillingwater",
    "100:confide",
    "100:dig",
    "100:dive",
    "100:doubleedge",
    "100:doubleteam",
    "100:dragonpulse",
    "100:endure",
    "100:facade",
    "100:falseswipe",
    "100:fling",
    "100:flipturn",
    "100:focuspunch",
    "100:frustration",
    "100:gyroball",
    "100:hail",
    "100:haze",
    "100:helpinghand",
    "100:hiddenpower",
    "100:hydropump",
    "100:icebeam",
    "100:icepunch",
    "100:icespinner",
    "100:icywind",
    "100:irondefense",
    "100:irontail",
    "100:liquidation",
    "100:megakick",
    "100:megapunch",
    "100:muddywater",
    "100:mudshot",
    "100:naturalgift",
    "100:poweruppunch",
    "100:protect",
    "100:raindance",
    "100:rest",
    "100:return",
    "100:rocksmash",
    "100:rocktomb",
    "100:round",
    "100:scald",
    "100:secretpower",
    "100:sleeptalk",
    "100:snore",
    "100:strength",
    "100:substitute",
    "100:surf",
    "100:swagger",
    "100:takedown",
    "100:terablast",
    "100:toxic",
    "100:waterfall",
    "100:waterpledge",
    "100:waterpulse",
    "100:weatherball",
    "100:whirlpool",
    "100:workup",
    "100:zenheadbutt",
    "100:aquatail",
    "100:attract",
    "100:bide",
    "100:bite",
    "100:blizzard",
    "100:block",
    "100:bodyslam",
    "100:brickbreak",
    "100:bubble",
    "100:bubblebeam",
    "100:celebrate",
    "100:confusion",
    "100:counter",
    "100:curse",
    "100:defensecurl",
    "100:dig",
    "100:dive",
    "100:doubleedge",
    "100:doubleteam",
    "100:dragonpulse",
    "100:dynamicpunch",
    "100:endure",
    "100:facade",
    "100:falseswipe",
    "100:flail",
    "100:flipturn",
    "100:focuspunch",
    "100:followme",
    "100:foresight",
    "100:frustration",
    "100:haze",
    "100:headbutt",
    "100:hiddenpower",
    "100:hydrocannon",
    "100:hydropump",
    "100:icebeam",
    "100:icepunch",
    "100:icywind",
    "100:irondefense",
    "100:irontail",
    "100:megakick",
    "100:megapunch",
    "100:mimic",
    "100:mirrorcoat",
    "100:mist",
    "100:mudslap",
    "100:outrage",
    "100:protect",
    "100:rage",
    "100:raindance",
    "100:rapidspin",
    "100:reflect",
    "100:rest",
    "100:return",
    "100:rockslide",
    "100:rocksmash",
    "100:rollout",
    "100:scald",
    "100:seismictoss",
    "100:skullbash",
    "100:sleeptalk",
    "100:snore",
    "100:strength",
    "100:submission",
    "100:substitute",
    "100:surf",
    "100:swagger",
    "100:tackle",
    "100:tailwhip",
    "100:takedown",
    "100:toxic",
    "100:waterfall",
    "100:watergun",
    "100:waterpledge",
    "100:waterpulse",
    "100:whirlpool",
    "100:withdraw",
    "100:zenheadbutt"
  ],
  "labels": [
    "gen1"
  ],
  "pokedex": [
    "cobblemon.species.squirtle.desc"
  ],
  "evolutions": [
    {
      "id": "squirtle_wartortle",
      "variant": "level_up",
      "result": "wartortle",
      "consumeHeldItem": false,
      "learnableMoves": [],
      "requirements": [
        {
          "variant": "level",
          "minLevel": 16
        }
      ]
    }
  ],
  "baseScale": 0.7,
  "hitbox": {
    "width": 0.6,
    "height": 1.2,
    "fixed": false
  },
  "baseFriendship": 50,
  "evYield": {
    "hp": 0,
    "attack": 0,
    "defence": 1,
    "special_attack": 0,
    "special_defence": 0,
    "speed": 0
  },
  "height": 5,
  "weight": 90,
  "aspects": [],
  "cannotDynamax": false
}
