{
  "implemented": true,
  "name": "Starmie",
  "nationalPokedexNumber": 121,
  "primaryType": "water",
  "secondaryType": "psychic",
  "abilities": [
    "illuminate",
    "naturalcure",
    "h:analytic"
  ],
  "baseStats": {
    "hp": 60,
    "attack": 75,
    "defence": 85,
    "special_attack": 100,
    "special_defence": 85,
    "speed": 115
  },
  "catchRate": 60,
  "maleRatio": -1,
  "shoulderMountable": false,
  "baseExperienceYield": 182,
  "experienceGroup": "slow",
  "eggCycles": 20,
  "eggGroups": [
    "water_3"
  ],
  "behaviour": {
    "moving": {
      "swim": {
        "swimSpeed": 0.3,
        "canSwimInWater": true,
        "canBreatheUnderwater": true
      }
    },
    "resting": {
      "canSleep": true,
      "willSleepOnBed": false,
      "depth": "normal",
      "light": "0-4"
    }
  },
  "moves": [
    "1:brine",
    "1:confuseray",
    "1:cosmicpower",
    "1:harden",
    "1:hydropump",
    "1:lightscreen",
    "1:minimize",
    "1:powergem",
    "1:psybeam",
    "1:psychic",
    "1:rapidspin",
    "1:recover",
    "1:spotlight",
    "1:surf",
    "1:swift",
    "1:tackle",
    "1:watergun",
    "100:agility",
    "100:allyswitch",
    "100:avalanche",
    "100:blizzard",
    "100:brine",
    "100:confide",
    "100:cosmicpower",
    "100:dazzlinggleam",
    "100:dive",
    "100:doubleteam",
    "100:dreameater",
    "100:endure",
    "100:facade",
    "100:flash",
    "100:flashcannon",
    "100:frustration",
    "100:gigaimpact",
    "100:grassknot",
    "100:gyroball",
    "100:hail",
    "100:hiddenpower",
    "100:hydropump",
    "100:hyperbeam",
    "100:icebeam",
    "100:icywind",
    "100:lightscreen",
    "100:naturalgift",
    "100:powergem",
    "100:protect",
    "100:psychic",
    "100:psychocut",
    "100:psychup",
    "100:psyshock",
    "100:raindance",
    "100:recycle",
    "100:reflect",
    "100:rest",
    "100:return",
    "100:round",
    "100:scald",
    "100:secretpower",
    "100:skillswap",
    "100:sleeptalk",
    "100:snore",
    "100:substitute",
    "100:surf",
    "100:swagger",
    "100:swift",
    "100:telekinesis",
    "100:thunder",
    "100:thunderbolt",
    "100:thunderwave",
    "100:toxic",
    "100:triattack",
    "100:trick",
    "100:trickroom",
    "100:waterfall",
    "100:waterpulse",
    "100:whirlpool",
    "100:wonderroom",
    "100:allyswitch",
    "100:attract",
    "100:bide",
    "100:blizzard",
    "100:bubblebeam",
    "100:confuseray",
    "100:curse",
    "100:dazzlinggleam",
    "100:dive",
    "100:doubleedge",
    "100:doubleteam",
    "100:dreameater",
    "100:endure",
    "100:expandingforce",
    "100:facade",
    "100:flash",
    "100:flashcannon",
    "100:flipturn",
    "100:frustration",
    "100:gravity",
    "100:harden",
    "100:headbutt",
    "100:hiddenpower",
    "100:hyperbeam",
    "100:icebeam",
    "100:icywind",
    "100:lightscreen",
    "100:magiccoat",
    "100:meteorbeam",
    "100:mimic",
    "100:nightmare",
    "100:painsplit",
    "100:protect",
    "100:psychic",
    "100:psychup",
    "100:psywave",
    "100:rage",
    "100:raindance",
    "100:rapidspin",
    "100:recover",
    "100:recycle",
    "100:reflect",
    "100:refresh",
    "100:rest",
    "100:return",
    "100:rollout",
    "100:scald",
    "100:signalbeam",
    "100:skillswap",
    "100:skullbash",
    "100:sleeptalk",
    "100:snore",
    "100:substitute",
    "100:surf",
    "100:swagger",
    "100:swift",
    "100:tackle",
    "100:takedown",
    "100:telekinesis",
    "100:teleport",
    "100:thunder",
    "100:thunderbolt",
    "100:thunderwave",
    "100:toxic",
    "100:triattack",
    "100:trick",
    "100:twister",
    "100:waterfall",
    "100:watergun",
    "100:waterpulse",
    "100:whirlpool",
    "100:wonderroom",
    "100:zapcannon"
  ],
  "labels": [
    "gen1"
  ],
  "pokedex": [
    "cobblemon.species.starmie.desc"
  ],
  "preEvolution": "staryu",
  "evolutions": [],
  "baseScale": 1.1,
  "hitbox": {
    "width": 0.8,
    "height": 1.1,
    "fixed": false
  },
  "baseFriendship": 50,
  "evYield": {
    "hp": 0,
    "attack": 0,
    "defence": 0,
    "special_attack": 0,
    "special_defence": 0,
    "speed": 2
  },
  "height": 11,
  "weight": 800,
  "aspects": [],
  "cannotDynamax": false
}
