{
  "implemented": true,
  "name": "Tangela",
  "nationalPokedexNumber": 114,
  "primaryType": "grass",
  "abilities": [
    "chlorophyll",
    "leafguard",
    "h:regenerator"
  ],
  "baseStats": {
    "hp": 65,
    "attack": 55,
    "defence": 115,
    "special_attack": 100,
    "special_defence": 40,
    "speed": 60
  },
  "catchRate": 45,
  "maleRatio": 0.5,
  "shoulderMountable": false,
  "baseExperienceYield": 87,
  "experienceGroup": "medium_fast",
  "eggCycles": 20,
  "eggGroups": [
    "grass"
  ],
  "drops": {
    "amount": 2,
    "entries": [
      {
        "item": "minecraft:vines",
        "quantityRange": "0-1"
      },
      {
        "item": "cobblemon:big_root",
        "percentage": 2.5
      }
    ]
  },
  "moves": [
    "1:absorb",
    "1:bind",
    "1:constrict",
    "4:stunspore",
    "8:growth",
    "12:megadrain",
    "16:vinewhip",
    "20:poisonpowder",
    "24:ancientpower",
    "28:knockoff",
    "32:gigadrain",
    "33:naturalgift",
    "36:sleeppowder",
    "40:slam",
    "44:tickle",
    "46:wringout",
    "48:powerwhip",
    "52:ingrain",
    "56:grassyterrain",
    "100:amnesia",
    "100:confusion",
    "100:endeavor",
    "100:flail",
    "100:gigadrain",
    "100:leafstorm",
    "100:leechseed",
    "100:megadrain",
    "100:naturalgift",
    "100:naturepower",
    "100:powerswap",
    "100:ragepowder",
    "100:reflect",
    "100:wakeupslap",
    "100:amnesia",
    "100:attract",
    "100:bodyslam",
    "100:bulletseed",
    "100:captivate",
    "100:confide",
    "100:cut",
    "100:doubleteam",
    "100:endure",
    "100:energyball",
    "100:facade",
    "100:flash",
    "100:frustration",
    "100:gigadrain",
    "100:gigaimpact",
    "100:grassknot",
    "100:grassyterrain",
    "100:hiddenpower",
    "100:hyperbeam",
    "100:infestation",
    "100:leafstorm",
    "100:naturalgift",
    "100:naturepower",
    "100:powerswap",
    "100:powerwhip",
    "100:protect",
    "100:psychup",
    "100:reflect",
    "100:rest",
    "100:return",
    "100:rocksmash",
    "100:round",
    "100:secretpower",
    "100:seedbomb",
    "100:shockwave",
    "100:sleeptalk",
    "100:sludgebomb",
    "100:snore",
    "100:solarbeam",
    "100:substitute",
    "100:sunnyday",
    "100:swagger",
    "100:swordsdance",
    "100:thief",
    "100:toxic",
    "100:absorb",
    "100:amnesia",
    "100:ancientpower",
    "100:attract",
    "100:bide",
    "100:bind",
    "100:bodyslam",
    "100:confusion",
    "100:constrict",
    "100:curse",
    "100:cut",
    "100:doubleedge",
    "100:doubleteam",
    "100:endeavor",
    "100:endure",
    "100:facade",
    "100:flail",
    "100:flash",
    "100:frustration",
    "100:gigadrain",
    "100:grassyglide",
    "100:growth",
    "100:headbutt",
    "100:hiddenpower",
    "100:hyperbeam",
    "100:ingrain",
    "100:knockoff",
    "100:leechseed",
    "100:megadrain",
    "100:mimic",
    "100:morningsun",
    "100:painsplit",
    "100:poisonpowder",
    "100:powerwhip",
    "100:protect",
    "100:psychup",
    "100:rage",
    "100:reflect",
    "100:rest",
    "100:return",
    "100:seedbomb",
    "100:shockwave",
    "100:skullbash",
    "100:slam",
    "100:sleeppowder",
    "100:sleeptalk",
    "100:sludgebomb",
    "100:snore",
    "100:solarbeam",
    "100:stunspore",
    "100:substitute",
    "100:sunnyday",
    "100:swagger",
    "100:sweetscent",
    "100:swordsdance",
    "100:synthesis",
    "100:takedown",
    "100:thief",
    "100:toxic",
    "100:vinewhip",
    "100:worryseed"
  ],
  "labels": [
    "gen1"
  ],
  "pokedex": [
    "cobblemon.species.tangela.desc"
  ],
  "evolutions": [
    {
      "id": "tangela_tangrowth",
      "variant": "level_up",
      "result": "tangrowth",
      "consumeHeldItem": false,
      "learnableMoves": [],
      "requirements": [
        {
          "variant": "has_move",
          "move": "ancientpower"
        }
      ]
    }
  ],
  "baseScale": 1.5,
  "hitbox": {
    "width": 0.8,
    "height": 0.6,
    "fixed": false
  },
  "baseFriendship": 50,
  "evYield": {
    "hp": 0,
    "attack": 0,
    "defence": 1,
    "special_attack": 0,
    "special_defence": 0,
    "speed": 0
  },
  "height": 10,
  "weight": 350,
  "aspects": [],
  "cannotDynamax": false
}
