{
  "implemented": true,
  "name": "Tauros",
  "nationalPokedexNumber": 128,
  "primaryType": "normal",
  "abilities": [
    "intimidate",
    "angerpoint",
    "h:sheerforce"
  ],
  "baseStats": {
    "hp": 75,
    "attack": 100,
    "defence": 95,
    "special_attack": 40,
    "special_defence": 70,
    "speed": 110
  },
  "features": [
    "paldean-breed"
  ],
  "catchRate": 45,
  "maleRatio": 1,
  "shoulderMountable": false,
  "forms": [
    {
      "name": "Paldea-Combat",
      "primaryType": "fighting",
      "abilities": [
        "intimidate",
        "angerpoint",
        "h:cudchew"
      ],
      "baseStats": {
        "hp": 75,
        "attack": 110,
        "defence": 105,
        "special_attack": 30,
        "special_defence": 70,
        "speed": 100
      },
      "catchRate": 45,
      "maleRatio": 1,
      "baseExperienceYield": 172,
      "baseFriendship": 50,
      "evYield": {
        "hp": 0,
        "attack": 2,
        "defence": 0,
        "special_attack": 0,
        "special_defence": 0,
        "speed": 0
      },
      "experienceGroup": "slow",
      "eggCycles": 20,
      "eggGroups": [
        "field"
      ],
      "moves": [
        "1:tackle",
        "1:tailwhip",
        "5:workup",
        "10:doublekick",
        "15:assurance",
        "20:headbutt",
        "25:scaryface",
        "30:zenheadbutt",
        "35:ragingbull",
        "40:rest",
        "45:swagger",
        "50:thrash",
        "55:doubleedge",
        "60:closecombat",
        "100:curse",
        "100:endeavor",
        "100:bodypress",
        "100:bodyslam",
        "100:bulkup",
        "100:bulldoze",
        "100:closecombat",
        "100:curse",
        "100:dig",
        "100:doubleedge",
        "100:drillrun",
        "100:earthquake",
        "100:endeavor",
        "100:endure",
        "100:facade",
        "100:gigaimpact",
        "100:highhorsepower",
        "100:hyperbeam",
        "100:ironhead",
        "100:lashout",
        "100:outrage",
        "100:protect",
        "100:raindance",
        "100:rest",
        "100:reversal",
        "100:rockslide",
        "100:rocktomb",
        "100:sandstorm",
        "100:scaryface",
        "100:sleeptalk",
        "100:smartstrike",
        "100:stompingtantrum",
        "100:stoneedge",
        "100:substitute",
        "100:sunnyday",
        "100:surf",
        "100:takedown",
        "100:terablast",
        "100:thief",
        "100:throatchop",
        "100:trailblaze",
        "100:wildcharge",
        "100:zenheadbutt"
      ],
      "labels": [
        "gen9",
        "paldea_regional"
      ],
      "aspects": [
        "paldean-breed-combat"
      ],
      "height": 14,
      "weight": 884,
      "cannotDynamax": false,
      "battleOnly": false
    },
    {
      "name": "Paldea-Blaze",
      "primaryType": "fighting",
      "secondaryType": "fire",
      "abilities": [
        "intimidate",
        "angerpoint",
        "h:cudchew"
      ],
      "baseStats": {
        "hp": 75,
        "attack": 110,
        "defence": 105,
        "special_attack": 30,
        "special_defence": 70,
        "speed": 100
      },
      "catchRate": 45,
      "maleRatio": 1,
      "baseExperienceYield": 172,
      "baseFriendship": 50,
      "evYield": {
        "hp": 0,
        "attack": 2,
        "defence": 0,
        "special_attack": 0,
        "special_defence": 0,
        "speed": 0
      },
      "experienceGroup": "slow",
      "eggCycles": 20,
      "eggGroups": [
        "field"
      ],
      "moves": [
        "1:tackle",
        "1:tailwhip",
        "5:workup",
        "10:doublekick",
        "15:flamecharge",
        "20:headbutt",
        "25:scaryface",
        "30:zenheadbutt",
        "35:ragingbull",
        "40:rest",
        "45:swagger",
        "50:thrash",
        "55:flareblitz",
        "60:closecombat",
        "100:curse",
        "100:endeavor",
        "100:bodypress",
        "100:bodyslam",
        "100:bulkup",
        "100:bulldoze",
        "100:closecombat",
        "100:curse",
        "100:dig",
        "100:doubleedge",
        "100:drillrun",
        "100:earthquake",
        "100:endeavor",
        "100:endure",
        "100:facade",
        "100:fireblast",
        "100:firespin",
        "100:flamecharge",
        "100:flamethrower",
        "100:flareblitz",
        "100:gigaimpact",
        "100:highhorsepower",
        "100:hyperbeam",
        "100:ironhead",
        "100:lashout",
        "100:outrage",
        "100:overheat",
        "100:protect",
        "100:raindance",
        "100:rest",
        "100:reversal",
        "100:rockslide",
        "100:rocktomb",
        "100:sandstorm",
        "100:scaryface",
        "100:sleeptalk",
        "100:smartstrike",
        "100:stompingtantrum",
        "100:stoneedge",
        "100:substitute",
        "100:sunnyday",
        "100:takedown",
        "100:temperflare",
        "100:terablast",
        "100:thief",
        "100:trailblaze",
        "100:wildcharge",
        "100:willowisp",
        "100:zenheadbutt"
      ],
      "labels": [
        "gen9",
        "paldea_regional"
      ],
      "aspects": [
        "paldean-breed-blaze"
      ],
      "height": 14,
      "weight": 884,
      "cannotDynamax": false,
      "battleOnly": false
    },
    {
      "name": "Paldea-Aqua",
      "primaryType": "fighting",
      "secondaryType": "water",
      "abilities": [
        "intimidate",
        "angerpoint",
        "h:cudchew"
      ],
      "baseStats": {
        "hp": 75,
        "attack": 110,
        "defence": 105,
        "special_attack": 30,
        "special_defence": 70,
        "speed": 100
      },
      "catchRate": 45,
      "maleRatio": 1,
      "baseExperienceYield": 172,
      "baseFriendship": 50,
      "evYield": {
        "hp": 0,
        "attack": 2,
        "defence": 0,
        "special_attack": 0,
        "special_defence": 0,
        "speed": 0
      },
      "experienceGroup": "slow",
      "eggCycles": 20,
      "eggGroups": [
        "field"
      ],
      "moves": [
        "1:tackle",
        "1:tailwhip",
        "5:workup",
        "10:doublekick",
        "15:aquajet",
        "20:headbutt",
        "25:scaryface",
        "30:zenheadbutt",
        "35:ragingbull",
        "40:rest",
        "45:swagger",
        "50:thrash",
        "55:wavecrash",
        "60:closecombat",
        "100:curse",
        "100:endeavor",
        "100:bodypress",
        "100:bodyslam",
        "100:bulkup",
        "100:bulldoze",
        "100:chillingwater",
        "100:closecombat",
        "100:curse",
        "100:dig",
        "100:doubleedge",
        "100:drillrun",
        "100:earthquake",
        "100:endeavor",
        "100:endure",
        "100:facade",
        "100:gigaimpact",
        "100:highhorsepower",
        "100:hydropump",
        "100:hyperbeam",
        "100:ironhead",
        "100:lashout",
        "100:liquidation",
        "100:outrage",
        "100:protect",
        "100:raindance",
        "100:rest",
        "100:reversal",
        "100:rockslide",
        "100:rocktomb",
        "100:sandstorm",
        "100:scaryface",
        "100:sleeptalk",
        "100:smartstrike",
        "100:stompingtantrum",
        "100:stoneedge",
        "100:substitute",
        "100:surf",
        "100:takedown",
        "100:terablast",
        "100:thief",
        "100:trailblaze",
        "100:waterpulse",
        "100:whirlpool",
        "100:wildcharge",
        "100:zenheadbutt"
      ],
      "labels": [
        "gen9",
        "paldea_regional"
      ],
      "aspects": [
        "paldean-breed-aqua"
      ],
      "height": 14,
      "weight": 884,
      "cannotDynamax": false,
      "battleOnly": false
    }
  ],
  "baseExperienceYield": 172,
  "experienceGroup": "slow",
  "eggCycles": 20,
  "eggGroups": [
    "field"
  ],
  "drops": {
    "amount": 5,
    "entries": [
      {
        "item": "minecraft:leather",
        "quantityRange": "0-2"
      },
      {
        "item": "minecraft:beef",
        "quantityRange": "1-3"
      }
    ]
  },
  "moves": [
    "1:tackle",
    "1:tailwhip",
    "5:rage",
    "5:workup",
    "10:payback",
    "15:assurance",
    "15:pursuit",
    "20:hornattack",
    "25:scaryface",
    "30:zenheadbutt",
    "35:ragingbull",
    "35:takedown",
    "40:rest",
    "45:swagger",
    "50:thrash",
    "55:doubleedge",
    "60:gigaimpact",
    "100:curse",
    "100:endeavor",
    "100:assurance",
    "100:attract",
    "100:blizzard",
    "100:bodyslam",
    "100:bulldoze",
    "100:captivate",
    "100:closecombat",
    "100:confide",
    "100:curse",
    "100:dig",
    "100:doubleedge",
    "100:doubleteam",
    "100:earthquake",
    "100:endeavor",
    "100:endure",
    "100:facade",
    "100:fireblast",
    "100:flamethrower",
    "100:frustration",
    "100:gigaimpact",
    "100:helpinghand",
    "100:hiddenpower",
    "100:highhorsepower",
    "100:hyperbeam",
    "100:icebeam",
    "100:icywind",
    "100:incinerate",
    "100:ironhead",
    "100:irontail",
    "100:lashout",
    "100:megahorn",
    "100:naturalgift",
    "100:outrage",
    "100:payback",
    "100:protect",
    "100:raindance",
    "100:rest",
    "100:retaliate",
    "100:return",
    "100:revenge",
    "100:reversal",
    "100:rockclimb",
    "100:rockslide",
    "100:rocksmash",
    "100:rocktomb",
    "100:round",
    "100:sandstorm",
    "100:scaryface",
    "100:secretpower",
    "100:shadowball",
    "100:shockwave",
    "100:sleeptalk",
    "100:smartstrike",
    "100:snore",
    "100:solarbeam",
    "100:stompingtantrum",
    "100:stoneedge",
    "100:strength",
    "100:substitute",
    "100:sunnyday",
    "100:surf",
    "100:swagger",
    "100:takedown",
    "100:terablast",
    "100:thief",
    "100:throatchop",
    "100:thunder",
    "100:thunderbolt",
    "100:toxic",
    "100:trailblaze",
    "100:uproar",
    "100:waterpulse",
    "100:whirlpool",
    "100:wildcharge",
    "100:workup",
    "100:zenheadbutt",
    "100:attract",
    "100:bide",
    "100:blizzard",
    "100:bodyslam",
    "100:curse",
    "100:doubleedge",
    "100:doubleteam",
    "100:earthquake",
    "100:endeavor",
    "100:endure",
    "100:facade",
    "100:fireblast",
    "100:fissure",
    "100:flamethrower",
    "100:focusenergy",
    "100:frustration",
    "100:headbutt",
    "100:helpinghand",
    "100:hiddenpower",
    "100:hornattack",
    "100:horndrill",
    "100:hyperbeam",
    "100:icebeam",
    "100:icywind",
    "100:ironhead",
    "100:irontail",
    "100:lashout",
    "100:leer",
    "100:mimic",
    "100:outrage",
    "100:protect",
    "100:pursuit",
    "100:rage",
    "100:refresh",
    "100:rest",
    "100:return",
    "100:rockclimb",
    "100:rockslide",
    "100:rocksmash",
    "100:roleplay",
    "100:scaryface",
    "100:shockwave",
    "100:skullbash",
    "100:sleeptalk",
    "100:snore",
    "100:solarbeam",
    "100:spite",
    "100:stomp",
    "100:stompingtantrum",
    "100:strength",
    "100:substitute",
    "100:sunnyday",
    "100:surf",
    "100:swagger",
    "100:tackle",
    "100:tailwhip",
    "100:takedown",
    "100:thrash",
    "100:thunder",
    "100:thunderbolt",
    "100:toxic",
    "100:uproar",
    "100:waterpulse",
    "100:zapcannon",
    "100:zenheadbutt"
  ],
  "labels": [
    "gen1",
    "kanto_regional",
    "kanto_regional",
    "kanto_regional"
  ],
  "pokedex": [
    "cobblemon.species.tauros.desc"
  ],
  "evolutions": [],
  "baseScale": 1.3,
  "hitbox": {
    "width": 1.3,
    "height": 1.4,
    "fixed": false
  },
  "baseFriendship": 50,
  "evYield": {
    "hp": 0,
    "attack": 1,
    "defence": 0,
    "special_attack": 0,
    "special_defence": 0,
    "speed": 1
  },
  "height": 14,
  "weight": 884,
  "aspects": [],
  "cannotDynamax": false
}
