{
  "implemented": true,
  "name": "Tentacool",
  "nationalPokedexNumber": 72,
  "primaryType": "water",
  "secondaryType": "poison",
  "abilities": [
    "clearbody",
    "liquidooze",
    "h:raindish"
  ],
  "baseStats": {
    "hp": 40,
    "attack": 40,
    "defence": 35,
    "special_attack": 50,
    "special_defence": 100,
    "speed": 70
  },
  "catchRate": 190,
  "maleRatio": 0.5,
  "shoulderMountable": false,
  "baseExperienceYield": 67,
  "experienceGroup": "slow",
  "eggCycles": 20,
  "eggGroups": [
    "water_3"
  ],
  "behaviour": {
    "moving": {
      "walk": {
        "avoidsLand": true
      },
      "swim": {
        "swimSpeed": 0.2,
        "canSwimInWater": true,
        "canBreatheUnderwater": true
      }
    },
    "resting": {
      "canSleep": true,
      "willSleepOnBed": false,
      "depth": "normal",
      "light": "0-4"
    }
  },
  "drops": {
    "amount": 7,
    "entries": [
      {
        "item": "minecraft:ink_sac",
        "quantityRange": "1-3"
      },
      {
        "item": "minecraft:glow_ink_sac",
        "quantityRange": "1-3",
        "percentage": 10.0
      },
      {
        "item": "cobblemon:poison_barb",
        "percentage": 2.5
      }
    ]
  },
  "moves": [
    "1:poisonsting",
    "1:watergun",
    "4:acid",
    "7:constrict",
    "8:wrap",
    "12:supersonic",
    "13:toxicspikes",
    "16:waterpulse",
    "20:screech",
    "22:acidspray",
    "24:bubblebeam",
    "28:barrier",
    "28:hex",
    "32:acidarmor",
    "34:brine",
    "36:poisonjab",
    "40:surf",
    "44:sludgewave",
    "48:hydropump",
    "49:wringout",
    "100:acupressure",
    "100:aquaring",
    "100:aurorabeam",
    "100:bubble",
    "100:confuseray",
    "100:haze",
    "100:knockoff",
    "100:mirrorcoat",
    "100:muddywater",
    "100:rapidspin",
    "100:safeguard",
    "100:tickle",
    "100:acidspray",
    "100:attract",
    "100:blizzard",
    "100:brine",
    "100:brutalswing",
    "100:captivate",
    "100:chillingwater",
    "100:confide",
    "100:confuseray",
    "100:crosspoison",
    "100:cut",
    "100:dazzlinggleam",
    "100:dive",
    "100:doubleteam",
    "100:endure",
    "100:facade",
    "100:flipturn",
    "100:frustration",
    "100:gigadrain",
    "100:gunkshot",
    "100:hail",
    "100:haze",
    "100:hex",
    "100:hiddenpower",
    "100:hydropump",
    "100:icebeam",
    "100:icywind",
    "100:infestation",
    "100:knockoff",
    "100:liquidation",
    "100:muddywater",
    "100:mudshot",
    "100:naturalgift",
    "100:payback",
    "100:poisonjab",
    "100:pounce",
    "100:protect",
    "100:raindance",
    "100:rest",
    "100:return",
    "100:round",
    "100:safeguard",
    "100:scald",
    "100:screech",
    "100:secretpower",
    "100:sleeptalk",
    "100:sludgebomb",
    "100:sludgewave",
    "100:snore",
    "100:substitute",
    "100:surf",
    "100:swagger",
    "100:swift",
    "100:swordsdance",
    "100:terablast",
    "100:thief",
    "100:throatchop",
    "100:toxic",
    "100:toxicspikes",
    "100:venoshock",
    "100:waterfall",
    "100:waterpulse",
    "100:whirlpool",
    "100:acid",
    "100:acupressure",
    "100:attract",
    "100:aurorabeam",
    "100:barrier",
    "100:bide",
    "100:bind",
    "100:blizzard",
    "100:bubblebeam",
    "100:constrict",
    "100:curse",
    "100:cut",
    "100:dazzlinggleam",
    "100:dive",
    "100:doubleedge",
    "100:doubleteam",
    "100:endure",
    "100:facade",
    "100:frustration",
    "100:gigadrain",
    "100:haze",
    "100:headbutt",
    "100:hiddenpower",
    "100:hydropump",
    "100:icebeam",
    "100:icywind",
    "100:knockoff",
    "100:magiccoat",
    "100:megadrain",
    "100:mimic",
    "100:mirrorcoat",
    "100:poisonjab",
    "100:poisonsting",
    "100:protect",
    "100:rage",
    "100:raindance",
    "100:rapidspin",
    "100:reflect",
    "100:rest",
    "100:return",
    "100:safeguard",
    "100:scald",
    "100:screech",
    "100:skullbash",
    "100:sleeptalk",
    "100:sludgebomb",
    "100:snore",
    "100:substitute",
    "100:supersonic",
    "100:surf",
    "100:swagger",
    "100:swordsdance",
    "100:takedown",
    "100:toxic",
    "100:waterfall",
    "100:watergun",
    "100:waterpulse",
    "100:whirlpool",
    "100:wrap"
  ],
  "labels": [
    "gen1"
  ],
  "pokedex": [
    "cobblemon.species.tentacool.desc"
  ],
  "evolutions": [
    {
      "id": "tentacool_tentacruel",
      "variant": "level_up",
      "result": "tentacruel",
      "consumeHeldItem": false,
      "learnableMoves": [],
      "requirements": [
        {
          "variant": "level",
          "minLevel": 30
        }
      ]
    }
  ],
  "baseScale": 0.8,
  "hitbox": {
    "width": 0.8,
    "height": 2.1,
    "fixed": false
  },
  "baseFriendship": 50,
  "evYield": {
    "hp": 0,
    "attack": 0,
    "defence": 0,
    "special_attack": 0,
    "special_defence": 1,
    "speed": 0
  },
  "height": 9,
  "weight": 455,
  "aspects": [],
  "cannotDynamax": false
}
