{
  "implemented": true,
  "name": "Victreebel",
  "nationalPokedexNumber": 71,
  "primaryType": "grass",
  "secondaryType": "poison",
  "abilities": [
    "chlorophyll",
    "h:gluttony"
  ],
  "baseStats": {
    "hp": 80,
    "attack": 105,
    "defence": 65,
    "special_attack": 100,
    "special_defence": 70,
    "speed": 70
  },
  "catchRate": 45,
  "maleRatio": 0.5,
  "shoulderMountable": false,
  "baseExperienceYield": 221,
  "experienceGroup": "medium_slow",
  "eggCycles": 20,
  "eggGroups": [
    "grass"
  ],
  "drops": {
    "amount": 2,
    "entries": [
      {
        "item": "cobblemon:big_root",
        "percentage": 10.0
      },
      {
        "item": "cobblemon:pinap_berry",
        "percentage": 10.0
      }
    ]
  },
  "moves": [
    "1:gastroacid",
    "1:leaftornado",
    "1:powerwhip",
    "1:razorleaf",
    "1:sleeppowder",
    "1:spitup",
    "1:stockpile",
    "1:swallow",
    "1:sweetscent",
    "1:vinewhip",
    "32:leafstorm",
    "44:leafblade",
    "100:acidspray",
    "100:attract",
    "100:bodyslam",
    "100:bugbite",
    "100:bulletseed",
    "100:captivate",
    "100:confide",
    "100:cut",
    "100:doubleteam",
    "100:encore",
    "100:endure",
    "100:energyball",
    "100:facade",
    "100:flash",
    "100:frustration",
    "100:gigadrain",
    "100:gigaimpact",
    "100:grassknot",
    "100:grassyglide",
    "100:grassyterrain",
    "100:hiddenpower",
    "100:hyperbeam",
    "100:infestation",
    "100:knockoff",
    "100:leafstorm",
    "100:leechlife",
    "100:lunge",
    "100:magicalleaf",
    "100:naturalgift",
    "100:naturepower",
    "100:poisonjab",
    "100:pounce",
    "100:protect",
    "100:reflect",
    "100:rest",
    "100:return",
    "100:round",
    "100:scaryface",
    "100:secretpower",
    "100:seedbomb",
    "100:sleeptalk",
    "100:sludgebomb",
    "100:sludgewave",
    "100:solarbeam",
    "100:substitute",
    "100:sunnyday",
    "100:swagger",
    "100:swift",
    "100:swordsdance",
    "100:terablast",
    "100:thief",
    "100:toxic",
    "100:trailblaze",
    "100:venoshock",
    "100:weatherball",
    "100:acid",
    "100:attract",
    "100:bide",
    "100:bind",
    "100:bodyslam",
    "100:bugbite",
    "100:clearsmog",
    "100:curse",
    "100:cut",
    "100:doubleedge",
    "100:doubleteam",
    "100:endure",
    "100:facade",
    "100:flash",
    "100:frustration",
    "100:gastroacid",
    "100:gigadrain",
    "100:growth",
    "100:headbutt",
    "100:hiddenpower",
    "100:hyperbeam",
    "100:knockoff",
    "100:leechlife",
    "100:megadrain",
    "100:mimic",
    "100:poisonjab",
    "100:poisonpowder",
    "100:powerwhip",
    "100:protect",
    "100:rage",
    "100:razorleaf",
    "100:reflect",
    "100:rest",
    "100:return",
    "100:seedbomb",
    "100:sleeppowder",
    "100:sleeptalk",
    "100:sludgebomb",
    "100:snore",
    "100:solarbeam",
    "100:stunspore",
    "100:substitute",
    "100:suckerpunch",
    "100:sunnyday",
    "100:swagger",
    "100:sweetscent",
    "100:swordsdance",
    "100:synthesis",
    "100:takedown",
    "100:toxic",
    "100:vinewhip",
    "100:worryseed",
    "100:wrap"
  ],
  "labels": [
    "gen1"
  ],
  "pokedex": [
    "cobblemon.species.victreebel.desc"
  ],
  "preEvolution": "weepinbell",
  "evolutions": [],
  "baseScale": 1.5,
  "hitbox": {
    "width": 0.7,
    "height": 1.1,
    "fixed": false
  },
  "baseFriendship": 70,
  "evYield": {
    "hp": 0,
    "attack": 3,
    "defence": 0,
    "special_attack": 0,
    "special_defence": 0,
    "speed": 0
  },
  "height": 17,
  "weight": 155,
  "aspects": [],
  "cannotDynamax": false
}
