{
  "implemented": true,
  "name": "Vulpix",
  "nationalPokedexNumber": 37,
  "primaryType": "fire",
  "abilities": [
    "flashfire",
    "h:drought"
  ],
  "baseStats": {
    "hp": 38,
    "attack": 41,
    "defence": 40,
    "special_attack": 50,
    "special_defence": 65,
    "speed": 65
  },
  "behaviour": {
    "resting": {
      "canSleep": true,
      "willSleepOnBed": true,
      "depth": "normal",
      "light": "0-4"
    }
  },
  "catchRate": 190,
  "maleRatio": 0.25,
  "shoulderMountable": false,
  "forms": [
    {
      "name": "Alola",
      "primaryType": "ice",
      "abilities": [
        "snowcloak",
        "h:snowwarning"
      ],
      "baseStats": {
        "hp": 38,
        "attack": 41,
        "defence": 40,
        "special_attack": 50,
        "special_defence": 65,
        "speed": 65
      },
      "catchRate": 190,
      "maleRatio": 0.25,
      "baseExperienceYield": 60,
      "baseFriendship": 50,
      "evYield": {
        "hp": 0,
        "attack": 0,
        "defence": 0,
        "special_attack": 0,
        "special_defence": 0,
        "speed": 1
      },
      "experienceGroup": "medium_fast",
      "eggCycles": 20,
      "eggGroups": [
        "field"
      ],
      "moves": [
        "1:powdersnow",
        "1:tailwhip",
        "4:disable",
        "7:roar",
        "8:iceshard",
        "9:babydolleyes",
        "12:spite",
        "16:icywind",
        "18:payback",
        "20:confuseray",
        "23:feintattack",
        "24:aurorabeam",
        "26:hex",
        "28:extrasensory",
        "32:icebeam",
        "34:safeguard",
        "36:imprison",
        "40:mist",
        "44:auroraveil",
        "47:captivate",
        "48:freezedry",
        "48:sheercold",
        "52:grudge",
        "52:blizzard",
        "100:agility",
        "100:babydolleyes",
        "100:charm",
        "100:disable",
        "100:encore",
        "100:extrasensory",
        "100:flail",
        "100:freezedry",
        "100:howl",
        "100:hypnosis",
        "100:moonblast",
        "100:powerswap",
        "100:roar",
        "100:secretpower",
        "100:spite",
        "100:tailslap",
        "100:agility",
        "100:attract",
        "100:auroraveil",
        "100:batonpass",
        "100:blizzard",
        "100:bodyslam",
        "100:charm",
        "100:chillingwater",
        "100:confide",
        "100:confuseray",
        "100:darkpulse",
        "100:dazzlinggleam",
        "100:dig",
        "100:disarmingvoice",
        "100:doubleedge",
        "100:doubleteam",
        "100:drainingkiss",
        "100:encore",
        "100:endure",
        "100:facade",
        "100:faketears",
        "100:foulplay",
        "100:frostbreath",
        "100:frustration",
        "100:hail",
        "100:helpinghand",
        "100:hex",
        "100:hiddenpower",
        "100:icebeam",
        "100:iciclespear",
        "100:icywind",
        "100:imprison",
        "100:irontail",
        "100:mistyterrain",
        "100:nastyplot",
        "100:painsplit",
        "100:payback",
        "100:playrough",
        "100:powerswap",
        "100:protect",
        "100:psychup",
        "100:raindance",
        "100:rest",
        "100:return",
        "100:roar",
        "100:round",
        "100:safeguard",
        "100:sleeptalk",
        "100:snore",
        "100:snowscape",
        "100:spite",
        "100:storedpower",
        "100:substitute",
        "100:swagger",
        "100:swift",
        "100:tailslap",
        "100:takedown",
        "100:terablast",
        "100:toxic",
        "100:weatherball",
        "100:zenheadbutt",
        "100:aquatail",
        "100:aurorabeam",
        "100:babydolleyes",
        "100:blizzard",
        "100:celebrate",
        "100:confuseray",
        "100:covet",
        "100:darkpulse",
        "100:dazzlinggleam",
        "100:dig",
        "100:facade",
        "100:foulplay",
        "100:headbutt",
        "100:healbell",
        "100:icebeam",
        "100:iceshard",
        "100:icywind",
        "100:irontail",
        "100:mist",
        "100:painsplit",
        "100:powdersnow",
        "100:protect",
        "100:reflect",
        "100:rest",
        "100:roar",
        "100:roleplay",
        "100:snore",
        "100:spite",
        "100:substitute",
        "100:tackle",
        "100:tailwhip",
        "100:toxic",
        "100:zenheadbutt"
      ],
      "labels": [
        "gen7",
        "alola_regional"
      ],
      "aspects": [
        "alolan"
      ],
      "height": 6,
      "weight": 99,
      "evolutions": [
        {
          "id": "vulpix_ninetales",
          "variant": "item_interact",
          "result": "ninetales alolan",
          "consumeHeldItem": false,
          "learnableMoves": [
            "dazzlinggleam"
          ],
          "requirements": [],
          "requiredContext": "cobblemon:ice_stone"
        }
      ],
      "cannotDynamax": false,
      "battleOnly": false,
      "drops": {
        "amount": 5,
        "entries": [
          {
            "item": "minecraft:sweet_berries",
            "quantityRange": "1-3"
          },
          {
            "item": "minecraft:snowball",
            "quantityRange": "0-1"
          },
          {
            "item": "cobblemon:babiri_berry",
            "percentage": 2.5
          }
        ]
      }
    }
  ],
  "features": [
    "alolan"
  ],
  "baseExperienceYield": 60,
  "experienceGroup": "medium_fast",
  "eggCycles": 20,
  "eggGroups": [
    "field"
  ],
  "drops": {
    "amount": 5,
    "entries": [
      {
        "item": "minecraft:sweet_berries",
        "quantityRange": "1-3"
      },
      {
        "item": "minecraft:charcoal",
        "percentage": 2.5
      },
      {
        "item": "cobblemon:rawst_berry",
        "percentage": 2.5
      }
    ]
  },
  "moves": [
    "1:ember",
    "1:tailwhip",
    "4:disable",
    "7:roar",
    "8:quickattack",
    "9:babydolleyes",
    "12:spite",
    "16:incinerate",
    "18:payback",
    "20:confuseray",
    "23:feintattack",
    "24:willowisp",
    "26:hex",
    "28:extrasensory",
    "28:flameburst",
    "32:flamethrower",
    "36:imprison",
    "40:firespin",
    "44:safeguard",
    "47:captivate",
    "48:inferno",
    "52:grudge",
    "52:fireblast",
    "100:babydolleyes",
    "100:captivate",
    "100:disable",
    "100:energyball",
    "100:extrasensory",
    "100:feintattack",
    "100:flail",
    "100:flamecharge",
    "100:flareblitz",
    "100:healingwish",
    "100:heatwave",
    "100:hex",
    "100:howl",
    "100:hypnosis",
    "100:memento",
    "100:powerswap",
    "100:psychup",
    "100:roar",
    "100:secretpower",
    "100:spite",
    "100:tailslap",
    "100:agility",
    "100:attract",
    "100:batonpass",
    "100:bodyslam",
    "100:burningjealousy",
    "100:captivate",
    "100:charm",
    "100:confide",
    "100:confuseray",
    "100:darkpulse",
    "100:dig",
    "100:doubleedge",
    "100:doubleteam",
    "100:encore",
    "100:endure",
    "100:energyball",
    "100:facade",
    "100:fireblast",
    "100:firespin",
    "100:flamecharge",
    "100:flamethrower",
    "100:flareblitz",
    "100:foulplay",
    "100:frustration",
    "100:heatwave",
    "100:helpinghand",
    "100:hex",
    "100:hiddenpower",
    "100:imprison",
    "100:incinerate",
    "100:irontail",
    "100:mysticalfire",
    "100:naturalgift",
    "100:nastyplot",
    "100:overheat",
    "100:painsplit",
    "100:payback",
    "100:powerswap",
    "100:protect",
    "100:psychup",
    "100:rest",
    "100:return",
    "100:roar",
    "100:round",
    "100:safeguard",
    "100:secretpower",
    "100:sleeptalk",
    "100:snarl",
    "100:snore",
    "100:spite",
    "100:substitute",
    "100:sunnyday",
    "100:swagger",
    "100:swift",
    "100:tailslap",
    "100:takedown",
    "100:terablast",
    "100:toxic",
    "100:weatherball",
    "100:willowisp",
    "100:zenheadbutt",
    "100:attract",
    "100:bide",
    "100:bodyslam",
    "100:burningjealousy",
    "100:charm",
    "100:confuseray",
    "100:covet",
    "100:curse",
    "100:darkpulse",
    "100:dig",
    "100:disable",
    "100:doubleedge",
    "100:doubleteam",
    "100:ember",
    "100:endure",
    "100:facade",
    "100:feintattack",
    "100:fireblast",
    "100:firespin",
    "100:flail",
    "100:flamethrower",
    "100:foulplay",
    "100:frustration",
    "100:headbutt",
    "100:heatwave",
    "100:hiddenpower",
    "100:hypnosis",
    "100:irontail",
    "100:mimic",
    "100:ominouswind",
    "100:painsplit",
    "100:protect",
    "100:quickattack",
    "100:rage",
    "100:reflect",
    "100:rest",
    "100:return",
    "100:roar",
    "100:roleplay",
    "100:safeguard",
    "100:skullbash",
    "100:sleeptalk",
    "100:snore",
    "100:spite",
    "100:substitute",
    "100:sunnyday",
    "100:swagger",
    "100:swift",
    "100:tackle",
    "100:tailwhip",
    "100:takedown",
    "100:toxic",
    "100:willowisp",
    "100:zenheadbutt"
  ],
  "labels": [
    "gen1",
    "kanto_regional"
  ],
  "pokedex": [
    "cobblemon.species.vulpix.desc"
  ],
  "evolutions": [
    {
      "id": "vulpix_ninetales",
      "variant": "item_interact",
      "result": "ninetales",
      "consumeHeldItem": false,
      "learnableMoves": [],
      "requirements": [],
      "requiredContext": "cobblemon:fire_stone"
    }
  ],
  "baseScale": 0.7,
  "hitbox": {
    "width": 0.9,
    "height": 1.1,
    "fixed": false
  },
  "baseFriendship": 50,
  "evYield": {
    "hp": 0,
    "attack": 0,
    "defence": 0,
    "special_attack": 0,
    "special_defence": 0,
    "speed": 1
  },
  "height": 6,
  "weight": 99,
  "aspects": [],
  "cannotDynamax": false
}
