{
  "implemented": true,
  "name": "Zubat",
  "nationalPokedexNumber": 41,
  "primaryType": "poison",
  "secondaryType": "flying",
  "abilities": [
    "innerfocus",
    "h:infiltrator"
  ],
  "drops": {
    "amount": 3,
    "entries": [
      {
        "item": "minecraft:phantom_membrane",
        "percentage": 2.5
      },
      {
        "item": "cobblemon:razor_fang",
        "percentage": 2.5
      },
      {
        "item": "cobblemon:persim_berry",
        "percentage": 2.5
      }
    ]
  },
  "baseStats": {
    "hp": 40,
    "attack": 45,
    "defence": 35,
    "special_attack": 30,
    "special_defence": 40,
    "speed": 55
  },
  "catchRate": 255,
  "maleRatio": 0.5,
  "shoulderMountable": true,
  "baseExperienceYield": 49,
  "experienceGroup": "medium_fast",
  "eggCycles": 15,
  "eggGroups": [
    "flying"
  ],
  "behaviour": {
    "moving": {
      "walk": {
        "canWalk": false
      },
      "fly": {
        "canFly": true
      }
    },
    "resting": {
      "canSleep": true,
      "willSleepOnBed": false,
      "depth": "normal",
      "light": "0-4"
    }
  },
  "moves": [
    "1:absorb",
    "1:supersonic",
    "5:astonish",
    "10:meanlook",
    "13:wingattack",
    "15:poisonfang",
    "20:quickguard",
    "23:swift",
    "25:aircutter",
    "30:acrobatics",
    "30:bite",
    "35:haze",
    "40:venoshock",
    "45:confuseray",
    "50:airslash",
    "55:leechlife",
    "100:bravebird",
    "100:curse",
    "100:defog",
    "100:feintattack",
    "100:gigadrain",
    "100:gust",
    "100:hypnosis",
    "100:nastyplot",
    "100:pursuit",
    "100:quickattack",
    "100:steelwing",
    "100:venomdrench",
    "100:whirlwind",
    "100:wingattack",
    "100:zenheadbutt",
    "100:acrobatics",
    "100:aerialace",
    "100:agility",
    "100:airslash",
    "100:assurance",
    "100:attract",
    "100:bravebird",
    "100:captivate",
    "100:confide",
    "100:crunch",
    "100:defog",
    "100:doubleteam",
    "100:endure",
    "100:facade",
    "100:fly",
    "100:frustration",
    "100:gigadrain",
    "100:heatwave",
    "100:hiddenpower",
    "100:leechlife",
    "100:nastyplot",
    "100:naturalgift",
    "100:payback",
    "100:pluck",
    "100:protect",
    "100:raindance",
    "100:rest",
    "100:return",
    "100:roost",
    "100:round",
    "100:secretpower",
    "100:shadowball",
    "100:sleeptalk",
    "100:sludgebomb",
    "100:snatch",
    "100:snore",
    "100:steelwing",
    "100:substitute",
    "100:sunnyday",
    "100:swagger",
    "100:swift",
    "100:taunt",
    "100:thief",
    "100:torment",
    "100:toxic",
    "100:uproar",
    "100:uturn",
    "100:venomdrench",
    "100:venoshock",
    "100:zenheadbutt",
    "100:absorb",
    "100:aircutter",
    "100:airslash",
    "100:attract",
    "100:bide",
    "100:bite",
    "100:confuseray",
    "100:curse",
    "100:defog",
    "100:detect",
    "100:doubleedge",
    "100:doubleteam",
    "100:dualwingbeat",
    "100:endure",
    "100:facade",
    "100:feintattack",
    "100:fly",
    "100:frustration",
    "100:gigadrain",
    "100:gust",
    "100:haze",
    "100:headbutt",
    "100:heatwave",
    "100:hiddenpower",
    "100:hypnosis",
    "100:leechlife",
    "100:meanlook",
    "100:megadrain",
    "100:mimic",
    "100:ominouswind",
    "100:protect",
    "100:pursuit",
    "100:quickattack",
    "100:rage",
    "100:razorwind",
    "100:rest",
    "100:return",
    "100:roost",
    "100:shadowball",
    "100:sleeptalk",
    "100:sludgebomb",
    "100:snatch",
    "100:snore",
    "100:steelwing",
    "100:substitute",
    "100:sunnyday",
    "100:superfang",
    "100:supersonic",
    "100:swagger",
    "100:swift",
    "100:tailwind",
    "100:takedown",
    "100:taunt",
    "100:thief",
    "100:toxic",
    "100:twister",
    "100:uproar",
    "100:uturn",
    "100:whirlwind",
    "100:wingattack",
    "100:zenheadbutt"
  ],
  "labels": [
    "gen1"
  ],
  "pokedex": [
    "cobblemon.species.zubat.desc"
  ],
  "evolutions": [
    {
      "id": "zubat_golbat",
      "variant": "level_up",
      "result": "golbat",
      "consumeHeldItem": false,
      "learnableMoves": [],
      "requirements": [
        {
          "variant": "level",
          "minLevel": 22
        }
      ]
    }
  ],
  "baseScale": 0.8,
  "hitbox": {
    "width": 0.6,
    "height": 1.1,
    "fixed": false
  },
  "baseFriendship": 50,
  "evYield": {
    "hp": 0,
    "attack": 0,
    "defence": 0,
    "special_attack": 0,
    "special_defence": 0,
    "speed": 1
  },
  "height": 8,
  "weight": 75,
  "aspects": [],
  "cannotDynamax": false
}
