{
  "pools": [
    {
      "rolls": 1,
      "entries": [
        {
          "type": "minecraft:item",
          "name": "minecraft:carrot_on_a_stick",
          "functions": [
            {
              "function": "minecraft:set_components",
              "components": {
                "minecraft:custom_name": "{\"text\":\"Assault Rifle\",\"color\":\"white\",\"italic\":false}",
                "minecraft:lore": [
                  "[{\"text\":\"Press \",\"color\":\"red\",\"italic\":false},{\"keybind\":\"key.swapOffhand\",\"color\":\"dark_red\",\"italic\":false},{\"text\":\" to reload\",\"color\":\"red\",\"italic\":false}]",
                  "[{\"keybind\":\"key.use\",\"color\":\"dark_red\",\"italic\":false},{\"text\":\" to shoot\",\"color\":\"red\",\"italic\":false}]"
                ],
                "minecraft:custom_model_data": 889003,
                "minecraft:damage": 200,
                "minecraft:max_damage": 200,
                "minecraft:max_stack_size": 1,
                "minecraft:custom_data": {
                  "gbg_is_gun": 1,
                  "gbg_gun_version": 2,
                  "gbg_current_ammo": 0,
                  "gbg_max_ammo": 32,
                  "gbg_damage": 4,
                  "gbg_range": 36,
                  "gbg_fire_rate": 4,
                  "gbg_reload_speed": 42,
                  "gbg_projectile_type": 1,
                  "gbg_damage_type": 8,
                  "gbg_recoil_strength": 1,
                  "gbg_zoom_recoil_strength": 4,
                  "gbg_ammo_base": "command_block",
                  "gbg_ammo_item_tag": "gbg_assault_rifle_magazine",
                  "gbg_zoom_strength": 3,
                  "gun_reload_type": 1,
                  "gbg_shoot_sound": "minecraft:assault_rifle_fire",
                  "gbg_reload_sound": "minecraft:assault_rifle_reload"
                }
              }
            }
          ]
        }
      ]
    }
  ]
}