{
    "pools": [
        {
            "rolls": 1,
            "entries": [
                {
                    "type": "minecraft:item",
                    "name": "minecraft:carrot_on_a_stick",
                    "functions": [
                        {
                            "function": "minecraft:set_components",
                            "components": {
                                "minecraft:custom_name": "{\"text\":\"Shotgun\",\"color\":\"white\",\"italic\":false}",
                                "minecraft:lore": [
                                    "[{\"text\":\"Press \",\"color\":\"red\",\"italic\":false},{\"keybind\":\"key.swapOffhand\",\"color\":\"dark_red\",\"italic\":false},{\"text\":\" to reload\",\"color\":\"red\",\"italic\":false}]",
                                    "[{\"keybind\":\"key.use\",\"color\":\"dark_red\",\"italic\":false},{\"text\":\" to shoot\",\"color\":\"red\",\"italic\":false}]"
                                ],
                                "minecraft:custom_model_data": 889007,
                                "minecraft:damage": 200,
                                "minecraft:max_damage": 200,
                                "minecraft:max_stack_size": 1,
                                "minecraft:custom_data": {
                                    "gbg_is_gun": 1,
                                    "gbg_gun_version": 2,
                                    "gbg_current_ammo": 0,
                                    "gbg_max_ammo": 8,
                                    "gbg_damage": 18,
                                    "gbg_range": 22,
                                    "gbg_fire_rate": 20,
                                    "gbg_reload_speed": 10,
                                    "gbg_projectile_type": 14,
                                    "gbg_damage_type": 8,
                                    "gbg_recoil_strength": 7,
                                    "gbg_zoom_recoil_strength": 5,
                                    "gbg_ammo_base": "command_block",
                                    "gbg_ammo_item_tag": "gbg_shotgun_shell",
                                    "gbg_zoom_strength": 3,
                                    "gun_reload_type": 2,
                                    "gbg_shoot_sound": "minecraft:shotgun_fire",
                                    "gbg_reload_sound": "minecraft:shotgun_reload"
                                }
                            }
                        }
                    ]
                }
            ]
        }
    ]
}