{
  "name": "Abomasnow",
  "nationalPokedexNumber": 460,
  "primaryType": "grass",
  "secondaryType": "ice",
  "abilities": [
    "snowwarning",
    "h:soundproof"
  ],
  "drops": {
    "amount": 4,
    "entries": [
      {
        "item": "minecraft:snowball",
        "quantityRange": "0-2"
      },
      {
        "item": "cobblemon:never_melt_ice",
        "percentage": 5.0
      },
      {
        "item": "cobblemon:occa_berry",
        "percentage": 5.0
      }
    ]
  },
  "baseStats": {
    "hp": 90,
    "attack": 92,
    "defence": 75,
    "special_attack": 92,
    "special_defence": 85,
    "speed": 60
  },
  "catchRate": 60,
  "maleRatio": 0.5,
  "shoulderMountable": false,
  "forms": [
    {
      "name": "Mega",
      "primaryType": "grass",
      "secondaryType": "ice",
      "abilities": [
        "snowwarning"
      ],
      "baseStats": {
        "hp": 90,
        "attack": 132,
        "defence": 105,
        "special_attack": 132,
        "special_defence": 105,
        "speed": 30
      },
      "catchRate": 60,
      "maleRatio": 0.5,
      "baseExperienceYield": 173,
      "baseFriendship": 50,
      "evYield": {
        "hp": 0,
        "attack": 1,
        "defence": 0,
        "special_attack": 1,
        "special_defence": 0,
        "speed": 0
      },
      "experienceGroup": "slow",
      "eggCycles": 20,
      "eggGroups": [
        "monster",
        "grass"
      ],
      "labels": [
        "gen6",
        "mega"
      ],
      "aspects": [
        "mega"
      ],
      "height": 27,
      "weight": 1850,
      "cannotDynamax": false,
      "battleOnly": true
    }
  ],
  "baseExperienceYield": 173,
  "experienceGroup": "slow",
  "eggCycles": 20,
  "eggGroups": [
    "monster",
    "grass"
  ],
  "moves": [
    "1:auroraveil",
    "1:icepunch",
    "1:icywind",
    "1:leafage",
    "1:leer",
    "1:mist",
    "1:powdersnow",
    "1:razorleaf",
    "13:grasswhistle",
    "15:iceshard",
    "17:swagger",
    "20:razorleaf",
    "21:mist",
    "25:icywind",
    "26:iceshard",
    "30:swagger",
    "31:ingrain",
    "35:ingrain",
    "36:woodhammer",
    "43:woodhammer",
    "47:blizzard",
    "49:blizzard",
    "56:sheercold",
    "58:sheercold",
    "100:attract",
    "100:avalanche",
    "100:blizzard",
    "100:bodypress",
    "100:bodyslam",
    "100:brickbreak",
    "100:bulldoze",
    "100:bulletseed",
    "100:captivate",
    "100:chillingwater",
    "100:confide",
    "100:curse",
    "100:doubleedge",
    "100:doubleteam",
    "100:earthpower",
    "100:earthquake",
    "100:endure",
    "100:energyball",
    "100:facade",
    "100:flash",
    "100:fling",
    "100:focusblast",
    "100:focuspunch",
    "100:frostbreath",
    "100:frustration",
    "100:gigadrain",
    "100:gigaimpact",
    "100:grassknot",
    "100:grassyglide",
    "100:hail",
    "100:hardpress",
    "100:helpinghand",
    "100:hiddenpower",
    "100:hyperbeam",
    "100:icebeam",
    "100:icepunch",
    "100:icespinner",
    "100:iciclespear",
    "100:icywind",
    "100:irontail",
    "100:leafstorm",
    "100:lightscreen",
    "100:lowkick",
    "100:magicalleaf",
    "100:megakick",
    "100:megapunch",
    "100:mudslap",
    "100:naturalgift",
    "100:outrage",
    "100:protect",
    "100:raindance",
    "100:rest",
    "100:return",
    "100:rockclimb",
    "100:rockslide",
    "100:rocksmash",
    "100:rocktomb",
    "100:round",
    "100:safeguard",
    "100:scaryface",
    "100:secretpower",
    "100:seedbomb",
    "100:shadowball",
    "100:sleeptalk",
    "100:snore",
    "100:snowscape",
    "100:solarbeam",
    "100:stompingtantrum",
    "100:strength",
    "100:substitute",
    "100:swagger",
    "100:swordsdance",
    "100:takedown",
    "100:terablast",
    "100:toxic",
    "100:trailblaze",
    "100:waterpulse",
    "100:weatherball",
    "100:block",
    "100:focuspunch",
    "100:gigadrain",
    "100:grassyglide",
    "100:headbutt",
    "100:icepunch",
    "100:icywind",
    "100:irontail",
    "100:mudslap",
    "100:outrage",
    "100:roleplay",
    "100:seedbomb",
    "100:sleeptalk",
    "100:snore",
    "100:stompingtantrum",
    "100:synthesis",
    "100:waterpulse",
    "100:worryseed"
  ],
  "labels": [
    "gen4"
  ],
  "pokedex": [
    "cobblemon.species.abomasnow.desc"
  ],
  "preEvolution": "snover",
  "evolutions": [],
  "baseScale": 1,
  "hitbox": {
    "width": 1,
    "height": 1,
    "fixed": false
  },
  "baseFriendship": 50,
  "evYield": {
    "hp": 0,
    "attack": 1,
    "defence": 0,
    "special_attack": 1,
    "special_defence": 0,
    "speed": 0
  },
  "height": 22,
  "weight": 1355,
  "aspects": [],
  "cannotDynamax": false
}
