{
  "implemented": true,
  "name": "Bibarel",
  "nationalPokedexNumber": 400,
  "primaryType": "normal",
  "secondaryType": "water",
  "abilities": [
    "simple",
    "unaware",
    "h:moody"
  ],
  "drops": {
    "amount": 3,
    "entries": [
      {
        "item": "minecraft:stick",
        "quantityRange": "0-2"
      },
      {
        "item": "cobblemon:oran_berry",
        "percentage": 5.0
      }
    ]
  },
  "baseStats": {
    "hp": 79,
    "attack": 85,
    "defence": 60,
    "special_attack": 55,
    "special_defence": 60,
    "speed": 71
  },
  "catchRate": 127,
  "maleRatio": 0.5,
  "shoulderMountable": false,
  "baseExperienceYield": 144,
  "experienceGroup": "medium_fast",
  "eggCycles": 15,
  "eggGroups": [
    "water_1",
    "field"
  ],
  "behaviour": {
    "moving": {
      "swim": {
        "swimSpeed": 0.25,
        "canSwimInWater": true,
        "canBreatheUnderwater": true,
        "canWalkOnWater": true
      }
    }
  },
  "moves": [
    "1:aquajet",
    "1:growl",
    "1:rototiller",
    "1:tackle",
    "1:watergun",
    "5:defensecurl",
    "9:defensecurl",
    "9:rollout",
    "13:headbutt",
    "13:rollout",
    "15:watergun",
    "18:headbutt",
    "18:hyperfang",
    "23:hyperfang",
    "23:yawn",
    "28:crunch",
    "28:yawn",
    "33:amnesia",
    "33:takedown",
    "38:superfang",
    "38:takedown",
    "43:superfang",
    "43:swordsdance",
    "48:amnesia",
    "48:superpower",
    "53:curse",
    "53:superpower",
    "58:curse",
    "100:attract",
    "100:blizzard",
    "100:bulldoze",
    "100:captivate",
    "100:chargebeam",
    "100:confide",
    "100:cut",
    "100:dig",
    "100:dive",
    "100:doubleteam",
    "100:echoedvoice",
    "100:endure",
    "100:facade",
    "100:fling",
    "100:focuspunch",
    "100:frustration",
    "100:gigaimpact",
    "100:grassknot",
    "100:hiddenpower",
    "100:hyperbeam",
    "100:icebeam",
    "100:irontail",
    "100:naturalgift",
    "100:pluck",
    "100:protect",
    "100:raindance",
    "100:rest",
    "100:retaliate",
    "100:return",
    "100:rockclimb",
    "100:rocksmash",
    "100:round",
    "100:scald",
    "100:secretpower",
    "100:shadowball",
    "100:shockwave",
    "100:sleeptalk",
    "100:stealthrock",
    "100:strength",
    "100:substitute",
    "100:sunnyday",
    "100:surf",
    "100:swagger",
    "100:swordsdance",
    "100:taunt",
    "100:thief",
    "100:thunder",
    "100:thunderbolt",
    "100:thunderwave",
    "100:toxic",
    "100:waterfall",
    "100:waterpulse",
    "100:whirlpool",
    "100:workup",
    "100:aquatail",
    "100:covet",
    "100:dive",
    "100:focuspunch",
    "100:furycutter",
    "100:headbutt",
    "100:icywind",
    "100:irontail",
    "100:lastresort",
    "100:liquidation",
    "100:mudslap",
    "100:rollout",
    "100:shockwave",
    "100:sleeptalk",
    "100:snore",
    "100:stealthrock",
    "100:stompingtantrum",
    "100:superfang",
    "100:superpower",
    "100:swift",
    "100:waterpulse"
  ],
  "labels": [
    "gen4"
  ],
  "pokedex": [
    "cobblemon.species.bibarel.desc"
  ],
  "preEvolution": "bidoof",
  "evolutions": [],
  "baseScale": 0.7,
  "hitbox": {
    "width": 1.3,
    "height": 1.1,
    "fixed": false
  },
  "baseFriendship": 70,
  "evYield": {
    "hp": 0,
    "attack": 2,
    "defence": 0,
    "special_attack": 0,
    "special_defence": 0,
    "speed": 0
  },
  "height": 10,
  "weight": 315,
  "aspects": [],
  "cannotDynamax": false
}
