{
  "name": "Burmy",
  "nationalPokedexNumber": 412,
  "primaryType": "bug",
  "abilities": [
    "shedskin",
    "h:overcoat"
  ],
  "drops": {
    "amount": 2,
    "entries": [
      {
        "item": "minecraft:string",
        "quantityRange": "0-1"
      },
      {
        "item": "cobblemon:occa_berry",
        "percentage": 2.5
      }
    ]
  },
  "baseStats": {
    "hp": 40,
    "attack": 29,
    "defence": 45,
    "special_attack": 29,
    "special_defence": 45,
    "speed": 36
  },
  "catchRate": 120,
  "maleRatio": 0.5,
  "shoulderMountable": false,
  "baseExperienceYield": 45,
  "experienceGroup": "medium_fast",
  "eggCycles": 15,
  "eggGroups": [
    "bug"
  ],
  "moves": [
    "1:protect",
    "10:tackle",
    "15:bugbite",
    "20:hiddenpower",
    "100:hiddenpower",
    "100:protect",
    "100:bugbite",
    "100:electroweb",
    "100:protect",
    "100:snore",
    "100:stringshot"
  ],
  "labels": [
    "gen4"
  ],
  "pokedex": [
    "cobblemon.species.burmy.desc"
  ],
  "evolutions": [
    {
      "id": "burmy_wormadam",
      "variant": "level_up",
      "result": "wormadam",
      "consumeHeldItem": false,
      "learnableMoves": [],
      "requirements": [
        {
          "variant": "level",
          "minLevel": 20
        },
        {
          "variant": "properties",
          "target": "gender=female"
        }
      ]
    },
    {
      "id": "burmy_wormadam",
      "variant": "level_up",
      "result": "wormadam sandy",
      "consumeHeldItem": false,
      "learnableMoves": [],
      "requirements": [
        {
          "variant": "level",
          "minLevel": 20
        },
        {
          "variant": "properties",
          "target": "gender=female"
        }
      ]
    },
    {
      "id": "burmy_wormadam",
      "variant": "level_up",
      "result": "wormadam trash",
      "consumeHeldItem": false,
      "learnableMoves": [],
      "requirements": [
        {
          "variant": "level",
          "minLevel": 20
        },
        {
          "variant": "properties",
          "target": "gender=female"
        }
      ]
    },
    {
      "id": "burmy_mothim",
      "variant": "level_up",
      "result": "mothim",
      "consumeHeldItem": false,
      "learnableMoves": [],
      "requirements": [
        {
          "variant": "level",
          "minLevel": 20
        },
        {
          "variant": "properties",
          "target": "gender=male"
        }
      ]
    }
  ],
  "baseScale": 1,
  "hitbox": {
    "width": 1,
    "height": 1,
    "fixed": false
  },
  "baseFriendship": 70,
  "evYield": {
    "hp": 0,
    "attack": 0,
    "defence": 0,
    "special_attack": 0,
    "special_defence": 1,
    "speed": 0
  },
  "height": 2,
  "weight": 34,
  "aspects": [],
  "cannotDynamax": false
}
