{
  "implemented": true,
  "name": "Chatot",
  "nationalPokedexNumber": 441,
  "primaryType": "normal",
  "secondaryType": "flying",
  "abilities": [
    "keeneye",
    "tangledfeet",
    "h:bigpecks"
  ],
  "drops": {
    "amount": 4,
    "entries": [
      {
        "item": "minecraft:feather",
        "quantityRange": "0-2"
      },
      {
        "item": "minecraft:chicken"
      },
      {
        "item": "cobblemon:persim_berry",
        "percentage": 5.0
      }
    ]
  },
  "baseStats": {
    "hp": 76,
    "attack": 65,
    "defence": 45,
    "special_attack": 92,
    "special_defence": 42,
    "speed": 91
  },
  "catchRate": 30,
  "maleRatio": 0.5,
  "shoulderMountable": true,
  "baseExperienceYield": 144,
  "experienceGroup": "medium_slow",
  "eggCycles": 20,
  "eggGroups": [
    "flying"
  ],
  "behaviour": {
    "moving": {
      "fly": {
        "canFly": true
      }
    }
  },
  "moves": [
    "1:chatter",
    "1:confide",
    "1:hypervoice",
    "1:peck",
    "1:taunt",
    "5:growl",
    "9:mirrormove",
    "13:sing",
    "17:furyattack",
    "21:chatter",
    "25:taunt",
    "29:mimic",
    "29:round",
    "33:mimic",
    "33:roost",
    "37:echoedvoice",
    "37:uproar",
    "41:featherdance",
    "41:roost",
    "45:hypervoice",
    "45:uproar",
    "49:synchronoise",
    "50:featherdance",
    "53:featherdance",
    "57:hypervoice",
    "100:agility",
    "100:aircutter",
    "100:boomburst",
    "100:defog",
    "100:encore",
    "100:nastyplot",
    "100:nightshade",
    "100:sleeptalk",
    "100:steelwing",
    "100:supersonic",
    "100:aerialace",
    "100:attract",
    "100:captivate",
    "100:confide",
    "100:defog",
    "100:doubleteam",
    "100:echoedvoice",
    "100:endure",
    "100:facade",
    "100:fly",
    "100:frustration",
    "100:hiddenpower",
    "100:naturalgift",
    "100:pluck",
    "100:protect",
    "100:raindance",
    "100:rest",
    "100:return",
    "100:roost",
    "100:round",
    "100:secretpower",
    "100:sleeptalk",
    "100:steelwing",
    "100:substitute",
    "100:sunnyday",
    "100:swagger",
    "100:taunt",
    "100:thief",
    "100:torment",
    "100:toxic",
    "100:uturn",
    "100:workup",
    "100:aircutter",
    "100:chatter",
    "100:defog",
    "100:furyattack",
    "100:heatwave",
    "100:hypervoice",
    "100:mirrormove",
    "100:mudslap",
    "100:nastyplot",
    "100:ominouswind",
    "100:roleplay",
    "100:roost",
    "100:skyattack",
    "100:sleeptalk",
    "100:snore",
    "100:swift",
    "100:tailwind",
    "100:taunt",
    "100:twister",
    "100:uproar"
  ],
  "labels": [
    "gen4"
  ],
  "pokedex": [
    "cobblemon.species.chatot.desc"
  ],
  "evolutions": [],
  "baseScale": 0.9,
  "hitbox": {
    "width": 0.5,
    "height": 0.8,
    "fixed": false
  },
  "baseFriendship": 35,
  "evYield": {
    "hp": 0,
    "attack": 1,
    "defence": 0,
    "special_attack": 0,
    "special_defence": 0,
    "speed": 0
  },
  "height": 5,
  "weight": 19,
  "aspects": [],
  "cannotDynamax": false
}
