{
  "implemented": true,
  "name": "Chimchar",
  "nationalPokedexNumber": 390,
  "primaryType": "fire",
  "abilities": [
    "blaze",
    "h:ironfist"
  ],
  "drops": {
    "amount": 1,
    "entries": [
      {
        "item": "cobblemon:charcoal_stick",
        "percentage": 5.0
      }
    ]
  },
  "baseStats": {
    "hp": 44,
    "attack": 58,
    "defence": 44,
    "special_attack": 58,
    "special_defence": 44,
    "speed": 61
  },
  "behaviour": {
    "resting": {
      "canSleep": true,
      "willSleepOnBed": true,
      "depth": "normal",
      "light": "0-4"
    }
  },
  "catchRate": 45,
  "maleRatio": 0.875,
  "shoulderMountable": false,
  "baseExperienceYield": 62,
  "experienceGroup": "medium_slow",
  "eggCycles": 20,
  "eggGroups": [
    "field",
    "human_like"
  ],
  "moves": [
    "1:leer",
    "1:scratch",
    "7:ember",
    "9:taunt",
    "15:furyswipes",
    "17:flamewheel",
    "23:nastyplot",
    "25:torment",
    "31:facade",
    "33:firespin",
    "39:acrobatics",
    "39:slackoff",
    "41:flamethrower",
    "41:slackoff",
    "47:flamethrower",
    "100:assist",
    "100:blazekick",
    "100:counter",
    "100:doublekick",
    "100:encore",
    "100:fakeout",
    "100:firepunch",
    "100:focusenergy",
    "100:focuspunch",
    "100:heatwave",
    "100:helpinghand",
    "100:poweruppunch",
    "100:quickguard",
    "100:submission",
    "100:switcheroo",
    "100:thunderpunch",
    "100:acrobatics",
    "100:aerialace",
    "100:agility",
    "100:attract",
    "100:brickbreak",
    "100:bulkup",
    "100:burningjealousy",
    "100:captivate",
    "100:confide",
    "100:cut",
    "100:dig",
    "100:doubleedge",
    "100:doubleteam",
    "100:encore",
    "100:endeavor",
    "100:endure",
    "100:facade",
    "100:faketears",
    "100:fireblast",
    "100:firepledge",
    "100:firepunch",
    "100:firespin",
    "100:flamecharge",
    "100:flamethrower",
    "100:flareblitz",
    "100:fling",
    "100:focuspunch",
    "100:frustration",
    "100:grassknot",
    "100:gunkshot",
    "100:heatwave",
    "100:helpinghand",
    "100:hiddenpower",
    "100:honeclaws",
    "100:incinerate",
    "100:irontail",
    "100:knockoff",
    "100:lowkick",
    "100:lowsweep",
    "100:metronome",
    "100:mudslap",
    "100:nastyplot",
    "100:naturalgift",
    "100:overheat",
    "100:poisonjab",
    "100:poweruppunch",
    "100:protect",
    "100:psychup",
    "100:rest",
    "100:return",
    "100:rockclimb",
    "100:rockslide",
    "100:rocksmash",
    "100:rocktomb",
    "100:round",
    "100:secretpower",
    "100:shadowclaw",
    "100:sleeptalk",
    "100:stealthrock",
    "100:strength",
    "100:substitute",
    "100:sunnyday",
    "100:swagger",
    "100:swift",
    "100:swordsdance",
    "100:takedown",
    "100:taunt",
    "100:temperflare",
    "100:terablast",
    "100:thief",
    "100:thunderpunch",
    "100:torment",
    "100:toxic",
    "100:uproar",
    "100:uturn",
    "100:vacuumwave",
    "100:willowisp",
    "100:workup",
    "100:zenheadbutt",
    "100:covet",
    "100:ember",
    "100:endeavor",
    "100:fakeout",
    "100:firepledge",
    "100:firepunch",
    "100:flamethrower",
    "100:focuspunch",
    "100:grassknot",
    "100:gunkshot",
    "100:headbutt",
    "100:heatwave",
    "100:helpinghand",
    "100:irontail",
    "100:leer",
    "100:lowkick",
    "100:mudslap",
    "100:roleplay",
    "100:rollout",
    "100:sleeptalk",
    "100:snore",
    "100:stealthrock",
    "100:swift",
    "100:taunt",
    "100:thunderpunch",
    "100:uproar",
    "100:vacuumwave"
  ],
  "labels": [
    "gen4"
  ],
  "pokedex": [
    "cobblemon.species.chimchar.desc"
  ],
  "evolutions": [
    {
      "id": "chimchar_monferno",
      "variant": "level_up",
      "result": "monferno",
      "consumeHeldItem": false,
      "learnableMoves": [
        "machpunch"
      ],
      "requirements": [
        {
          "variant": "level",
          "minLevel": 14
        }
      ]
    }
  ],
  "baseScale": 0.6,
  "hitbox": {
    "width": 0.75,
    "height": 1.35,
    "fixed": false
  },
  "baseFriendship": 70,
  "evYield": {
    "hp": 0,
    "attack": 0,
    "defence": 0,
    "special_attack": 0,
    "special_defence": 0,
    "speed": 1
  },
  "height": 5,
  "weight": 62,
  "aspects": [],
  "cannotDynamax": false
}
