{
  "implemented": true,
  "name": "Combee",
  "nationalPokedexNumber": 415,
  "primaryType": "bug",
  "secondaryType": "flying",
  "abilities": [
    "honeygather",
    "h:hustle"
  ],
  "drops": {
    "amount": 4,
    "entries": [
      {
        "item": "minecraft:honey_bottle",
        "quantityRange": "0-1"
      },
      {
        "item": "minecraft:honeycomb",
        "percentage": 2.5
      },
      {
        "item": "cobblemon:poison_barb",
        "percentage": 2.5
      },
      {
        "item": "cobblemon:charti_berry",
        "percentage": 2.5
      }
    ]
  },
  "baseStats": {
    "hp": 30,
    "attack": 30,
    "defence": 42,
    "special_attack": 30,
    "special_defence": 42,
    "speed": 70
  },
  "catchRate": 120,
  "maleRatio": 0.875,
  "shoulderMountable": false,
  "baseExperienceYield": 49,
  "experienceGroup": "medium_slow",
  "eggCycles": 15,
  "eggGroups": [
    "bug"
  ],
  "behaviour": {
    "resting": {
      "canSleep": true,
      "depth": "normal",
      "light": "0-4"
    },
    "moving": {
      "fly": {
        "canFly": true,
        "flySpeedHorizontal": 0.6
      }
    }
  },
  "moves": [
    "1:bugbite",
    "1:gust",
    "1:strugglebug",
    "1:sweetscent",
    "13:bugbite",
    "29:bugbuzz",
    "100:bugbite",
    "100:bugbuzz",
    "100:endeavor",
    "100:lunge",
    "100:skittersmack",
    "100:sleeptalk",
    "100:snore",
    "100:strugglebug",
    "100:terablast",
    "100:aircutter",
    "100:bugbite",
    "100:dualwingbeat",
    "100:endeavor",
    "100:gust",
    "100:mudslap",
    "100:ominouswind",
    "100:snore",
    "100:stringshot",
    "100:swift",
    "100:tailwind"
  ],
  "labels": [
    "gen4"
  ],
  "pokedex": [
    "cobblemon.species.combee.desc"
  ],
  "evolutions": [
    {
      "id": "combee_vespiquen",
      "variant": "level_up",
      "result": "vespiquen",
      "consumeHeldItem": false,
      "learnableMoves": [
        "slash"
      ],
      "requirements": [
        {
          "variant": "level",
          "minLevel": 21
        },
        {
          "variant": "properties",
          "target": "gender=female"
        }
      ]
    }
  ],
  "baseScale": 0.6,
  "hitbox": {
    "width": 0.6,
    "height": 1,
    "fixed": false
  },
  "baseFriendship": 50,
  "evYield": {
    "hp": 0,
    "attack": 0,
    "defence": 0,
    "special_attack": 0,
    "special_defence": 0,
    "speed": 1
  },
  "height": 3,
  "weight": 55,
  "aspects": [],
  "cannotDynamax": false
}
