{
  "implemented": true,
  "name": "Cranidos",
  "nationalPokedexNumber": 408,
  "primaryType": "rock",
  "abilities": [
    "moldbreaker",
    "h:sheerforce"
  ],
  "drops": {
    "amount": 1,
    "entries": [
      {
        "item": "minecraft:bones",
        "quantityRange": "0-1"
      }
    ]
  },
  "baseStats": {
    "hp": 67,
    "attack": 125,
    "defence": 40,
    "special_attack": 30,
    "special_defence": 30,
    "speed": 58
  },
  "catchRate": 45,
  "maleRatio": 0.875,
  "shoulderMountable": false,
  "baseExperienceYield": 70,
  "experienceGroup": "erratic",
  "eggCycles": 30,
  "eggGroups": [
    "monster"
  ],
  "behaviour": {
    "resting": {
      "canSleep": true,
      "willSleepOnBed": false,
      "depth": "normal",
      "light": "0-4"
    },
    "moving" : {
      "walk": {
        "walkSpeed": 0.18
      }
    }
  },
  "moves": [
    "1:headbutt",
    "1:leer",
    "6:focusenergy",
    "10:pursuit",
    "10:rocksmash",
    "15:takedown",
    "19:scaryface",
    "24:assurance",
    "28:ancientpower",
    "28:chipaway",
    "28:slam",
    "33:ancientpower",
    "33:zenheadbutt",
    "37:screech",
    "37:zenheadbutt",
    "42:screech",
    "43:headsmash",
    "46:headsmash",
    "100:crunch",
    "100:curse",
    "100:doubleedge",
    "100:hammerarm",
    "100:ironhead",
    "100:irontail",
    "100:leer",
    "100:slam",
    "100:stomp",
    "100:thrash",
    "100:whirlwind",
    "100:attract",
    "100:blizzard",
    "100:bodyslam",
    "100:bulldoze",
    "100:captivate",
    "100:confide",
    "100:crunch",
    "100:curse",
    "100:dig",
    "100:doubleedge",
    "100:doubleteam",
    "100:dragoncheer",
    "100:dragonpulse",
    "100:earthpower",
    "100:earthquake",
    "100:endeavor",
    "100:endure",
    "100:facade",
    "100:fireblast",
    "100:firepunch",
    "100:flamethrower",
    "100:fling",
    "100:frustration",
    "100:hiddenpower",
    "100:icebeam",
    "100:incinerate",
    "100:ironhead",
    "100:irontail",
    "100:mudslap",
    "100:naturalgift",
    "100:payback",
    "100:poweruppunch",
    "100:protect",
    "100:raindance",
    "100:rest",
    "100:return",
    "100:roar",
    "100:rockblast",
    "100:rockclimb",
    "100:rockpolish",
    "100:rockslide",
    "100:rocksmash",
    "100:rocktomb",
    "100:round",
    "100:sandstorm",
    "100:scaryface",
    "100:secretpower",
    "100:shockwave",
    "100:sleeptalk",
    "100:smackdown",
    "100:stealthrock",
    "100:stompingtantrum",
    "100:stoneedge",
    "100:strength",
    "100:substitute",
    "100:sunnyday",
    "100:swagger",
    "100:swordsdance",
    "100:takedown",
    "100:terablast",
    "100:thief",
    "100:thunder",
    "100:thunderbolt",
    "100:thunderpunch",
    "100:toxic",
    "100:trailblaze",
    "100:uproar",
    "100:zenheadbutt",
    "100:ancientpower",
    "100:crunch",
    "100:dragonpulse",
    "100:earthpower",
    "100:endeavor",
    "100:firepunch",
    "100:headbutt",
    "100:ironhead",
    "100:irontail",
    "100:mudslap",
    "100:pursuit",
    "100:shockwave",
    "100:sleeptalk",
    "100:snore",
    "100:spite",
    "100:stealthrock",
    "100:superpower",
    "100:takedown",
    "100:thunderpunch",
    "100:uproar",
    "100:zenheadbutt"
  ],
  "labels": [
    "gen4"
  ],
  "pokedex": [
    "cobblemon.species.cranidos.desc"
  ],
  "evolutions": [
    {
      "id": "cranidos_rampardos",
      "variant": "level_up",
      "result": "rampardos",
      "consumeHeldItem": false,
      "learnableMoves": [
        "endeavor"
      ],
      "requirements": [
        {
          "variant": "level",
          "minLevel": 30
        }
      ]
    }
  ],
  "baseScale": 0.8,
  "hitbox": {
    "width": 0.7,
    "height": 1.15,
    "fixed": false
  },
  "baseFriendship": 70,
  "evYield": {
    "hp": 0,
    "attack": 1,
    "defence": 0,
    "special_attack": 0,
    "special_defence": 0,
    "speed": 0
  },
  "height": 9,
  "weight": 315,
  "aspects": [],
  "cannotDynamax": false
}
