{
  "name": "Darkrai",
  "nationalPokedexNumber": 491,
  "primaryType": "dark",
  "abilities": [
    "baddreams"
  ],
  "drops": {
    "amount": 5,
    "entries": [
      {
        "item": "minecraft:phantom_membrane",
        "quantityRange": "2-4"
      },
      {
        "item": "cobblemon:reaper_cloth"
      }
    ]
  },
  "baseStats": {
    "hp": 70,
    "attack": 90,
    "defence": 90,
    "special_attack": 135,
    "special_defence": 90,
    "speed": 125
  },
  "catchRate": 3,
  "maleRatio": -1,
  "shoulderMountable": false,
  "baseExperienceYield": 270,
  "experienceGroup": "slow",
  "eggCycles": 120,
  "eggGroups": [
    "undiscovered"
  ],
  "moves": [
    "1:disable",
    "1:nightshade",
    "1:ominouswind",
    "11:quickattack",
    "20:hypnosis",
    "29:feintattack",
    "29:pursuit",
    "29:suckerpunch",
    "38:nightmare",
    "38:nightshade",
    "47:doubleteam",
    "57:haze",
    "66:darkvoid",
    "75:embargo",
    "75:nastyplot",
    "84:dreameater",
    "93:darkpulse",
    "100:aerialace",
    "100:blizzard",
    "100:brickbreak",
    "100:calmmind",
    "100:chargebeam",
    "100:confide",
    "100:confuseray",
    "100:curse",
    "100:cut",
    "100:darkpulse",
    "100:doubleteam",
    "100:drainpunch",
    "100:dreameater",
    "100:embargo",
    "100:endure",
    "100:facade",
    "100:flash",
    "100:fling",
    "100:focusblast",
    "100:focuspunch",
    "100:foulplay",
    "100:frustration",
    "100:gigaimpact",
    "100:haze",
    "100:hex",
    "100:hiddenpower",
    "100:hyperbeam",
    "100:icebeam",
    "100:icywind",
    "100:incinerate",
    "100:knockoff",
    "100:lashout",
    "100:nastyplot",
    "100:naturalgift",
    "100:nightshade",
    "100:payback",
    "100:poisonjab",
    "100:poweruppunch",
    "100:protect",
    "100:psychic",
    "100:psychup",
    "100:psyshock",
    "100:raindance",
    "100:rest",
    "100:retaliate",
    "100:return",
    "100:rockclimb",
    "100:rockslide",
    "100:rocksmash",
    "100:rocktomb",
    "100:round",
    "100:scaryface",
    "100:secretpower",
    "100:shadowball",
    "100:shadowclaw",
    "100:shockwave",
    "100:sleeptalk",
    "100:sludgebomb",
    "100:snarl",
    "100:snatch",
    "100:spite",
    "100:strength",
    "100:substitute",
    "100:sunnyday",
    "100:swagger",
    "100:swift",
    "100:swordsdance",
    "100:taunt",
    "100:terablast",
    "100:thief",
    "100:throatchop",
    "100:thunder",
    "100:thunderbolt",
    "100:thunderwave",
    "100:torment",
    "100:toxic",
    "100:trick",
    "100:willowisp",
    "100:xscissor",
    "100:darkvoid",
    "100:doubleteam",
    "100:drainpunch",
    "100:feintattack",
    "100:focuspunch",
    "100:foulplay",
    "100:headbutt",
    "100:icywind",
    "100:knockoff",
    "100:lastresort",
    "100:mudslap",
    "100:nightmare",
    "100:ominouswind",
    "100:phantomforce",
    "100:pursuit",
    "100:quickattack",
    "100:roaroftime",
    "100:shockwave",
    "100:sleeptalk",
    "100:snatch",
    "100:snore",
    "100:spacialrend",
    "100:spite",
    "100:suckerpunch",
    "100:swift",
    "100:throatchop",
    "100:trick",
    "100:wonderroom"
  ],
  "labels": [
    "gen4",
    "mythical",
    "legendary"
  ],
  "pokedex": [
    "cobblemon.species.darkrai.desc"
  ],
  "evolutions": [],
  "baseScale": 1,
  "hitbox": {
    "width": 1,
    "height": 1,
    "fixed": false
  },
  "baseFriendship": 0,
  "evYield": {
    "hp": 0,
    "attack": 0,
    "defence": 0,
    "special_attack": 2,
    "special_defence": 0,
    "speed": 1
  },
  "height": 15,
  "weight": 505,
  "aspects": [],
  "cannotDynamax": false
}
