{
  "name": "Drapion",
  "nationalPokedexNumber": 452,
  "primaryType": "poison",
  "secondaryType": "dark",
  "abilities": [
    "battlearmor",
    "sniper",
    "h:keeneye"
  ],
  "drops": {
    "amount": 2,
    "entries": [
      {
        "item": "cobblemon:poison_barb",
        "percentage": 5.0
      },
      {
        "item": "cobblemon:bluk_berry",
        "percentage": 5.0
      }
    ]
  },
  "baseStats": {
    "hp": 70,
    "attack": 90,
    "defence": 110,
    "special_attack": 60,
    "special_defence": 75,
    "speed": 95
  },
  "catchRate": 45,
  "maleRatio": 0.5,
  "shoulderMountable": false,
  "baseExperienceYield": 175,
  "experienceGroup": "slow",
  "eggCycles": 20,
  "eggGroups": [
    "bug",
    "water_3"
  ],
  "moves": [
    "1:bite",
    "1:fellstinger",
    "1:firefang",
    "1:honeclaws",
    "1:icefang",
    "1:knockoff",
    "1:leer",
    "1:pinmissile",
    "1:poisonsting",
    "1:thunderfang",
    "9:pinmissile",
    "9:poisonfang",
    "12:bite",
    "12:pinmissile",
    "13:acupressure",
    "15:toxicspikes",
    "16:pursuit",
    "17:acupressure",
    "18:bugbite",
    "20:bugbite",
    "21:venoshock",
    "23:poisonfang",
    "23:scaryface",
    "24:knockoff",
    "27:scaryface",
    "27:venoshock",
    "28:toxicspikes",
    "30:honeclaws",
    "30:pinmissile",
    "33:toxic",
    "34:bugbite",
    "34:toxicspikes",
    "36:nightslash",
    "38:nightslash",
    "39:crosspoison",
    "39:poisonfang",
    "43:scaryface",
    "44:xscissor",
    "48:honeclaws",
    "49:acupressure",
    "49:crunch",
    "53:fellstinger",
    "54:crunch",
    "56:venoshock",
    "57:crosspoison",
    "58:crosspoison",
    "65:crunch",
    "73:crosspoison",
    "100:aerialace",
    "100:agility",
    "100:assurance",
    "100:attract",
    "100:brickbreak",
    "100:brutalswing",
    "100:bugbuzz",
    "100:bulldoze",
    "100:captivate",
    "100:confide",
    "100:crosspoison",
    "100:crunch",
    "100:cut",
    "100:darkpulse",
    "100:dig",
    "100:doubleteam",
    "100:earthquake",
    "100:endure",
    "100:facade",
    "100:falseswipe",
    "100:firefang",
    "100:flash",
    "100:fling",
    "100:frustration",
    "100:gigaimpact",
    "100:hiddenpower",
    "100:honeclaws",
    "100:hyperbeam",
    "100:icefang",
    "100:infestation",
    "100:irondefense",
    "100:irontail",
    "100:leechlife",
    "100:naturalgift",
    "100:payback",
    "100:pinmissile",
    "100:poisonjab",
    "100:protect",
    "100:raindance",
    "100:rest",
    "100:retaliate",
    "100:return",
    "100:roar",
    "100:rockclimb",
    "100:rockslide",
    "100:rocksmash",
    "100:rocktomb",
    "100:round",
    "100:sandtomb",
    "100:scaryface",
    "100:screech",
    "100:secretpower",
    "100:shadowball",
    "100:sleeptalk",
    "100:sludgebomb",
    "100:snarl",
    "100:snore",
    "100:stompingtantrum",
    "100:strength",
    "100:strugglebug",
    "100:substitute",
    "100:sunnyday",
    "100:swagger",
    "100:swordsdance",
    "100:taunt",
    "100:thief",
    "100:throatchop",
    "100:thunderfang",
    "100:torment",
    "100:toxic",
    "100:toxicspikes",
    "100:venomdrench",
    "100:venoshock",
    "100:xscissor",
    "100:aquatail",
    "100:bugbite",
    "100:darkpulse",
    "100:furycutter",
    "100:headbutt",
    "100:irontail",
    "100:knockoff",
    "100:lashout",
    "100:mudslap",
    "100:skittersmack",
    "100:sleeptalk",
    "100:snore",
    "100:stompingtantrum",
    "100:throatchop"
  ],
  "labels": [
    "gen4"
  ],
  "pokedex": [
    "cobblemon.species.drapion.desc"
  ],
  "preEvolution": "skorupi",
  "evolutions": [],
  "baseScale": 1,
  "hitbox": {
    "width": 1,
    "height": 1,
    "fixed": false
  },
  "baseFriendship": 50,
  "evYield": {
    "hp": 0,
    "attack": 0,
    "defence": 2,
    "special_attack": 0,
    "special_defence": 0,
    "speed": 0
  },
  "height": 13,
  "weight": 615,
  "aspects": [],
  "cannotDynamax": false
}
