{
  "implemented": true,
  "name": "Drifblim",
  "nationalPokedexNumber": 426,
  "primaryType": "ghost",
  "secondaryType": "flying",
  "abilities": [
    "aftermath",
    "unburden",
    "h:flareboost"
  ],
  "drops": {
    "amount": 3,
    "entries": [
      {
        "item": "minecraft:phantom_membrane",
        "percentage": 5.0
      },
      {
        "item": "cobblemon:kasib_berry",
        "percentage": 5.0
      },
      {
        "item": "cobblemon:air_balloon",
        "percentage": 5.0
      }
    ]
  },
  "baseStats": {
    "hp": 150,
    "attack": 80,
    "defence": 44,
    "special_attack": 90,
    "special_defence": 54,
    "speed": 80
  },
  "catchRate": 60,
  "maleRatio": 0.5,
  "shoulderMountable": false,
  "baseExperienceYield": 174,
  "experienceGroup": "fluctuating",
  "eggCycles": 30,
  "eggGroups": [
    "amorphous"
  ],
  "behaviour": {
    "moving": {
      "fly": {
        "canFly": true
      }
    },
    "resting": {
      "canSleep": true,
      "willSleepOnBed": false,
      "depth": "normal",
      "light": "0-4"
    }
  },
  "moves": [
    "1:astonish",
    "1:constrict",
    "1:focusenergy",
    "1:gust",
    "1:minimize",
    "1:phantomforce",
    "1:strengthsap",
    "12:payback",
    "13:focusenergy",
    "14:focusenergy",
    "16:hex",
    "16:payback",
    "17:payback",
    "20:ominouswind",
    "20:shadowball",
    "22:hex",
    "22:stockpile",
    "24:spitup",
    "24:stockpile",
    "24:swallow",
    "25:stockpile",
    "27:hex",
    "27:spitup",
    "27:stockpile",
    "27:swallow",
    "31:selfdestruct",
    "32:ominouswind",
    "32:spitup",
    "32:swallow",
    "34:spitup",
    "34:swallow",
    "36:destinybond",
    "37:batonpass",
    "37:ominouswind",
    "40:shadowball",
    "42:batonpass",
    "44:batonpass",
    "44:shadowball",
    "46:amnesia",
    "48:tailwind",
    "51:explosion",
    "51:shadowball",
    "52:batonpass",
    "54:explosion",
    "56:explosion",
    "60:explosion",
    "100:acrobatics",
    "100:aerialace",
    "100:aircutter",
    "100:airslash",
    "100:allyswitch",
    "100:amnesia",
    "100:attract",
    "100:batonpass",
    "100:bodyslam",
    "100:brutalswing",
    "100:calmmind",
    "100:captivate",
    "100:chargebeam",
    "100:confide",
    "100:curse",
    "100:cut",
    "100:defog",
    "100:doubleteam",
    "100:dreameater",
    "100:embargo",
    "100:endure",
    "100:explosion",
    "100:facade",
    "100:flash",
    "100:fling",
    "100:fly",
    "100:focusenergy",
    "100:frustration",
    "100:gigaimpact",
    "100:gyroball",
    "100:haze",
    "100:helpinghand",
    "100:hex",
    "100:hiddenpower",
    "100:hyperbeam",
    "100:icywind",
    "100:imprison",
    "100:knockoff",
    "100:naturalgift",
    "100:nightshade",
    "100:painsplit",
    "100:payback",
    "100:phantomforce",
    "100:protect",
    "100:psybeam",
    "100:psychic",
    "100:psychup",
    "100:raindance",
    "100:recycle",
    "100:rest",
    "100:return",
    "100:round",
    "100:secretpower",
    "100:selfdestruct",
    "100:shadowball",
    "100:shockwave",
    "100:silverwind",
    "100:skillswap",
    "100:sleeptalk",
    "100:snore",
    "100:spite",
    "100:storedpower",
    "100:substitute",
    "100:sunnyday",
    "100:swagger",
    "100:swift",
    "100:tailwind",
    "100:telekinesis",
    "100:temperflare",
    "100:terablast",
    "100:thief",
    "100:thunder",
    "100:thunderbolt",
    "100:thunderwave",
    "100:toxic",
    "100:trick",
    "100:trickroom",
    "100:weatherball",
    "100:willowisp",
    "100:aircutter",
    "100:allyswitch",
    "100:bind",
    "100:defog",
    "100:icywind",
    "100:knockoff",
    "100:magiccoat",
    "100:mudslap",
    "100:ominouswind",
    "100:painsplit",
    "100:recycle",
    "100:rollout",
    "100:shockwave",
    "100:skillswap",
    "100:sleeptalk",
    "100:snore",
    "100:spite",
    "100:suckerpunch",
    "100:swift",
    "100:tailwind",
    "100:telekinesis",
    "100:trick"
  ],
  "labels": [
    "gen4"
  ],
  "pokedex": [
    "cobblemon.species.drifblim.desc"
  ],
  "preEvolution": "drifloon",
  "evolutions": [],
  "baseScale": 1,
  "hitbox": {
    "width": 1.6,
    "height": 3.25,
    "fixed": false
  },
  "baseFriendship": 50,
  "evYield": {
    "hp": 2,
    "attack": 0,
    "defence": 0,
    "special_attack": 0,
    "special_defence": 0,
    "speed": 0
  },
  "height": 12,
  "weight": 150,
  "aspects": [],
  "cannotDynamax": false
}
