{
  "implemented": true,
  "name": "Electivire",
  "nationalPokedexNumber": 466,
  "primaryType": "electric",
  "abilities": [
    "motordrive",
    "h:vitalspirit"
  ],
  "drops": {
    "amount": 5,
    "entries": [
      {
        "item": "minecraft:redstone",
        "quantityRange": "0-3"
      },
      {
        "item": "cobblemon:electirizer",
        "percentage": 10.0
      },
      {
        "item": "cobblemon:cheri_berry",
        "percentage": 10.0
      }
    ]
  },
  "baseStats": {
    "hp": 75,
    "attack": 123,
    "defence": 67,
    "special_attack": 95,
    "special_defence": 85,
    "speed": 95
  },
  "catchRate": 30,
  "maleRatio": 0.75,
  "shoulderMountable": false,
  "baseExperienceYield": 270,
  "experienceGroup": "medium_fast",
  "eggCycles": 25,
  "eggGroups": [
    "human_like"
  ],
  "moves": [
    "1:charge",
    "1:electricterrain",
    "1:firepunch",
    "1:iondeluge",
    "1:leer",
    "1:lowkick",
    "1:quickattack",
    "1:thundershock",
    "12:swift",
    "15:shockwave",
    "16:shockwave",
    "16:swift",
    "19:shockwave",
    "19:thunderwave",
    "20:thunderwave",
    "21:shockwave",
    "22:electroball",
    "24:screech",
    "25:lightscreen",
    "26:lightscreen",
    "28:thunderpunch",
    "29:thunderpunch",
    "32:electroball",
    "34:discharge",
    "36:discharge",
    "37:discharge",
    "38:thunderpunch",
    "40:lowkick",
    "42:screech",
    "43:thunderbolt",
    "44:discharge",
    "46:thunderbolt",
    "49:thunderbolt",
    "50:thunderbolt",
    "52:lightscreen",
    "52:screech",
    "55:thunder",
    "56:screech",
    "58:thunder",
    "62:gigaimpact",
    "62:thunder",
    "64:gigaimpact",
    "67:gigaimpact",
    "68:gigaimpact",
    "100:attract",
    "100:bodyslam",
    "100:brickbreak",
    "100:bulkup",
    "100:bulldoze",
    "100:captivate",
    "100:charge",
    "100:chargebeam",
    "100:confide",
    "100:darkestlariat",
    "100:dig",
    "100:doubleedge",
    "100:doubleteam",
    "100:earthquake",
    "100:eerieimpulse",
    "100:electricterrain",
    "100:electroball",
    "100:electroweb",
    "100:endure",
    "100:facade",
    "100:firepunch",
    "100:flamethrower",
    "100:flash",
    "100:fling",
    "100:focusblast",
    "100:focuspunch",
    "100:frustration",
    "100:gigaimpact",
    "100:helpinghand",
    "100:hiddenpower",
    "100:hyperbeam",
    "100:icepunch",
    "100:irontail",
    "100:knockoff",
    "100:lightscreen",
    "100:lowkick",
    "100:lowsweep",
    "100:megakick",
    "100:megapunch",
    "100:metalsound",
    "100:metronome",
    "100:naturalgift",
    "100:poweruppunch",
    "100:protect",
    "100:psychic",
    "100:raindance",
    "100:reflect",
    "100:rest",
    "100:return",
    "100:rockclimb",
    "100:rockslide",
    "100:rocksmash",
    "100:rocktomb",
    "100:round",
    "100:screech",
    "100:secretpower",
    "100:shockwave",
    "100:sleeptalk",
    "100:snore",
    "100:stompingtantrum",
    "100:strength",
    "100:substitute",
    "100:supercellslam",
    "100:swagger",
    "100:swift",
    "100:takedown",
    "100:taunt",
    "100:terablast",
    "100:thief",
    "100:thunder",
    "100:thunderbolt",
    "100:thunderpunch",
    "100:thunderwave",
    "100:torment",
    "100:toxic",
    "100:trailblaze",
    "100:uproar",
    "100:voltswitch",
    "100:weatherball",
    "100:wildcharge",
    "100:covet",
    "100:crosschop",
    "100:discharge",
    "100:dualchop",
    "100:earthquake",
    "100:electroweb",
    "100:firepunch",
    "100:focuspunch",
    "100:headbutt",
    "100:helpinghand",
    "100:icepunch",
    "100:irontail",
    "100:lightscreen",
    "100:lowkick",
    "100:magnetrise",
    "100:mudslap",
    "100:risingvoltage",
    "100:shockwave",
    "100:signalbeam",
    "100:sleeptalk",
    "100:snore",
    "100:stompingtantrum",
    "100:swift",
    "100:thunderbolt",
    "100:thunderpunch"
  ],
  "labels": [
    "gen4"
  ],
  "pokedex": [
    "cobblemon.species.electivire.desc"
  ],
  "preEvolution": "electabuzz",
  "evolutions": [],
  "baseScale": 1.35,
  "hitbox": {
    "width": 1,
    "height": 2.1,
    "fixed": false
  },
  "baseFriendship": 50,
  "evYield": {
    "hp": 0,
    "attack": 3,
    "defence": 0,
    "special_attack": 0,
    "special_defence": 0,
    "speed": 0
  },
  "height": 18,
  "weight": 1386,
  "aspects": [],
  "cannotDynamax": false
}
