{
  "implemented": true,
  "name": "Floatzel",
  "nationalPokedexNumber": 419,
  "primaryType": "water",
  "abilities": [
    "swiftswim",
    "h:waterveil"
  ],
  "drops": {
    "amount": 3,
    "entries": [
      {
        "item": "minecraft:salmon",
        "quantityRange": "0-2"
      },
      {
        "item": "cobblemon:wacan_berry",
        "percentage": 5.0
      }
    ]
  },
  "baseStats": {
    "hp": 85,
    "attack": 105,
    "defence": 55,
    "special_attack": 85,
    "special_defence": 50,
    "speed": 115
  },
  "catchRate": 75,
  "maleRatio": 0.5,
  "shoulderMountable": false,
  "baseExperienceYield": 173,
  "experienceGroup": "medium_fast",
  "eggCycles": 20,
  "eggGroups": [
    "water_1",
    "field"
  ],
  "behaviour": {
    "moving": {
      "swim": {
        "swimSpeed": 0.5,
        "canSwimInWater": true,
        "canBreatheUnderwater": true
      }
    }
  },
  "moves": [
    "1:crunch",
    "1:growl",
    "1:icefang",
    "1:quickattack",
    "1:soak",
    "1:sonicboom",
    "1:watersport",
    "6:watergun",
    "10:pursuit",
    "15:swift",
    "15:watergun",
    "18:bite",
    "18:pursuit",
    "21:aquajet",
    "21:swift",
    "24:aquajet",
    "26:crunch",
    "29:agility",
    "29:doublehit",
    "35:whirlpool",
    "39:whirlpool",
    "41:liquidation",
    "41:razorwind",
    "46:aquatail",
    "50:razorwind",
    "51:agility",
    "57:hydropump",
    "62:aquatail",
    "62:wavecrash",
    "100:agility",
    "100:attract",
    "100:batonpass",
    "100:blizzard",
    "100:bodyslam",
    "100:brickbreak",
    "100:brine",
    "100:bulkup",
    "100:captivate",
    "100:chillingwater",
    "100:confide",
    "100:crunch",
    "100:dig",
    "100:dive",
    "100:doubleedge",
    "100:doubleteam",
    "100:echoedvoice",
    "100:endure",
    "100:facade",
    "100:fling",
    "100:flipturn",
    "100:focusblast",
    "100:focuspunch",
    "100:frustration",
    "100:gigaimpact",
    "100:hail",
    "100:helpinghand",
    "100:hiddenpower",
    "100:hydropump",
    "100:hyperbeam",
    "100:icebeam",
    "100:icefang",
    "100:icepunch",
    "100:icespinner",
    "100:icywind",
    "100:irontail",
    "100:liquidation",
    "100:lowkick",
    "100:lowsweep",
    "100:metronome",
    "100:muddywater",
    "100:mudslap",
    "100:naturalgift",
    "100:payback",
    "100:poweruppunch",
    "100:protect",
    "100:raindance",
    "100:rest",
    "100:return",
    "100:roar",
    "100:rocksmash",
    "100:rocktomb",
    "100:round",
    "100:scald",
    "100:scaryface",
    "100:secretpower",
    "100:sleeptalk",
    "100:snarl",
    "100:strength",
    "100:substitute",
    "100:surf",
    "100:swagger",
    "100:swift",
    "100:takedown",
    "100:taunt",
    "100:terablast",
    "100:thief",
    "100:torment",
    "100:toxic",
    "100:waterfall",
    "100:waterpulse",
    "100:whirlpool",
    "100:aquatail",
    "100:dive",
    "100:focuspunch",
    "100:headbutt",
    "100:helpinghand",
    "100:icepunch",
    "100:icywind",
    "100:irontail",
    "100:liquidation",
    "100:lowkick",
    "100:mudslap",
    "100:sleeptalk",
    "100:snore",
    "100:swift",
    "100:waterpulse"
  ],
  "labels": [
    "gen4"
  ],
  "pokedex": [
    "cobblemon.species.floatzel.desc"
  ],
  "preEvolution": "buizel",
  "evolutions": [],
  "baseScale": 0.9,
  "hitbox": {
    "width": 0.9,
    "height": 1.7,
    "fixed": false
  },
  "baseFriendship": 70,
  "evYield": {
    "hp": 0,
    "attack": 0,
    "defence": 0,
    "special_attack": 0,
    "special_defence": 0,
    "speed": 2
  },
  "height": 11,
  "weight": 335,
  "aspects": [],
  "cannotDynamax": false
}
