{
  "implemented": true,
  "name": "Gabite",
  "nationalPokedexNumber": 444,
  "primaryType": "dragon",
  "secondaryType": "ground",
  "abilities": [
    "sandveil",
    "h:roughskin"
  ],
  "drops": {
    "amount": 2,
    "entries": [
      {
        "item": "cobblemon:dragon_fang",
        "percentage": 5.0
      },
      {
        "item": "cobblemon:haban_berry",
        "percentage": 5.0
      }
    ]
  },
  "baseStats": {
    "hp": 68,
    "attack": 90,
    "defence": 65,
    "special_attack": 50,
    "special_defence": 55,
    "speed": 82
  },
  "catchRate": 45,
  "maleRatio": 0.5,
  "shoulderMountable": false,
  "baseExperienceYield": 144,
  "experienceGroup": "slow",
  "eggCycles": 40,
  "eggGroups": [
    "monster",
    "dragon"
  ],
  "moves": [
    "1:dragonbreath",
    "1:dragonrage",
    "1:dualchop",
    "1:sandattack",
    "1:sandtomb",
    "1:tackle",
    "7:dragonrage",
    "13:sandstorm",
    "15:takedown",
    "18:bulldoze",
    "19:sandtomb",
    "24:dualchop",
    "27:bite",
    "34:slash",
    "42:dragonclaw",
    "50:dig",
    "58:sandstorm",
    "66:takedown",
    "74:dragonrush",
    "100:aerialace",
    "100:attract",
    "100:bodyslam",
    "100:breakingswipe",
    "100:bulldoze",
    "100:captivate",
    "100:confide",
    "100:crunch",
    "100:cut",
    "100:dig",
    "100:doubleedge",
    "100:doubleteam",
    "100:dracometeor",
    "100:dragoncheer",
    "100:dragonclaw",
    "100:dragonpulse",
    "100:dragontail",
    "100:earthpower",
    "100:earthquake",
    "100:endure",
    "100:facade",
    "100:falseswipe",
    "100:fireblast",
    "100:firefang",
    "100:flamethrower",
    "100:frustration",
    "100:helpinghand",
    "100:hiddenpower",
    "100:honeclaws",
    "100:incinerate",
    "100:ironhead",
    "100:irontail",
    "100:metalclaw",
    "100:mudshot",
    "100:naturalgift",
    "100:outrage",
    "100:powergem",
    "100:protect",
    "100:raindance",
    "100:rest",
    "100:return",
    "100:roar",
    "100:rockclimb",
    "100:rockslide",
    "100:rocksmash",
    "100:rocktomb",
    "100:round",
    "100:sandstorm",
    "100:sandtomb",
    "100:scaleshot",
    "100:scaryface",
    "100:scorchingsands",
    "100:secretpower",
    "100:shadowclaw",
    "100:sleeptalk",
    "100:snore",
    "100:stealthrock",
    "100:stoneedge",
    "100:strength",
    "100:substitute",
    "100:sunnyday",
    "100:swagger",
    "100:swift",
    "100:swordsdance",
    "100:takedown",
    "100:terablast",
    "100:thunderfang",
    "100:toxic",
    "100:dracometeor",
    "100:dragonpulse",
    "100:dualchop",
    "100:earthpower",
    "100:furycutter",
    "100:headbutt",
    "100:ironhead",
    "100:irontail",
    "100:laserfocus",
    "100:mudslap",
    "100:outrage",
    "100:scaleshot",
    "100:scorchingsands",
    "100:sleeptalk",
    "100:snore",
    "100:stealthrock",
    "100:swift",
    "100:twister"
  ],
  "labels": [
    "gen4"
  ],
  "pokedex": [
    "cobblemon.species.gabite.desc"
  ],
  "preEvolution": "gible",
  "evolutions": [
    {
      "id": "gabite_garchomp",
      "variant": "level_up",
      "result": "garchomp",
      "consumeHeldItem": false,
      "learnableMoves": [
        "crunch"
      ],
      "requirements": [
        {
          "variant": "level",
          "minLevel": 48
        }
      ]
    }
  ],
  "baseScale": 1.2,
  "hitbox": {
    "width": 1,
    "height": 1.5,
    "fixed": false
  },
  "baseFriendship": 50,
  "evYield": {
    "hp": 0,
    "attack": 2,
    "defence": 0,
    "special_attack": 0,
    "special_defence": 0,
    "speed": 0
  },
  "height": 14,
  "weight": 560,
  "aspects": [],
  "cannotDynamax": false
}
