{
  "implemented": true,
  "name": "Gliscor",
  "nationalPokedexNumber": 472,
  "primaryType": "ground",
  "secondaryType": "flying",
  "abilities": [
    "hypercutter",
    "sandveil",
    "h:poisonheal"
  ],
  "drops": {
    "amount": 4,
    "entries": [
      {
        "item": "minecraft:phantom_membrane",
        "percentage": 5.0
      },
      {
        "item": "cobblemon:razor_fang",
        "percentage": 5.0
      },
      {
        "item": "cobblemon:poison_barb",
        "percentage": 5.0
      },
      {
        "item": "cobblemon:yache_berry",
        "percentage": 5.0
      }
    ]
  },
  "baseStats": {
    "hp": 75,
    "attack": 95,
    "defence": 125,
    "special_attack": 45,
    "special_defence": 75,
    "speed": 95
  },
  "catchRate": 30,
  "maleRatio": 0.5,
  "shoulderMountable": false,
  "baseExperienceYield": 179,
  "experienceGroup": "medium_slow",
  "eggCycles": 20,
  "eggGroups": [
    "bug"
  ],
  "moves": [
    "1:firefang",
    "1:guillotine",
    "1:harden",
    "1:icefang",
    "1:knockoff",
    "1:poisonjab",
    "1:sandattack",
    "1:thunderfang",
    "13:quickattack",
    "16:furycutter",
    "19:feintattack",
    "19:knockoff",
    "20:furycutter",
    "22:acrobatics",
    "27:nightslash",
    "27:screech",
    "30:uturn",
    "35:screech",
    "40:xscissor",
    "45:crabhammer",
    "45:guillotine",
    "50:swordsdance",
    "100:acrobatics",
    "100:aerialace",
    "100:agility",
    "100:attract",
    "100:batonpass",
    "100:breakingswipe",
    "100:brickbreak",
    "100:brutalswing",
    "100:bulldoze",
    "100:captivate",
    "100:confide",
    "100:crunch",
    "100:cut",
    "100:darkpulse",
    "100:defog",
    "100:dig",
    "100:doubleedge",
    "100:doubleteam",
    "100:dualwingbeat",
    "100:earthpower",
    "100:earthquake",
    "100:endure",
    "100:facade",
    "100:falseswipe",
    "100:firefang",
    "100:fling",
    "100:frustration",
    "100:gigaimpact",
    "100:gunkshot",
    "100:hiddenpower",
    "100:highhorsepower",
    "100:honeclaws",
    "100:hyperbeam",
    "100:icefang",
    "100:irontail",
    "100:knockoff",
    "100:lunge",
    "100:metalclaw",
    "100:mudshot",
    "100:mudslap",
    "100:naturalgift",
    "100:payback",
    "100:poisonjab",
    "100:poisontail",
    "100:protect",
    "100:psychicfangs",
    "100:raindance",
    "100:rest",
    "100:return",
    "100:rockpolish",
    "100:rockslide",
    "100:rocksmash",
    "100:rocktomb",
    "100:roost",
    "100:round",
    "100:sandstorm",
    "100:sandtomb",
    "100:scaleshot",
    "100:scaryface",
    "100:secretpower",
    "100:skittersmack",
    "100:sleeptalk",
    "100:sludgebomb",
    "100:spikes",
    "100:stealthrock",
    "100:steelwing",
    "100:stoneedge",
    "100:strength",
    "100:strugglebug",
    "100:substitute",
    "100:sunnyday",
    "100:swagger",
    "100:swift",
    "100:swordsdance",
    "100:tailwind",
    "100:takedown",
    "100:taunt",
    "100:terablast",
    "100:thief",
    "100:throatchop",
    "100:thunderfang",
    "100:torment",
    "100:toxic",
    "100:toxicspikes",
    "100:uturn",
    "100:venoshock",
    "100:xscissor",
    "100:aquatail",
    "100:bugbite",
    "100:darkpulse",
    "100:defog",
    "100:earthpower",
    "100:furycutter",
    "100:headbutt",
    "100:irontail",
    "100:knockoff",
    "100:mudslap",
    "100:roost",
    "100:skyattack",
    "100:sleeptalk",
    "100:snore",
    "100:stealthrock",
    "100:swift",
    "100:tailwind",
    "100:throatchop"
  ],
  "labels": [
    "gen4"
  ],
  "pokedex": [
    "cobblemon.species.gliscor.desc"
  ],
  "preEvolution": "gligar",
  "evolutions": [],
  "baseScale": 0.9,
  "hitbox": {
    "width": 0.9,
    "height": 1.5,
    "fixed": false
  },
  "baseFriendship": 70,
  "evYield": {
    "hp": 0,
    "attack": 0,
    "defence": 2,
    "special_attack": 0,
    "special_defence": 0,
    "speed": 0
  },
  "height": 20,
  "weight": 425,
  "aspects": [],
  "cannotDynamax": false
}
