{
  "implemented": true,
  "name": "Grotle",
  "nationalPokedexNumber": 388,
  "primaryType": "grass",
  "abilities": [
    "overgrow",
    "h:shellarmor"
  ],
  "drops": {
    "amount": 1,
    "entries": [
      {
        "item": "cobblemon:miracle_seed",
        "percentage": 10.0
      }
    ]
  },
  "baseStats": {
    "hp": 75,
    "attack": 89,
    "defence": 85,
    "special_attack": 55,
    "special_defence": 65,
    "speed": 36
  },
  "behaviour": {
    "resting": {
      "canSleep": true,
      "willSleepOnBed": false,
      "depth": "normal",
      "light": "0-4"
    },
    "moving": {
      "walk": {
        "walkSpeed": 0.2
      }
    }
  },
  "catchRate": 45,
  "maleRatio": 0.875,
  "shoulderMountable": false,
  "baseExperienceYield": 142,
  "experienceGroup": "medium_slow",
  "eggCycles": 20,
  "eggGroups": [
    "monster",
    "grass"
  ],
  "moves": [
    "1:absorb",
    "1:tackle",
    "1:withdraw",
    "9:absorb",
    "13:razorleaf",
    "17:curse",
    "22:bite",
    "27:megadrain",
    "32:leechseed",
    "37:synthesis",
    "42:crunch",
    "47:gigadrain",
    "52:leafstorm",
    "100:amnesia",
    "100:attract",
    "100:bodyslam",
    "100:bulldoze",
    "100:bulletseed",
    "100:captivate",
    "100:confide",
    "100:crunch",
    "100:curse",
    "100:cut",
    "100:doubleedge",
    "100:doubleteam",
    "100:earthpower",
    "100:endure",
    "100:energyball",
    "100:facade",
    "100:flash",
    "100:frustration",
    "100:gigadrain",
    "100:grassknot",
    "100:grasspledge",
    "100:grassyglide",
    "100:grassyterrain",
    "100:heavyslam",
    "100:hiddenpower",
    "100:ironhead",
    "100:irontail",
    "100:leafstorm",
    "100:lightscreen",
    "100:magicalleaf",
    "100:mudshot",
    "100:mudslap",
    "100:naturalgift",
    "100:naturepower",
    "100:protect",
    "100:reflect",
    "100:rest",
    "100:return",
    "100:roar",
    "100:rockclimb",
    "100:rocksmash",
    "100:round",
    "100:safeguard",
    "100:sandtomb",
    "100:secretpower",
    "100:seedbomb",
    "100:sleeptalk",
    "100:smackdown",
    "100:solarbeam",
    "100:stealthrock",
    "100:strength",
    "100:substitute",
    "100:sunnyday",
    "100:swagger",
    "100:swordsdance",
    "100:takedown",
    "100:terablast",
    "100:toxic",
    "100:trailblaze",
    "100:workup",
    "100:zenheadbutt",
    "100:earthpower",
    "100:gigadrain",
    "100:grasspledge",
    "100:headbutt",
    "100:irontail",
    "100:mudslap",
    "100:seedbomb",
    "100:sleeptalk",
    "100:snore",
    "100:stealthrock",
    "100:superpower",
    "100:synthesis",
    "100:worryseed"
  ],
  "labels": [
    "gen4"
  ],
  "pokedex": [
    "cobblemon.species.grotle.desc"
  ],
  "preEvolution": "turtwig",
  "evolutions": [
    {
      "id": "grotle_torterra_swamp",
      "variant": "level_up",
      "result": "torterra tree=swamp",
      "consumeHeldItem": true,
      "permanent": true,
      "learnableMoves": [],
      "requirements": [
        {
          "variant": "level",
          "minLevel": 32
        },
        {
          "variant": "held_item",
          "itemCondition": "minecraft:oak_sapling"
        },
        {
          "variant": "biome",
          "biomeCondition": "#cobblemon:is_swamp"
        }
      ]
    },
    {
      "id": "grotle_torterra_oak",
      "variant": "level_up",
      "result": "torterra tree=oak",
      "consumeHeldItem": true,
      "permanent": true,
      "learnableMoves": [],
      "requirements": [
        {
          "variant": "level",
          "minLevel": 32
        },
        {
          "variant": "held_item",
          "itemCondition": "minecraft:oak_sapling"
        }
      ]
    },
    {
      "id": "grotle_torterra_birch",
      "variant": "level_up",
      "result": "torterra tree=birch",
      "consumeHeldItem": true,
      "permanent": true,
      "learnableMoves": [],
      "requirements": [
        {
          "variant": "level",
          "minLevel": 32
        },
        {
          "variant": "held_item",
          "itemCondition": "minecraft:birch_sapling"
        }
      ]
    },
    {
      "id": "grotle_torterra_dark_oak",
      "variant": "level_up",
      "result": "torterra tree=darkoak",
      "consumeHeldItem": true,
      "permanent": true,
      "learnableMoves": [],
      "requirements": [
        {
          "variant": "level",
          "minLevel": 32
        },
        {
          "variant": "held_item",
          "itemCondition": "minecraft:dark_oak_sapling"
        }
      ]
    },
    {
      "id": "grotle_torterra_acacia",
      "variant": "level_up",
      "result": "torterra tree=acacia",
      "consumeHeldItem": true,
      "permanent": true,
      "learnableMoves": [],
      "requirements": [
        {
          "variant": "level",
          "minLevel": 32
        },
        {
          "variant": "held_item",
          "itemCondition": "minecraft:acacia_sapling"
        }
      ]
    },
    {
      "id": "grotle_torterra_azalea",
      "variant": "level_up",
      "result": "torterra tree=azalea",
      "consumeHeldItem": true,
      "permanent": true,
      "learnableMoves": [],
      "requirements": [
        {
          "variant": "level",
          "minLevel": 32
        },
        {
          "variant": "held_item",
          "itemCondition": "#cobblemon:azalea_tree"
        }
      ]
    },
    {
      "id": "grotle_torterra_jungle",
      "variant": "level_up",
      "result": "torterra tree=jungle",
      "consumeHeldItem": true,
      "permanent": true,
      "learnableMoves": [],
      "requirements": [
        {
          "variant": "level",
          "minLevel": 32
        },
        {
          "variant": "held_item",
          "itemCondition": "minecraft:jungle_sapling"
        }
      ]
    },
    {
      "id": "grotle_torterra_spruce",
      "variant": "level_up",
      "result": "torterra tree=spruce",
      "consumeHeldItem": true,
      "permanent": true,
      "learnableMoves": [],
      "requirements": [
        {
          "variant": "level",
          "minLevel": 32
        },
        {
          "variant": "held_item",
          "itemCondition": "minecraft:spruce_sapling"
        }
      ]
    },
    {
      "id": "grotle_torterra_mangrove",
      "variant": "level_up",
      "result": "torterra tree=mangrove",
      "consumeHeldItem": true,
      "permanent": true,
      "learnableMoves": [],
      "requirements": [
        {
          "variant": "level",
          "minLevel": 32
        },
        {
          "variant": "held_item",
          "itemCondition": "minecraft:mangrove_propagule"
        }
      ]
    },
    {
      "id": "grotle_torterra_cherry",
      "variant": "level_up",
      "result": "torterra tree=cherry",
      "consumeHeldItem": true,
      "permanent": true,
      "learnableMoves": [],
      "requirements": [
        {
          "variant": "level",
          "minLevel": 32
        },
        {
          "variant": "held_item",
          "itemCondition": "minecraft:cherry_sapling"
        }
      ]
    },
    {
      "id": "grotle_torterra",
      "variant": "level_up",
      "result": "torterra",
      "consumeHeldItem": false,
      "learnableMoves": [
        "earthquake"
      ],
      "requirements": [
        {
          "variant": "level",
          "minLevel": 32
        }
      ]
    }
  ],
  "baseScale": 1,
  "hitbox": {
    "width": 1,
    "height": 1,
    "fixed": false
  },
  "baseFriendship": 70,
  "evYield": {
    "hp": 0,
    "attack": 1,
    "defence": 1,
    "special_attack": 0,
    "special_defence": 0,
    "speed": 0
  },
  "height": 11,
  "weight": 970,
  "aspects": [],
  "cannotDynamax": false
}
