{
  "name": "Heatran",
  "nationalPokedexNumber": 485,
  "primaryType": "fire",
  "secondaryType": "steel",
  "abilities": [
    "flashfire",
    "h:flamebody"
  ],
  "baseStats": {
    "hp": 91,
    "attack": 90,
    "defence": 106,
    "special_attack": 130,
    "special_defence": 106,
    "speed": 77
  },
  "catchRate": 3,
  "maleRatio": 0.5,
  "shoulderMountable": false,
  "baseExperienceYield": 300,
  "experienceGroup": "slow",
  "eggCycles": 10,
  "eggGroups": [
    "undiscovered"
  ],
  "moves": [
    "1:ancientpower",
    "1:earthpower",
    "1:firespin",
    "1:heatwave",
    "1:ironhead",
    "1:leer",
    "1:magmastorm",
    "6:metalclaw",
    "9:leer",
    "12:ancientpower",
    "17:firefang",
    "18:firefang",
    "24:scaryface",
    "25:metalsound",
    "30:ironhead",
    "33:crunch",
    "36:crunch",
    "41:scaryface",
    "42:lavaplume",
    "48:metalsound",
    "49:lavaplume",
    "54:earthpower",
    "57:firespin",
    "60:heatwave",
    "65:ironhead",
    "66:stoneedge",
    "72:magmastorm",
    "73:earthpower",
    "81:heatwave",
    "88:stoneedge",
    "96:magmastorm",
    "100:attract",
    "100:bodypress",
    "100:bodyslam",
    "100:bulldoze",
    "100:burningjealousy",
    "100:captivate",
    "100:confide",
    "100:crunch",
    "100:darkpulse",
    "100:dig",
    "100:doubleteam",
    "100:dragonpulse",
    "100:earthpower",
    "100:earthquake",
    "100:endure",
    "100:explosion",
    "100:facade",
    "100:fireblast",
    "100:firefang",
    "100:firespin",
    "100:flamecharge",
    "100:flamethrower",
    "100:flareblitz",
    "100:flashcannon",
    "100:frustration",
    "100:gigaimpact",
    "100:hardpress",
    "100:heatcrash",
    "100:heatwave",
    "100:heavyslam",
    "100:hiddenpower",
    "100:hyperbeam",
    "100:incinerate",
    "100:irondefense",
    "100:ironhead",
    "100:lunge",
    "100:metalclaw",
    "100:metalsound",
    "100:naturalgift",
    "100:naturepower",
    "100:overheat",
    "100:payback",
    "100:pounce",
    "100:powergem",
    "100:protect",
    "100:rest",
    "100:return",
    "100:roar",
    "100:rockblast",
    "100:rockclimb",
    "100:rockslide",
    "100:rocksmash",
    "100:rocktomb",
    "100:round",
    "100:sandstorm",
    "100:scaryface",
    "100:scorchingsands",
    "100:secretpower",
    "100:selfdestruct",
    "100:sleeptalk",
    "100:snore",
    "100:solarbeam",
    "100:stealthrock",
    "100:steelbeam",
    "100:stompingtantrum",
    "100:stoneedge",
    "100:strength",
    "100:substitute",
    "100:sunnyday",
    "100:swagger",
    "100:takedown",
    "100:taunt",
    "100:terablast",
    "100:torment",
    "100:toxic",
    "100:uproar",
    "100:willowisp",
    "100:ancientpower",
    "100:bugbite",
    "100:burningjealousy",
    "100:crunch",
    "100:darkpulse",
    "100:dragonpulse",
    "100:earthpower",
    "100:eruption",
    "100:firespin",
    "100:flashcannon",
    "100:headbutt",
    "100:heatwave",
    "100:irondefense",
    "100:ironhead",
    "100:lavaplume",
    "100:magmastorm",
    "100:metalsound",
    "100:mudslap",
    "100:scaryface",
    "100:scorchingsands",
    "100:sleeptalk",
    "100:snore",
    "100:stealthrock",
    "100:steelbeam",
    "100:steelroller",
    "100:stompingtantrum",
    "100:uproar"
  ],
  "labels": [
    "gen4",
    "legendary"
  ],
  "pokedex": [
    "cobblemon.species.heatran.desc"
  ],
  "evolutions": [],
  "baseScale": 1,
  "hitbox": {
    "width": 1,
    "height": 1,
    "fixed": false
  },
  "baseFriendship": 100,
  "evYield": {
    "hp": 0,
    "attack": 0,
    "defence": 0,
    "special_attack": 3,
    "special_defence": 0,
    "speed": 0
  },
  "height": 17,
  "weight": 4300,
  "aspects": [],
  "cannotDynamax": false
}
