{
  "implemented": true,
  "name": "Hippopotas",
  "nationalPokedexNumber": 449,
  "primaryType": "ground",
  "abilities": [
    "sandstream",
    "h:sandforce"
  ],
  "drops": {
    "amount": 2,
    "entries": [
      {
        "item": "cobblemon:soft_sand",
        "percentage": 2.5
      },
      {
        "item": "cobblemon:chesto_berry",
        "percentage": 2.5
      }
    ]
  },
  "baseStats": {
    "hp": 68,
    "attack": 72,
    "defence": 78,
    "special_attack": 38,
    "special_defence": 42,
    "speed": 32
  },
  "catchRate": 140,
  "maleRatio": 0.5,
  "shoulderMountable": false,
  "baseExperienceYield": 66,
  "experienceGroup": "slow",
  "eggCycles": 30,
  "eggGroups": [
    "field"
  ],
  "behaviour": {
    "moving" : {
      "walk": {
        "walkSpeed": 0.12
      }
    }
  },
  "moves": [
    "1:sandattack",
    "1:tackle",
    "4:bite",
    "7:bite",
    "8:yawn",
    "12:sandtomb",
    "13:yawn",
    "16:dig",
    "19:dig",
    "19:takedown",
    "20:crunch",
    "24:sandstorm",
    "25:sandtomb",
    "28:takedown",
    "31:crunch",
    "32:roar",
    "36:rest",
    "37:earthquake",
    "40:earthquake",
    "44:doubleedge",
    "48:fissure",
    "50:fissure",
    "52:slackoff",
    "100:bodyslam",
    "100:curse",
    "100:revenge",
    "100:sandtomb",
    "100:slackoff",
    "100:sleeptalk",
    "100:spitup",
    "100:stockpile",
    "100:swallow",
    "100:whirlwind",
    "100:amnesia",
    "100:attract",
    "100:bodypress",
    "100:bodyslam",
    "100:bulldoze",
    "100:captivate",
    "100:confide",
    "100:crunch",
    "100:curse",
    "100:dig",
    "100:doubleedge",
    "100:doubleteam",
    "100:earthpower",
    "100:earthquake",
    "100:endure",
    "100:facade",
    "100:firefang",
    "100:frustration",
    "100:helpinghand",
    "100:hiddenpower",
    "100:highhorsepower",
    "100:icefang",
    "100:irontail",
    "100:muddywater",
    "100:mudshot",
    "100:mudslap",
    "100:naturalgift",
    "100:protect",
    "100:rest",
    "100:return",
    "100:revenge",
    "100:roar",
    "100:rockslide",
    "100:rocksmash",
    "100:rocktomb",
    "100:round",
    "100:sandstorm",
    "100:sandtomb",
    "100:scorchingsands",
    "100:secretpower",
    "100:sleeptalk",
    "100:snore",
    "100:stealthrock",
    "100:stompingtantrum",
    "100:stoneedge",
    "100:strength",
    "100:substitute",
    "100:sunnyday",
    "100:superpower",
    "100:swagger",
    "100:takedown",
    "100:terablast",
    "100:thunderfang",
    "100:toxic",
    "100:waterpulse",
    "100:weatherball",
    "100:bite",
    "100:earthpower",
    "100:headbutt",
    "100:irontail",
    "100:mudslap",
    "100:scorchingsands",
    "100:sleeptalk",
    "100:snore",
    "100:stealthrock",
    "100:stockpile",
    "100:stompingtantrum",
    "100:superpower",
    "100:waterpulse"
  ],
  "labels": [
    "gen4"
  ],
  "pokedex": [
    "cobblemon.species.hippopotas.desc"
  ],
  "evolutions": [
    {
      "id": "hippopotas_hippowdon",
      "variant": "level_up",
      "result": "hippowdon",
      "consumeHeldItem": false,
      "learnableMoves": [],
      "requirements": [
        {
          "variant": "level",
          "minLevel": 34
        }
      ]
    }
  ],
  "baseScale": 1,
  "hitbox": {
    "width": 0.7,
    "height": 1,
    "fixed": false
  },
  "baseFriendship": 50,
  "evYield": {
    "hp": 0,
    "attack": 0,
    "defence": 1,
    "special_attack": 0,
    "special_defence": 0,
    "speed": 0
  },
  "height": 8,
  "weight": 495,
  "aspects": [],
  "cannotDynamax": false
}
