{
  "implemented": true,
  "name": "Leafeon",
  "nationalPokedexNumber": 470,
  "primaryType": "grass",
  "abilities": [
    "leafguard",
    "h:chlorophyll"
  ],
  "drops": {
    "amount": 2,
    "entries": [
      {
        "item": "cobblemon:leaf_stone",
        "percentage": 25.0
      },
      {
        "item": "cobblemon:miracle_seed",
        "percentage": 10.0
      }
    ]
  },
  "baseStats": {
    "hp": 65,
    "attack": 110,
    "defence": 130,
    "special_attack": 60,
    "special_defence": 65,
    "speed": 95
  },
  "catchRate": 45,
  "maleRatio": 0.875,
  "shoulderMountable": false,
  "baseExperienceYield": 184,
  "experienceGroup": "medium_fast",
  "eggCycles": 35,
  "eggGroups": [
    "field"
  ],
  "moves": [
    "1:batonpass",
    "1:bite",
    "1:charm",
    "1:copycat",
    "1:covet",
    "1:doubleedge",
    "1:growl",
    "1:helpinghand",
    "1:razorleaf",
    "1:swift",
    "1:tackle",
    "1:tailwhip",
    "1:takedown",
    "5:sandattack",
    "8:sandattack",
    "9:babydolleyes",
    "9:razorleaf",
    "10:quickattack",
    "13:quickattack",
    "15:babydolleyes",
    "15:razorleaf",
    "17:grasswhistle",
    "20:leechseed",
    "20:magicalleaf",
    "22:quickattack",
    "25:gigadrain",
    "25:magicalleaf",
    "29:swordsdance",
    "29:synthesis",
    "30:synthesis",
    "33:synthesis",
    "35:sunnyday",
    "36:magicalleaf",
    "37:sunnyday",
    "40:gigadrain",
    "41:lastresort",
    "43:gigadrain",
    "45:leafblade",
    "45:swordsdance",
    "50:lastresort",
    "50:leafblade",
    "55:lastresort",
    "57:grasswhistle",
    "64:sunnyday",
    "71:leafblade",
    "78:swordsdance",
    "100:aerialace",
    "100:alluringvoice",
    "100:attract",
    "100:batonpass",
    "100:bodyslam",
    "100:bulletseed",
    "100:calmmind",
    "100:captivate",
    "100:charm",
    "100:confide",
    "100:curse",
    "100:dig",
    "100:doubleedge",
    "100:doubleteam",
    "100:echoedvoice",
    "100:endure",
    "100:energyball",
    "100:facade",
    "100:faketears",
    "100:flash",
    "100:focusenergy",
    "100:frustration",
    "100:gigadrain",
    "100:gigaimpact",
    "100:grassknot",
    "100:grassyglide",
    "100:helpinghand",
    "100:hiddenpower",
    "100:hyperbeam",
    "100:hypervoice",
    "100:irontail",
    "100:knockoff",
    "100:leafblade",
    "100:leafstorm",
    "100:magicalleaf",
    "100:mudshot",
    "100:mudslap",
    "100:naturalgift",
    "100:naturepower",
    "100:payday",
    "100:protect",
    "100:raindance",
    "100:rest",
    "100:retaliate",
    "100:return",
    "100:roar",
    "100:rocksmash",
    "100:round",
    "100:secretpower",
    "100:seedbomb",
    "100:shadowball",
    "100:sleeptalk",
    "100:snore",
    "100:solarbeam",
    "100:solarblade",
    "100:storedpower",
    "100:strength",
    "100:substitute",
    "100:sunnyday",
    "100:swagger",
    "100:swift",
    "100:swordsdance",
    "100:takedown",
    "100:terablast",
    "100:toxic",
    "100:trailblaze",
    "100:weatherball",
    "100:workup",
    "100:xscissor",
    "100:celebrate",
    "100:covet",
    "100:furycutter",
    "100:gigadrain",
    "100:grassyglide",
    "100:headbutt",
    "100:healbell",
    "100:helpinghand",
    "100:hypervoice",
    "100:irontail",
    "100:knockoff",
    "100:laserfocus",
    "100:lastresort",
    "100:leafblade",
    "100:mudslap",
    "100:razorleaf",
    "100:sandattack",
    "100:seedbomb",
    "100:sleeptalk",
    "100:snore",
    "100:sunnyday",
    "100:swift",
    "100:swordsdance",
    "100:synthesis",
    "100:tackle",
    "100:tailwhip",
    "100:worryseed"
  ],
  "labels": [
    "gen4"
  ],
  "pokedex": [
    "cobblemon.species.leafeon.desc"
  ],
  "preEvolution": "eevee",
  "evolutions": [],
  "baseScale": 0.8,
  "hitbox": {
    "width": 0.9,
    "height": 1.1,
    "fixed": false
  },
  "baseFriendship": 35,
  "evYield": {
    "hp": 0,
    "attack": 0,
    "defence": 2,
    "special_attack": 0,
    "special_defence": 0,
    "speed": 0
  },
  "height": 10,
  "weight": 255,
  "aspects": [],
  "cannotDynamax": false
}
