{
  "implemented": true,
  "name": "Lickilicky",
  "nationalPokedexNumber": 463,
  "primaryType": "normal",
  "abilities": [
    "owntempo",
    "oblivious",
    "h:cloudnine"
  ],
  "drops": {
    "amount": 3,
    "entries": [
      {
        "item": "minecraft:slime_ball",
        "quantityRange": "0-2"
      },
      {
        "item": "cobblemon:oran_berry",
        "percentage": 5.0
      }
    ]
  },
  "baseStats": {
    "hp": 110,
    "attack": 85,
    "defence": 95,
    "special_attack": 80,
    "special_defence": 95,
    "speed": 50
  },
  "behaviour": {
    "moving": {
      "walk": {
        "walkSpeed": 0.2
      }
    },
    "resting": {
      "canSleep": true,
      "willSleepOnBed": false,
      "depth": "normal",
      "light": "0-4"
    }
  },
  "catchRate": 30,
  "maleRatio": 0.5,
  "shoulderMountable": false,
  "baseExperienceYield": 180,
  "experienceGroup": "medium_fast",
  "eggCycles": 20,
  "eggGroups": [
    "monster"
  ],
  "moves": [
    "1:defensecurl",
    "1:lick",
    "1:powerwhip",
    "1:rollout",
    "1:supersonic",
    "1:wringout",
    "5:supersonic",
    "9:defensecurl",
    "13:knockoff",
    "17:wrap",
    "18:wrap",
    "21:stomp",
    "24:disable",
    "25:disable",
    "29:slam",
    "30:stomp",
    "33:rollout",
    "36:knockoff",
    "37:chipaway",
    "37:mefirst",
    "41:mefirst",
    "41:refresh",
    "42:screech",
    "45:refresh",
    "45:screech",
    "48:slam",
    "49:powerwhip",
    "49:screech",
    "53:powerwhip",
    "53:wringout",
    "54:powerwhip",
    "57:gyroball",
    "57:wringout",
    "60:bellydrum",
    "61:gyroball",
    "100:amnesia",
    "100:attract",
    "100:blizzard",
    "100:bodypress",
    "100:bodyslam",
    "100:brickbreak",
    "100:brutalswing",
    "100:bulldoze",
    "100:captivate",
    "100:confide",
    "100:cut",
    "100:dig",
    "100:doubleteam",
    "100:dragontail",
    "100:dreameater",
    "100:earthquake",
    "100:endure",
    "100:explosion",
    "100:facade",
    "100:fireblast",
    "100:firepunch",
    "100:flamethrower",
    "100:fling",
    "100:focusblast",
    "100:focuspunch",
    "100:frustration",
    "100:gigaimpact",
    "100:gyroball",
    "100:helpinghand",
    "100:hiddenpower",
    "100:hydropump",
    "100:hyperbeam",
    "100:icebeam",
    "100:icepunch",
    "100:icywind",
    "100:incinerate",
    "100:irontail",
    "100:megakick",
    "100:megapunch",
    "100:muddywater",
    "100:naturalgift",
    "100:poweruppunch",
    "100:powerwhip",
    "100:protect",
    "100:psychup",
    "100:raindance",
    "100:rest",
    "100:retaliate",
    "100:return",
    "100:rockclimb",
    "100:rockslide",
    "100:rocksmash",
    "100:rocktomb",
    "100:round",
    "100:sandstorm",
    "100:screech",
    "100:secretpower",
    "100:selfdestruct",
    "100:shadowball",
    "100:shockwave",
    "100:sleeptalk",
    "100:snore",
    "100:solarbeam",
    "100:stompingtantrum",
    "100:strength",
    "100:substitute",
    "100:sunnyday",
    "100:surf",
    "100:swagger",
    "100:swordsdance",
    "100:thief",
    "100:thunder",
    "100:thunderbolt",
    "100:thunderpunch",
    "100:toxic",
    "100:waterpulse",
    "100:whirlpool",
    "100:workup",
    "100:zenheadbutt",
    "100:aquatail",
    "100:bind",
    "100:block",
    "100:firepunch",
    "100:focuspunch",
    "100:headbutt",
    "100:icepunch",
    "100:icywind",
    "100:irontail",
    "100:knockoff",
    "100:mudslap",
    "100:rollout",
    "100:shockwave",
    "100:sleeptalk",
    "100:snore",
    "100:steelroller",
    "100:stompingtantrum",
    "100:terrainpulse",
    "100:thunderpunch",
    "100:waterpulse",
    "100:zenheadbutt"
  ],
  "labels": [
    "gen4"
  ],
  "pokedex": [
    "cobblemon.species.lickilicky.desc"
  ],
  "preEvolution": "lickitung",
  "evolutions": [],
  "baseScale": 1.1,
  "hitbox": {
    "width": 1.4,
    "height": 2.6,
    "fixed": false
  },
  "baseFriendship": 50,
  "evYield": {
    "hp": 3,
    "attack": 0,
    "defence": 0,
    "special_attack": 0,
    "special_defence": 0,
    "speed": 0
  },
  "height": 17,
  "weight": 1400,
  "aspects": [],
  "cannotDynamax": false
}
