{
  "implemented": true,
  "name": "Lopunny",
  "nationalPokedexNumber": 428,
  "primaryType": "normal",
  "abilities": [
    "cutecharm",
    "klutz",
    "h:limber"
  ],
  "drops": {
    "amount": 6,
    "entries": [
      {
        "item": "minecraft:rabbit"
      },
      {
        "item": "minecraft:rabbit_hide",
        "quantityRange": "0-2"
      },
      {
        "item": "minecraft:rabbit_foot",
        "percentage": 5.0
      },
      {
        "item": "minecraft:carrot",
        "percentage": 5.0
      },
      {
        "item": "cobblemon:chople_berry",
        "percentage": 5.0
      }
    ]
  },
  "baseStats": {
    "hp": 65,
    "attack": 76,
    "defence": 84,
    "special_attack": 54,
    "special_defence": 96,
    "speed": 105
  },
  "catchRate": 60,
  "maleRatio": 0.5,
  "shoulderMountable": false,
  "forms": [
    {
      "name": "Mega",
      "primaryType": "normal",
      "secondaryType": "fighting",
      "abilities": [
        "scrappy"
      ],
      "baseStats": {
        "hp": 65,
        "attack": 136,
        "defence": 94,
        "special_attack": 54,
        "special_defence": 96,
        "speed": 135
      },
      "catchRate": 60,
      "maleRatio": 0.5,
      "baseExperienceYield": 168,
      "baseFriendship": 140,
      "evYield": {
        "hp": 0,
        "attack": 0,
        "defence": 0,
        "special_attack": 0,
        "special_defence": 0,
        "speed": 2
      },
      "experienceGroup": "medium_fast",
      "eggCycles": 20,
      "eggGroups": [
        "field",
        "human_like"
      ],
      "labels": [
        "gen6",
        "mega"
      ],
      "aspects": [
        "mega"
      ],
      "height": 13,
      "weight": 283,
      "cannotDynamax": false,
      "battleOnly": true
    }
  ],
  "baseExperienceYield": 168,
  "experienceGroup": "medium_fast",
  "eggCycles": 20,
  "eggGroups": [
    "field",
    "human_like"
  ],
  "moves": [
    "1:babydolleyes",
    "1:bounce",
    "1:defensecurl",
    "1:foresight",
    "1:healingwish",
    "1:magiccoat",
    "1:mirrorcoat",
    "1:pound",
    "1:return",
    "1:rototiller",
    "1:splash",
    "6:endure",
    "12:afteryou",
    "13:babydolleyes",
    "13:return",
    "16:quickattack",
    "20:doublekick",
    "23:jumpkick",
    "24:charm",
    "26:batonpass",
    "28:batonpass",
    "32:headbutt",
    "33:agility",
    "36:agility",
    "36:dizzypunch",
    "40:entrainment",
    "43:afteryou",
    "43:charm",
    "44:flatter",
    "46:bounce",
    "46:charm",
    "48:bounce",
    "52:healingwish",
    "53:entrainment",
    "53:healingwish",
    "56:bounce",
    "56:highjumpkick",
    "63:healingwish",
    "66:highjumpkick",
    "100:acrobatics",
    "100:agility",
    "100:assurance",
    "100:attract",
    "100:aurasphere",
    "100:batonpass",
    "100:blizzard",
    "100:bounce",
    "100:brutalswing",
    "100:captivate",
    "100:chargebeam",
    "100:charm",
    "100:closecombat",
    "100:confide",
    "100:cosmicpower",
    "100:cut",
    "100:dig",
    "100:doubleteam",
    "100:drainpunch",
    "100:encore",
    "100:endure",
    "100:facade",
    "100:faketears",
    "100:firepunch",
    "100:fling",
    "100:focusblast",
    "100:focuspunch",
    "100:frustration",
    "100:gigaimpact",
    "100:grassknot",
    "100:helpinghand",
    "100:hiddenpower",
    "100:hyperbeam",
    "100:hypervoice",
    "100:icebeam",
    "100:icepunch",
    "100:irontail",
    "100:lowkick",
    "100:lowsweep",
    "100:megakick",
    "100:megapunch",
    "100:naturalgift",
    "100:payback",
    "100:playrough",
    "100:poweruppunch",
    "100:protect",
    "100:raindance",
    "100:rest",
    "100:retaliate",
    "100:return",
    "100:reversal",
    "100:rocksmash",
    "100:round",
    "100:secretpower",
    "100:shadowball",
    "100:shockwave",
    "100:sleeptalk",
    "100:snore",
    "100:solarbeam",
    "100:strength",
    "100:substitute",
    "100:sunnyday",
    "100:swagger",
    "100:swift",
    "100:thunder",
    "100:thunderbolt",
    "100:thunderpunch",
    "100:thunderwave",
    "100:toxic",
    "100:uproar",
    "100:uturn",
    "100:waterpulse",
    "100:workup",
    "100:afteryou",
    "100:bounce",
    "100:covet",
    "100:drainpunch",
    "100:endeavor",
    "100:firepunch",
    "100:focuspunch",
    "100:furycutter",
    "100:headbutt",
    "100:healbell",
    "100:helpinghand",
    "100:hypervoice",
    "100:icepunch",
    "100:irontail",
    "100:laserfocus",
    "100:lastresort",
    "100:lowkick",
    "100:magiccoat",
    "100:mudslap",
    "100:shockwave",
    "100:sleeptalk",
    "100:snore",
    "100:swift",
    "100:thunderpunch",
    "100:tripleaxel",
    "100:uproar",
    "100:waterpulse"
  ],
  "labels": [
    "gen4"
  ],
  "pokedex": [
    "cobblemon.species.lopunny.desc"
  ],
  "preEvolution": "buneary",
  "evolutions": [],
  "baseScale": 0.5,
  "hitbox": {
    "width": 1.4,
    "height": 3,
    "fixed": false
  },
  "baseFriendship": 140,
  "evYield": {
    "hp": 0,
    "attack": 0,
    "defence": 0,
    "special_attack": 0,
    "special_defence": 0,
    "speed": 2
  },
  "height": 12,
  "weight": 333,
  "aspects": [],
  "cannotDynamax": false
}
