{
  "implemented": true,
  "name": "Lucario",
  "nationalPokedexNumber": 448,
  "primaryType": "fighting",
  "secondaryType": "steel",
  "abilities": [
    "steadfast",
    "innerfocus",
    "h:justified"
  ],
  "drops": {
    "amount": 1,
    "entries": [
      {
        "item": "cobblemon:chople_berry",
        "percentage": 5.0
      }
    ]
  },
  "baseStats": {
    "hp": 70,
    "attack": 110,
    "defence": 70,
    "special_attack": 115,
    "special_defence": 70,
    "speed": 90
  },
  "catchRate": 45,
  "maleRatio": 0.875,
  "shoulderMountable": false,
  "forms": [
    {
      "name": "Mega",
      "primaryType": "fighting",
      "secondaryType": "steel",
      "abilities": [
        "adaptability"
      ],
      "baseStats": {
        "hp": 70,
        "attack": 145,
        "defence": 88,
        "special_attack": 140,
        "special_defence": 70,
        "speed": 112
      },
      "catchRate": 45,
      "maleRatio": 0.875,
      "baseExperienceYield": 184,
      "baseFriendship": 50,
      "evYield": {
        "hp": 0,
        "attack": 1,
        "defence": 0,
        "special_attack": 1,
        "special_defence": 0,
        "speed": 0
      },
      "experienceGroup": "medium_slow",
      "eggCycles": 25,
      "eggGroups": [
        "field",
        "human_like"
      ],
      "labels": [
        "gen6",
        "mega"
      ],
      "aspects": [
        "mega"
      ],
      "height": 13,
      "weight": 575,
      "cannotDynamax": false,
      "battleOnly": true
    }
  ],
  "baseExperienceYield": 184,
  "experienceGroup": "medium_slow",
  "eggCycles": 25,
  "eggGroups": [
    "field",
    "human_like"
  ],
  "moves": [
    "1:aurasphere",
    "1:closecombat",
    "1:copycat",
    "1:darkpulse",
    "1:detect",
    "1:dragonpulse",
    "1:extremespeed",
    "1:feint",
    "1:finalgambit",
    "1:forcepalm",
    "1:foresight",
    "1:helpinghand",
    "1:laserfocus",
    "1:lifedew",
    "1:metalclaw",
    "1:nastyplot",
    "1:quickattack",
    "1:reversal",
    "1:rocksmash",
    "1:screech",
    "1:vacuumwave",
    "1:workup",
    "6:counter",
    "11:feint",
    "11:forcepalm",
    "12:counter",
    "15:feint",
    "15:poweruppunch",
    "16:laserfocus",
    "16:workup",
    "19:bonerush",
    "19:swordsdance",
    "20:forcepalm",
    "20:poweruppunch",
    "24:calmmind",
    "24:metalsound",
    "28:metalsound",
    "29:bonerush",
    "29:mefirst",
    "32:quickguard",
    "33:quickguard",
    "33:swordsdance",
    "36:bonerush",
    "37:aurasphere",
    "37:mefirst",
    "37:swordsdance",
    "40:swordsdance",
    "42:closecombat",
    "42:healpulse",
    "42:workup",
    "44:healpulse",
    "47:calmmind",
    "47:dragonpulse",
    "48:meteormash",
    "51:aurasphere",
    "51:extremespeed",
    "51:healpulse",
    "52:dragonpulse",
    "55:closecombat",
    "56:extremespeed",
    "60:closecombat",
    "60:dragonpulse",
    "65:extremespeed",
    "100:aerialace",
    "100:agility",
    "100:attract",
    "100:aurasphere",
    "100:blazekick",
    "100:bodyslam",
    "100:brickbreak",
    "100:bulkup",
    "100:bulldoze",
    "100:calmmind",
    "100:captivate",
    "100:closecombat",
    "100:coaching",
    "100:confide",
    "100:crunch",
    "100:darkpulse",
    "100:dig",
    "100:doubleteam",
    "100:dragonpulse",
    "100:drainpunch",
    "100:earthquake",
    "100:endure",
    "100:facade",
    "100:flashcannon",
    "100:fling",
    "100:focusblast",
    "100:focusenergy",
    "100:focuspunch",
    "100:frustration",
    "100:gigaimpact",
    "100:helpinghand",
    "100:hiddenpower",
    "100:honeclaws",
    "100:hyperbeam",
    "100:icepunch",
    "100:irondefense",
    "100:irontail",
    "100:lowkick",
    "100:lowsweep",
    "100:megakick",
    "100:megapunch",
    "100:metalclaw",
    "100:metalsound",
    "100:metronome",
    "100:nastyplot",
    "100:naturalgift",
    "100:payback",
    "100:poisonjab",
    "100:poweruppunch",
    "100:protect",
    "100:psychic",
    "100:psychup",
    "100:raindance",
    "100:rest",
    "100:retaliate",
    "100:return",
    "100:revenge",
    "100:reversal",
    "100:roar",
    "100:rockclimb",
    "100:rockslide",
    "100:rocksmash",
    "100:rocktomb",
    "100:round",
    "100:scaryface",
    "100:screech",
    "100:secretpower",
    "100:shadowball",
    "100:shadowclaw",
    "100:sleeptalk",
    "100:snore",
    "100:steelbeam",
    "100:stoneedge",
    "100:strength",
    "100:substitute",
    "100:sunnyday",
    "100:swagger",
    "100:swift",
    "100:swordsdance",
    "100:takedown",
    "100:terablast",
    "100:thunderpunch",
    "100:toxic",
    "100:trailblaze",
    "100:upperhand",
    "100:vacuumwave",
    "100:waterpulse",
    "100:workup",
    "100:zenheadbutt",
    "100:blazekick",
    "100:bonerush",
    "100:closecombat",
    "100:coaching",
    "100:counter",
    "100:darkpulse",
    "100:detect",
    "100:dragonpulse",
    "100:drainpunch",
    "100:dualchop",
    "100:extremespeed",
    "100:focuspunch",
    "100:forcepalm",
    "100:furycutter",
    "100:headbutt",
    "100:helpinghand",
    "100:highjumpkick",
    "100:irondefense",
    "100:irontail",
    "100:laserfocus",
    "100:lowkick",
    "100:magnetrise",
    "100:metalclaw",
    "100:mudslap",
    "100:quickattack",
    "100:reversal",
    "100:roleplay",
    "100:shadowclaw",
    "100:sleeptalk",
    "100:snore",
    "100:steelbeam",
    "100:stoneedge",
    "100:sunnyday",
    "100:swift",
    "100:terrainpulse",
    "100:thunderpunch",
    "100:vacuumwave",
    "100:waterpulse",
    "100:zenheadbutt"
  ],
  "labels": [
    "gen4"
  ],
  "pokedex": [
    "cobblemon.species.lucario.desc"
  ],
  "preEvolution": "riolu",
  "evolutions": [],
  "baseScale": 0.8,
  "hitbox": {
    "width": 0.8,
    "height": 2.45,
    "fixed": false
  },
  "baseFriendship": 50,
  "evYield": {
    "hp": 0,
    "attack": 1,
    "defence": 0,
    "special_attack": 1,
    "special_defence": 0,
    "speed": 0
  },
  "height": 12,
  "weight": 540,
  "aspects": [],
  "cannotDynamax": false
}
