{
  "implemented": true,
  "name": "Magnezone",
  "nationalPokedexNumber": 462,
  "primaryType": "electric",
  "secondaryType": "steel",
  "abilities": [
    "magnetpull",
    "sturdy",
    "h:analytic"
  ],
  "drops": {
    "amount": 6,
    "entries": [
      {
        "item": "minecraft:raw_iron",
        "quantityRange": "0-3"
      },
      {
        "item": "cobblemon:magnet",
        "percentage": 10.0
      },
      {
        "item": "cobblemon:metal_coat",
        "percentage": 10.0
      },
      {
        "item": "cobblemon:shuca_berry",
        "percentage": 10.0
      }
    ]
  },
  "baseStats": {
    "hp": 70,
    "attack": 70,
    "defence": 115,
    "special_attack": 130,
    "special_defence": 90,
    "speed": 60
  },
  "catchRate": 30,
  "maleRatio": -1,
  "shoulderMountable": false,
  "baseExperienceYield": 268,
  "experienceGroup": "medium_fast",
  "eggCycles": 20,
  "eggGroups": [
    "mineral"
  ],
  "behaviour": {
    "moving": {
      "fly": {
        "canFly": true
      },
      "walk": {
        "canWalk": false
      }
    }
  },
  "moves": [
    "1:barrier",
    "1:electricterrain",
    "1:magnetbomb",
    "1:magneticflux",
    "1:metalsound",
    "1:mirrorcoat",
    "1:sonicboom",
    "1:supersonic",
    "1:tackle",
    "1:thundershock",
    "1:thunderwave",
    "1:triattack",
    "1:zapcannon",
    "12:electroball",
    "13:lightscreen",
    "13:thunderwave",
    "14:sonicboom",
    "16:gyroball",
    "17:magnetbomb",
    "17:sonicboom",
    "17:thunderwave",
    "19:spark",
    "20:spark",
    "22:spark",
    "23:mirrorshot",
    "24:screech",
    "25:metalsound",
    "27:electroball",
    "27:lockon",
    "28:magnetrise",
    "29:electroball",
    "30:lockon",
    "30:magnetbomb",
    "33:flashcannon",
    "34:flashcannon",
    "34:magnetbomb",
    "34:screech",
    "39:flashcannon",
    "39:screech",
    "40:discharge",
    "40:screech",
    "43:discharge",
    "46:discharge",
    "46:metalsound",
    "46:mirrorshot",
    "49:lockon",
    "50:magnetrise",
    "50:mirrorshot",
    "52:lightscreen",
    "53:magnetrise",
    "54:gyroball",
    "54:magnetrise",
    "58:lockon",
    "59:gyroball",
    "60:gyroball",
    "60:zapcannon",
    "64:zapcannon",
    "66:zapcannon",
    "100:allyswitch",
    "100:bodypress",
    "100:bodyslam",
    "100:charge",
    "100:chargebeam",
    "100:confide",
    "100:confuseray",
    "100:doubleedge",
    "100:doubleteam",
    "100:eerieimpulse",
    "100:electricterrain",
    "100:electroball",
    "100:electroweb",
    "100:endure",
    "100:explosion",
    "100:facade",
    "100:flash",
    "100:flashcannon",
    "100:frustration",
    "100:gigaimpact",
    "100:gravity",
    "100:gyroball",
    "100:hardpress",
    "100:heavyslam",
    "100:helpinghand",
    "100:hiddenpower",
    "100:hyperbeam",
    "100:irondefense",
    "100:ironhead",
    "100:lightscreen",
    "100:metalsound",
    "100:naturalgift",
    "100:protect",
    "100:psychup",
    "100:raindance",
    "100:recycle",
    "100:reflect",
    "100:rest",
    "100:return",
    "100:round",
    "100:sandstorm",
    "100:screech",
    "100:secretpower",
    "100:selfdestruct",
    "100:shockwave",
    "100:sleeptalk",
    "100:snore",
    "100:steelbeam",
    "100:substitute",
    "100:sunnyday",
    "100:supercellslam",
    "100:swagger",
    "100:swift",
    "100:takedown",
    "100:terablast",
    "100:thunder",
    "100:thunderbolt",
    "100:thunderwave",
    "100:toxic",
    "100:triattack",
    "100:voltswitch",
    "100:wildcharge",
    "100:allyswitch",
    "100:electroweb",
    "100:gravity",
    "100:irondefense",
    "100:ironhead",
    "100:magiccoat",
    "100:magnetrise",
    "100:recycle",
    "100:risingvoltage",
    "100:rollout",
    "100:shockwave",
    "100:signalbeam",
    "100:sleeptalk",
    "100:snore",
    "100:steelbeam",
    "100:steelroller",
    "100:swift"
  ],
  "labels": [
    "gen4"
  ],
  "pokedex": [
    "cobblemon.species.magnezone.desc"
  ],
  "preEvolution": "magneton",
  "evolutions": [],
  "baseScale": 1.4,
  "hitbox": {
    "width": 1.5,
    "height": 1,
    "fixed": false
  },
  "baseFriendship": 50,
  "evYield": {
    "hp": 0,
    "attack": 0,
    "defence": 0,
    "special_attack": 3,
    "special_defence": 0,
    "speed": 0
  },
  "height": 12,
  "weight": 1800,
  "aspects": [],
  "cannotDynamax": false
}
