{
  "implemented": true,
  "name": "Mamoswine",
  "nationalPokedexNumber": 473,
  "primaryType": "ice",
  "secondaryType": "ground",
  "abilities": [
    "oblivious",
    "snowcloak",
    "h:thickfat"
  ],
  "drops": {
    "amount": 8,
    "entries": [
      {
        "item": "minecraft:porkchop",
        "quantityRange": "2-3"
      },
      {
        "item": "minecraft:brown_wool",
        "quantityRange": "2-3"
      },
      {
        "item": "cobblemon:never_melt_ice",
        "percentage": 10.0
      },
      {
        "item": "cobblemon:aspear_berry",
        "percentage": 10.0
      }
    ]
  },
  "baseStats": {
    "hp": 110,
    "attack": 130,
    "defence": 80,
    "special_attack": 70,
    "special_defence": 60,
    "speed": 80
  },
  "behaviour": {
    "resting": {
      "canSleep": true,
      "willSleepOnBed": false,
      "depth": "normal",
      "light": "0-4"
    }
  },
  "catchRate": 50,
  "maleRatio": 0.5,
  "shoulderMountable": false,
  "baseExperienceYield": 265,
  "experienceGroup": "slow",
  "eggCycles": 20,
  "eggGroups": [
    "field"
  ],
  "moves": [
    "1:ancientpower",
    "1:flail",
    "1:furyattack",
    "1:icefang",
    "1:mudslap",
    "1:mudsport",
    "1:odorsleuth",
    "1:peck",
    "1:powdersnow",
    "1:scaryface",
    "1:tackle",
    "11:mudslap",
    "13:mudslap",
    "14:endure",
    "15:iceshard",
    "16:endure",
    "18:mudbomb",
    "20:mist",
    "20:mudbomb",
    "21:hail",
    "24:icefang",
    "25:endure",
    "25:hail",
    "28:icefang",
    "28:takedown",
    "30:icywind",
    "32:takedown",
    "33:doublehit",
    "37:amnesia",
    "37:mist",
    "40:earthquake",
    "41:thrash",
    "44:takedown",
    "46:earthquake",
    "48:mist",
    "51:earthquake",
    "52:blizzard",
    "56:blizzard",
    "58:blizzard",
    "65:scaryface",
    "65:thrash",
    "100:amnesia",
    "100:attract",
    "100:avalanche",
    "100:blizzard",
    "100:bodypress",
    "100:bodyslam",
    "100:bulldoze",
    "100:captivate",
    "100:charm",
    "100:confide",
    "100:curse",
    "100:dig",
    "100:doubleedge",
    "100:doubleteam",
    "100:earthpower",
    "100:earthquake",
    "100:endeavor",
    "100:endure",
    "100:facade",
    "100:frustration",
    "100:gigaimpact",
    "100:hail",
    "100:hardpress",
    "100:haze",
    "100:heavyslam",
    "100:hiddenpower",
    "100:highhorsepower",
    "100:hyperbeam",
    "100:icebeam",
    "100:icefang",
    "100:iciclespear",
    "100:icywind",
    "100:ironhead",
    "100:knockoff",
    "100:lightscreen",
    "100:mudshot",
    "100:mudslap",
    "100:naturalgift",
    "100:protect",
    "100:raindance",
    "100:reflect",
    "100:rest",
    "100:return",
    "100:reversal",
    "100:roar",
    "100:rockblast",
    "100:rockclimb",
    "100:rockslide",
    "100:rocksmash",
    "100:rocktomb",
    "100:round",
    "100:sandstorm",
    "100:sandtomb",
    "100:scaryface",
    "100:secretpower",
    "100:sleeptalk",
    "100:smackdown",
    "100:snore",
    "100:snowscape",
    "100:stealthrock",
    "100:stompingtantrum",
    "100:stoneedge",
    "100:strength",
    "100:substitute",
    "100:superpower",
    "100:swagger",
    "100:takedown",
    "100:terablast",
    "100:throatchop",
    "100:toxic",
    "100:trailblaze",
    "100:ancientpower",
    "100:block",
    "100:doublehit",
    "100:earthpower",
    "100:earthquake",
    "100:endeavor",
    "100:furycutter",
    "100:hail",
    "100:headbutt",
    "100:icefang",
    "100:iciclecrash",
    "100:iciclespear",
    "100:icywind",
    "100:ironhead",
    "100:knockoff",
    "100:mudslap",
    "100:rockslide",
    "100:sleeptalk",
    "100:snore",
    "100:stealthrock",
    "100:stompingtantrum",
    "100:superpower",
    "100:takedown"
  ],
  "labels": [
    "gen4"
  ],
  "pokedex": [
    "cobblemon.species.mamoswine.desc"
  ],
  "preEvolution": "piloswine",
  "evolutions": [],
  "baseScale": 1,
  "hitbox": {
    "width": 2.7,
    "height": 3.5,
    "fixed": false
  },
  "baseFriendship": 50,
  "evYield": {
    "hp": 0,
    "attack": 3,
    "defence": 0,
    "special_attack": 0,
    "special_defence": 0,
    "speed": 0
  },
  "height": 25,
  "weight": 2910,
  "aspects": [],
  "cannotDynamax": false
}
