{
  "name": "Manaphy",
  "nationalPokedexNumber": 490,
  "primaryType": "water",
  "abilities": [
    "hydration"
  ],
  "baseStats": {
    "hp": 100,
    "attack": 100,
    "defence": 100,
    "special_attack": 100,
    "special_defence": 100,
    "speed": 100
  },
  "catchRate": 3,
  "maleRatio": -1,
  "shoulderMountable": false,
  "baseExperienceYield": 270,
  "experienceGroup": "slow",
  "eggCycles": 10,
  "eggGroups": [
    "water_1",
    "fairy"
  ],
  "moves": [
    "1:bubble",
    "1:heartswap",
    "1:tailglow",
    "1:watergun",
    "1:watersport",
    "9:charm",
    "16:supersonic",
    "24:bubblebeam",
    "31:acidarmor",
    "39:whirlpool",
    "46:waterpulse",
    "54:aquaring",
    "61:dive",
    "69:raindance",
    "76:heartswap",
    "76:takeheart",
    "100:alluringvoice",
    "100:batonpass",
    "100:blizzard",
    "100:brine",
    "100:calmmind",
    "100:charm",
    "100:chillingwater",
    "100:confide",
    "100:dazzlinggleam",
    "100:disarmingvoice",
    "100:dive",
    "100:doubleteam",
    "100:endure",
    "100:energyball",
    "100:facade",
    "100:faketears",
    "100:flash",
    "100:fling",
    "100:flipturn",
    "100:frustration",
    "100:gigaimpact",
    "100:grassknot",
    "100:hail",
    "100:haze",
    "100:helpinghand",
    "100:hiddenpower",
    "100:hydropump",
    "100:hyperbeam",
    "100:icebeam",
    "100:icywind",
    "100:knockoff",
    "100:lightscreen",
    "100:liquidation",
    "100:mudslap",
    "100:naturalgift",
    "100:protect",
    "100:psybeam",
    "100:psychic",
    "100:psychup",
    "100:raindance",
    "100:reflect",
    "100:rest",
    "100:return",
    "100:round",
    "100:safeguard",
    "100:scald",
    "100:secretpower",
    "100:shadowball",
    "100:skillswap",
    "100:sleeptalk",
    "100:storedpower",
    "100:substitute",
    "100:surf",
    "100:swagger",
    "100:swift",
    "100:terablast",
    "100:toxic",
    "100:uturn",
    "100:waterfall",
    "100:waterpulse",
    "100:weatherball",
    "100:whirlpool",
    "100:zenheadbutt",
    "100:acidarmor",
    "100:ancientpower",
    "100:aquaring",
    "100:bounce",
    "100:bubble",
    "100:covet",
    "100:dive",
    "100:healbell",
    "100:heartswap",
    "100:helpinghand",
    "100:icywind",
    "100:knockoff",
    "100:lastresort",
    "100:liquidation",
    "100:mudslap",
    "100:signalbeam",
    "100:skillswap",
    "100:sleeptalk",
    "100:snore",
    "100:swift",
    "100:tailglow",
    "100:uproar",
    "100:waterpulse",
    "100:watersport",
    "100:whirlpool"
  ],
  "labels": [
    "gen4",
    "mythical",
    "legendary"
  ],
  "pokedex": [
    "cobblemon.species.manaphy.desc"
  ],
  "evolutions": [],
  "baseScale": 1,
  "hitbox": {
    "width": 1,
    "height": 1,
    "fixed": false
  },
  "baseFriendship": 70,
  "evYield": {
    "hp": 3,
    "attack": 0,
    "defence": 0,
    "special_attack": 0,
    "special_defence": 0,
    "speed": 0
  },
  "height": 3,
  "weight": 14,
  "aspects": [],
  "cannotDynamax": false,
  "drops": {
    "amount": 1,
    "entries": [
      {
        "item": "minecraft:heart_of_the_sea"
      }
    ]
  }
}
