{
  "implemented": true,
  "name": "Mismagius",
  "nationalPokedexNumber": 429,
  "primaryType": "ghost",
  "abilities": [
    "levitate"
  ],
  "drops": {
    "amount": 3,
    "entries": [
      {
        "item": "minecraft:phantom_membrane",
        "percentage": 5.0
      },
      {
        "item": "cobblemon:spell_tag",
        "percentage": 5.0
      },
      {
        "item": "cobblemon:kasib_berry",
        "percentage": 5.0
      }
    ]
  },
  "baseStats": {
    "hp": 60,
    "attack": 60,
    "defence": 60,
    "special_attack": 105,
    "special_defence": 105,
    "speed": 105
  },
  "catchRate": 45,
  "maleRatio": 0.5,
  "shoulderMountable": false,
  "baseExperienceYield": 173,
  "experienceGroup": "fast",
  "eggCycles": 25,
  "eggGroups": [
    "amorphous"
  ],
  "moves": [
    "1:astonish",
    "1:growl",
    "1:luckychant",
    "1:magicalleaf",
    "1:mysticalfire",
    "1:phantomforce",
    "1:powergem",
    "1:psywave",
    "1:spite",
    "100:aerialace",
    "100:attract",
    "100:burningjealousy",
    "100:calmmind",
    "100:captivate",
    "100:chargebeam",
    "100:charm",
    "100:confide",
    "100:confuseray",
    "100:curse",
    "100:darkpulse",
    "100:dazzlinggleam",
    "100:doubleteam",
    "100:drainingkiss",
    "100:dreameater",
    "100:echoedvoice",
    "100:embargo",
    "100:endure",
    "100:energyball",
    "100:facade",
    "100:faketears",
    "100:flash",
    "100:foulplay",
    "100:frustration",
    "100:futuresight",
    "100:gigaimpact",
    "100:grassknot",
    "100:helpinghand",
    "100:hex",
    "100:hiddenpower",
    "100:hyperbeam",
    "100:hypervoice",
    "100:icywind",
    "100:imprison",
    "100:lashout",
    "100:magicalleaf",
    "100:nastyplot",
    "100:naturalgift",
    "100:nightshade",
    "100:painsplit",
    "100:payback",
    "100:phantomforce",
    "100:poltergeist",
    "100:powergem",
    "100:protect",
    "100:psybeam",
    "100:psychic",
    "100:psychicnoise",
    "100:psychup",
    "100:psyshock",
    "100:raindance",
    "100:rest",
    "100:return",
    "100:round",
    "100:scaryface",
    "100:secretpower",
    "100:shadowball",
    "100:shockwave",
    "100:skillswap",
    "100:sleeptalk",
    "100:snatch",
    "100:snowscape",
    "100:spite",
    "100:storedpower",
    "100:substitute",
    "100:sunnyday",
    "100:swagger",
    "100:swift",
    "100:taunt",
    "100:telekinesis",
    "100:terablast",
    "100:thief",
    "100:thunder",
    "100:thunderbolt",
    "100:thunderwave",
    "100:torment",
    "100:toxic",
    "100:trick",
    "100:trickroom",
    "100:willowisp",
    "100:allyswitch",
    "100:darkpulse",
    "100:foulplay",
    "100:headbutt",
    "100:healbell",
    "100:hypervoice",
    "100:icywind",
    "100:laserfocus",
    "100:magiccoat",
    "100:magicroom",
    "100:ominouswind",
    "100:painsplit",
    "100:shockwave",
    "100:skillswap",
    "100:sleeptalk",
    "100:snatch",
    "100:snore",
    "100:spite",
    "100:suckerpunch",
    "100:swift",
    "100:telekinesis",
    "100:trick",
    "100:uproar",
    "100:wonderroom"
  ],
  "labels": [
    "gen4"
  ],
  "pokedex": [
    "cobblemon.species.mismagius.desc"
  ],
  "preEvolution": "misdreavus",
  "evolutions": [],
  "baseScale": 0.8,
  "hitbox": {
    "width": 1,
    "height": 2.2,
    "fixed": false
  },
  "baseFriendship": 35,
  "evYield": {
    "hp": 0,
    "attack": 0,
    "defence": 0,
    "special_attack": 1,
    "special_defence": 1,
    "speed": 0
  },
  "height": 9,
  "weight": 44,
  "aspects": [],
  "cannotDynamax": false
}
