{
  "implemented": true,
  "name": "Munchlax",
  "nationalPokedexNumber": 446,
  "primaryType": "normal",
  "abilities": [
    "pickup",
    "thickfat",
    "h:gluttony"
  ],
  "drops": {
    "amount": 5,
    "entries": [
      {
        "item": "minecraft:apple",
        "quantityRange": "0-3"
      },
      {
        "item": "cobblemon:leftovers",
        "percentage": 2.5
      },
      {
        "item": "cobblemon:chesto_berry",
        "percentage": 2.5
      }
    ]
  },
  "baseStats": {
    "hp": 135,
    "attack": 85,
    "defence": 40,
    "special_attack": 40,
    "special_defence": 85,
    "speed": 5
  },
  "catchRate": 50,
  "maleRatio": 0.875,
  "shoulderMountable": false,
  "baseExperienceYield": 78,
  "experienceGroup": "slow",
  "eggCycles": 40,
  "eggGroups": [
    "undiscovered"
  ],
  "moves": [
    "1:lastresort",
    "1:lick",
    "1:metronome",
    "1:odorsleuth",
    "1:recycle",
    "1:snatch",
    "1:tackle",
    "4:defensecurl",
    "8:recycle",
    "9:amnesia",
    "12:covet",
    "12:lick",
    "16:bite",
    "17:chipaway",
    "17:recycle",
    "20:screech",
    "20:stockpile",
    "20:swallow",
    "24:screech",
    "25:bodyslam",
    "25:chipaway",
    "25:stockpile",
    "28:bodyslam",
    "28:stockpile",
    "28:swallow",
    "32:fling",
    "33:bodyslam",
    "33:swallow",
    "36:amnesia",
    "36:bodyslam",
    "36:fling",
    "36:rollout",
    "40:metronome",
    "41:fling",
    "41:rollout",
    "44:bellydrum",
    "44:flail",
    "44:naturalgift",
    "44:rollout",
    "48:bellydrum",
    "49:lastresort",
    "49:naturalgift",
    "50:snatch",
    "52:lastresort",
    "52:snatch",
    "57:lastresort",
    "100:afteryou",
    "100:belch",
    "100:charm",
    "100:counter",
    "100:curse",
    "100:doubleedge",
    "100:fissure",
    "100:lick",
    "100:naturalgift",
    "100:pursuit",
    "100:selfdestruct",
    "100:substitute",
    "100:whirlwind",
    "100:zenheadbutt",
    "100:amnesia",
    "100:attract",
    "100:blizzard",
    "100:bodyslam",
    "100:brickbreak",
    "100:bulldoze",
    "100:captivate",
    "100:charm",
    "100:chillingwater",
    "100:confide",
    "100:crunch",
    "100:curse",
    "100:dig",
    "100:doubleedge",
    "100:doubleteam",
    "100:earthquake",
    "100:encore",
    "100:endure",
    "100:facade",
    "100:fireblast",
    "100:firepunch",
    "100:flamethrower",
    "100:fling",
    "100:focuspunch",
    "100:frustration",
    "100:gigaimpact",
    "100:gunkshot",
    "100:helpinghand",
    "100:hiddenpower",
    "100:hydropump",
    "100:hypervoice",
    "100:icebeam",
    "100:icepunch",
    "100:icywind",
    "100:incinerate",
    "100:megakick",
    "100:megapunch",
    "100:metronome",
    "100:mudslap",
    "100:naturalgift",
    "100:payday",
    "100:poweruppunch",
    "100:protect",
    "100:psychic",
    "100:raindance",
    "100:recycle",
    "100:rest",
    "100:retaliate",
    "100:return",
    "100:rockclimb",
    "100:rockslide",
    "100:rocksmash",
    "100:rocktomb",
    "100:round",
    "100:sandstorm",
    "100:screech",
    "100:secretpower",
    "100:seedbomb",
    "100:selfdestruct",
    "100:shadowball",
    "100:shockwave",
    "100:sleeptalk",
    "100:snore",
    "100:solarbeam",
    "100:stompingtantrum",
    "100:strength",
    "100:substitute",
    "100:sunnyday",
    "100:superpower",
    "100:surf",
    "100:swagger",
    "100:takedown",
    "100:terablast",
    "100:thunder",
    "100:thunderbolt",
    "100:thunderpunch",
    "100:toxic",
    "100:trailblaze",
    "100:uproar",
    "100:waterpulse",
    "100:whirlpool",
    "100:workup",
    "100:zenheadbutt",
    "100:afteryou",
    "100:covet",
    "100:curse",
    "100:defensecurl",
    "100:firepunch",
    "100:focuspunch",
    "100:gunkshot",
    "100:happyhour",
    "100:headbutt",
    "100:holdback",
    "100:hypervoice",
    "100:icepunch",
    "100:icywind",
    "100:lastresort",
    "100:metronome",
    "100:mudslap",
    "100:odorsleuth",
    "100:recycle",
    "100:rollout",
    "100:seedbomb",
    "100:selfdestruct",
    "100:shockwave",
    "100:sleeptalk",
    "100:snatch",
    "100:snore",
    "100:stompingtantrum",
    "100:superpower",
    "100:thunderpunch",
    "100:uproar",
    "100:waterpulse",
    "100:zenheadbutt"
  ],
  "labels": [
    "gen4",
    "baby"
  ],
  "pokedex": [
    "cobblemon.species.munchlax.desc"
  ],
  "evolutions": [
    {
      "id": "munchlax_snorlax",
      "variant": "level_up",
      "result": "snorlax",
      "consumeHeldItem": false,
      "learnableMoves": [],
      "requirements": [
        {
          "variant": "friendship",
          "amount": 160
        }
      ]
    }
  ],
  "baseScale": 0.8,
  "hitbox": {
    "width": 0.7,
    "height": 1,
    "fixed": false
  },
  "baseFriendship": 50,
  "evYield": {
    "hp": 1,
    "attack": 0,
    "defence": 0,
    "special_attack": 0,
    "special_defence": 0,
    "speed": 0
  },
  "height": 6,
  "weight": 1050,
  "aspects": [],
  "cannotDynamax": false
}
