{
  "name": "Palkia",
  "nationalPokedexNumber": 484,
  "primaryType": "water",
  "secondaryType": "dragon",
  "abilities": [
    "pressure",
    "h:telepathy"
  ],
  "baseStats": {
    "hp": 90,
    "attack": 120,
    "defence": 100,
    "special_attack": 150,
    "special_defence": 120,
    "speed": 100
  },
  "catchRate": 3,
  "maleRatio": -1,
  "shoulderMountable": false,
  "forms": [
    {
      "name": "Origin",
      "primaryType": "water",
      "secondaryType": "dragon",
      "abilities": [
        "pressure",
        "h:telepathy"
      ],
      "baseStats": {
        "hp": 90,
        "attack": 100,
        "defence": 100,
        "special_attack": 150,
        "special_defence": 120,
        "speed": 120
      },
      "catchRate": 3,
      "maleRatio": -1,
      "baseExperienceYield": 340,
      "baseFriendship": 0,
      "evYield": {
        "hp": 0,
        "attack": 0,
        "defence": 0,
        "special_attack": 3,
        "special_defence": 0,
        "speed": 0
      },
      "experienceGroup": "slow",
      "eggCycles": 120,
      "eggGroups": [
        "undiscovered"
      ],
      "labels": [
        "gen8",
        "legendary"
      ],
      "aspects": [
        "origin"
      ],
      "height": 63,
      "weight": 6600,
      "cannotDynamax": false,
      "battleOnly": false
    }
  ],
  "baseExperienceYield": 340,
  "experienceGroup": "slow",
  "eggCycles": 120,
  "eggGroups": [
    "undiscovered"
  ],
  "moves": [
    "1:dragonbreath",
    "1:scaryface",
    "1:waterpulse",
    "6:waterpulse",
    "8:dragonbreath",
    "10:ancientpower",
    "15:slash",
    "16:ancientpower",
    "19:powergem",
    "24:aquaring",
    "24:aquatail",
    "24:slash",
    "28:dragonclaw",
    "32:aquaring",
    "33:earthpower",
    "37:aurasphere",
    "40:dragonclaw",
    "40:spacialrend",
    "42:hydropump",
    "46:spacialrend",
    "48:aurasphere",
    "50:healblock",
    "50:hydropump",
    "56:powergem",
    "64:aquatail",
    "72:earthpower",
    "80:spacialrend",
    "88:hydropump",
    "100:aerialace",
    "100:aurasphere",
    "100:avalanche",
    "100:blizzard",
    "100:bodypress",
    "100:bodyslam",
    "100:breakingswipe",
    "100:brickbreak",
    "100:brine",
    "100:bulkup",
    "100:bulldoze",
    "100:chillingwater",
    "100:confide",
    "100:cut",
    "100:dive",
    "100:doubleteam",
    "100:dracometeor",
    "100:dragonclaw",
    "100:dragonpulse",
    "100:dragontail",
    "100:dualwingbeat",
    "100:earthpower",
    "100:earthquake",
    "100:echoedvoice",
    "100:endure",
    "100:facade",
    "100:fireblast",
    "100:flamethrower",
    "100:fling",
    "100:focusblast",
    "100:focuspunch",
    "100:frustration",
    "100:gigaimpact",
    "100:gravity",
    "100:hail",
    "100:heavyslam",
    "100:hiddenpower",
    "100:honeclaws",
    "100:hydropump",
    "100:hyperbeam",
    "100:hypervoice",
    "100:icebeam",
    "100:icywind",
    "100:incinerate",
    "100:liquidation",
    "100:naturalgift",
    "100:outrage",
    "100:powergem",
    "100:protect",
    "100:psychup",
    "100:raindance",
    "100:rest",
    "100:return",
    "100:roar",
    "100:rockslide",
    "100:rocksmash",
    "100:rocktomb",
    "100:round",
    "100:safeguard",
    "100:sandstorm",
    "100:scaleshot",
    "100:scaryface",
    "100:secretpower",
    "100:shadowclaw",
    "100:shockwave",
    "100:sleeptalk",
    "100:snore",
    "100:snowscape",
    "100:stompingtantrum",
    "100:stoneedge",
    "100:strength",
    "100:substitute",
    "100:sunnyday",
    "100:surf",
    "100:swagger",
    "100:swift",
    "100:takedown",
    "100:terablast",
    "100:thunder",
    "100:thunderbolt",
    "100:thunderwave",
    "100:toxic",
    "100:trick",
    "100:trickroom",
    "100:waterfall",
    "100:waterpulse",
    "100:whirlpool",
    "100:ancientpower",
    "100:aquatail",
    "100:aurasphere",
    "100:dive",
    "100:dragonbreath",
    "100:dragonclaw",
    "100:dragonpulse",
    "100:dualwingbeat",
    "100:earthpower",
    "100:focuspunch",
    "100:furycutter",
    "100:gravity",
    "100:headbutt",
    "100:healblock",
    "100:hypervoice",
    "100:liquidation",
    "100:mudslap",
    "100:outrage",
    "100:scaleshot",
    "100:scaryface",
    "100:shockwave",
    "100:slash",
    "100:sleeptalk",
    "100:snore",
    "100:spacialrend",
    "100:stompingtantrum",
    "100:surf",
    "100:swift",
    "100:twister",
    "100:waterpulse"
  ],
  "labels": [
    "gen4",
    "legendary"
  ],
  "pokedex": [
    "cobblemon.species.palkia.desc"
  ],
  "evolutions": [],
  "baseScale": 1,
  "hitbox": {
    "width": 1,
    "height": 1,
    "fixed": false
  },
  "baseFriendship": 0,
  "evYield": {
    "hp": 0,
    "attack": 0,
    "defence": 0,
    "special_attack": 3,
    "special_defence": 0,
    "speed": 0
  },
  "height": 42,
  "weight": 3360,
  "aspects": [],
  "cannotDynamax": false
}
