{
  "name": "Purugly",
  "nationalPokedexNumber": 432,
  "primaryType": "normal",
  "abilities": [
    "thickfat",
    "owntempo",
    "h:defiant"
  ],
  "drops": {
    "amount": 1,
    "entries": [
      {
        "item": "cobblemon:cheri_berry",
        "percentage": 5.0
      }
    ]
  },
  "baseStats": {
    "hp": 71,
    "attack": 82,
    "defence": 64,
    "special_attack": 64,
    "special_defence": 59,
    "speed": 112
  },
  "catchRate": 75,
  "maleRatio": 0.25,
  "shoulderMountable": false,
  "baseExperienceYield": 158,
  "experienceGroup": "fast",
  "eggCycles": 20,
  "eggGroups": [
    "field"
  ],
  "moves": [
    "1:fakeout",
    "1:growl",
    "1:scratch",
    "1:swagger",
    "13:hypnosis",
    "17:feintattack",
    "20:furyswipes",
    "25:charm",
    "29:assist",
    "32:captivate",
    "37:slash",
    "38:swagger",
    "45:bodyslam",
    "52:attract",
    "53:attract",
    "60:honeclaws",
    "100:aerialace",
    "100:attract",
    "100:bulldoze",
    "100:captivate",
    "100:confide",
    "100:cut",
    "100:dig",
    "100:doubleteam",
    "100:dreameater",
    "100:echoedvoice",
    "100:endure",
    "100:facade",
    "100:flash",
    "100:frustration",
    "100:gigaimpact",
    "100:hiddenpower",
    "100:honeclaws",
    "100:hyperbeam",
    "100:irontail",
    "100:naturalgift",
    "100:payback",
    "100:protect",
    "100:psychup",
    "100:raindance",
    "100:rest",
    "100:retaliate",
    "100:return",
    "100:roar",
    "100:round",
    "100:secretpower",
    "100:shadowball",
    "100:shadowclaw",
    "100:shockwave",
    "100:sleeptalk",
    "100:snatch",
    "100:substitute",
    "100:sunnyday",
    "100:swagger",
    "100:taunt",
    "100:thief",
    "100:thunder",
    "100:thunderbolt",
    "100:torment",
    "100:toxic",
    "100:uturn",
    "100:waterpulse",
    "100:workup",
    "100:covet",
    "100:foulplay",
    "100:furycutter",
    "100:headbutt",
    "100:hypervoice",
    "100:irontail",
    "100:knockoff",
    "100:lastresort",
    "100:mudslap",
    "100:rollout",
    "100:shockwave",
    "100:sleeptalk",
    "100:snatch",
    "100:snore",
    "100:stompingtantrum",
    "100:suckerpunch",
    "100:superfang",
    "100:swift",
    "100:throatchop",
    "100:waterpulse"
  ],
  "labels": [
    "gen4"
  ],
  "pokedex": [
    "cobblemon.species.purugly.desc"
  ],
  "preEvolution": "glameow",
  "evolutions": [],
  "baseScale": 1,
  "hitbox": {
    "width": 1,
    "height": 1,
    "fixed": false
  },
  "baseFriendship": 70,
  "evYield": {
    "hp": 0,
    "attack": 0,
    "defence": 0,
    "special_attack": 0,
    "special_defence": 0,
    "speed": 2
  },
  "height": 10,
  "weight": 438,
  "aspects": [],
  "cannotDynamax": false
}
