{
  "implemented": true,
  "name": "Rampardos",
  "nationalPokedexNumber": 409,
  "primaryType": "rock",
  "abilities": [
    "moldbreaker",
    "h:sheerforce"
  ],
  "drops": {
    "amount": 2,
    "entries": [
      {
        "item": "minecraft:bones",
        "quantityRange": "0-2"
      }
    ]
  },
  "baseStats": {
    "hp": 97,
    "attack": 165,
    "defence": 60,
    "special_attack": 65,
    "special_defence": 50,
    "speed": 58
  },
  "catchRate": 45,
  "maleRatio": 0.875,
  "shoulderMountable": false,
  "baseExperienceYield": 173,
  "experienceGroup": "erratic",
  "eggCycles": 30,
  "eggGroups": [
    "monster"
  ],
  "behaviour": {
    "resting": {
      "canSleep": true,
      "willSleepOnBed": false,
      "depth": "normal",
      "light": "0-4"
    },
    "moving" : {
      "walk": {
        "walkSpeed": 0.19
      }
    }
  },
  "moves": [
    "1:endeavor",
    "1:focusenergy",
    "1:headbutt",
    "1:leer",
    "1:pursuit",
    "6:focusenergy",
    "10:pursuit",
    "10:rocksmash",
    "15:takedown",
    "19:scaryface",
    "24:assurance",
    "28:ancientpower",
    "28:chipaway",
    "28:slam",
    "30:endeavor",
    "36:ancientpower",
    "36:zenheadbutt",
    "43:screech",
    "43:zenheadbutt",
    "51:screech",
    "52:headsmash",
    "58:headsmash",
    "100:attract",
    "100:avalanche",
    "100:blizzard",
    "100:bodypress",
    "100:bodyslam",
    "100:breakingswipe",
    "100:brickbreak",
    "100:bulldoze",
    "100:captivate",
    "100:confide",
    "100:crunch",
    "100:curse",
    "100:cut",
    "100:dig",
    "100:doubleedge",
    "100:doubleteam",
    "100:dragoncheer",
    "100:dragonclaw",
    "100:dragonpulse",
    "100:dragontail",
    "100:earthpower",
    "100:earthquake",
    "100:endeavor",
    "100:endure",
    "100:facade",
    "100:fireblast",
    "100:firepunch",
    "100:flamethrower",
    "100:fling",
    "100:focusblast",
    "100:focuspunch",
    "100:frustration",
    "100:gigaimpact",
    "100:heavyslam",
    "100:hiddenpower",
    "100:hyperbeam",
    "100:icebeam",
    "100:incinerate",
    "100:ironhead",
    "100:irontail",
    "100:mudslap",
    "100:naturalgift",
    "100:outrage",
    "100:payback",
    "100:poweruppunch",
    "100:protect",
    "100:raindance",
    "100:rest",
    "100:return",
    "100:roar",
    "100:rockblast",
    "100:rockclimb",
    "100:rockpolish",
    "100:rockslide",
    "100:rocksmash",
    "100:rocktomb",
    "100:round",
    "100:sandstorm",
    "100:scaryface",
    "100:secretpower",
    "100:shockwave",
    "100:sleeptalk",
    "100:smackdown",
    "100:stealthrock",
    "100:stompingtantrum",
    "100:stoneedge",
    "100:strength",
    "100:substitute",
    "100:sunnyday",
    "100:supercellslam",
    "100:surf",
    "100:swagger",
    "100:swordsdance",
    "100:takedown",
    "100:terablast",
    "100:thief",
    "100:thunder",
    "100:thunderbolt",
    "100:thunderpunch",
    "100:toxic",
    "100:trailblaze",
    "100:uproar",
    "100:whirlpool",
    "100:zenheadbutt",
    "100:ancientpower",
    "100:dragonpulse",
    "100:earthpower",
    "100:endeavor",
    "100:firepunch",
    "100:focuspunch",
    "100:headbutt",
    "100:ironhead",
    "100:irontail",
    "100:laserfocus",
    "100:mudslap",
    "100:outrage",
    "100:painsplit",
    "100:shockwave",
    "100:sleeptalk",
    "100:snore",
    "100:spite",
    "100:stealthrock",
    "100:stompingtantrum",
    "100:superpower",
    "100:thunderpunch",
    "100:uproar",
    "100:zenheadbutt"
  ],
  "labels": [
    "gen4"
  ],
  "pokedex": [
    "cobblemon.species.rampardos.desc"
  ],
  "preEvolution": "cranidos",
  "evolutions": [],
  "baseScale": 0.9,
  "hitbox": {
    "width": 1.6,
    "height": 2.5,
    "fixed": false
  },
  "baseFriendship": 70,
  "evYield": {
    "hp": 0,
    "attack": 2,
    "defence": 0,
    "special_attack": 0,
    "special_defence": 0,
    "speed": 0
  },
  "height": 16,
  "weight": 1025,
  "aspects": [],
  "cannotDynamax": false
}
