{
  "name": "Regigigas",
  "nationalPokedexNumber": 486,
  "primaryType": "normal",
  "abilities": [
    "slowstart"
  ],
  "baseStats": {
    "hp": 110,
    "attack": 160,
    "defence": 110,
    "special_attack": 80,
    "special_defence": 110,
    "speed": 100
  },
  "catchRate": 3,
  "maleRatio": -1,
  "shoulderMountable": false,
  "baseExperienceYield": 335,
  "experienceGroup": "slow",
  "eggCycles": 120,
  "eggGroups": [
    "undiscovered"
  ],
  "moves": [
    "1:confuseray",
    "1:crushgrip",
    "1:dizzypunch",
    "1:firepunch",
    "1:foresight",
    "1:heavyslam",
    "1:icepunch",
    "1:knockoff",
    "1:megapunch",
    "1:pound",
    "1:stomp",
    "1:thunderpunch",
    "6:payback",
    "12:facade",
    "12:revenge",
    "18:stomp",
    "24:protect",
    "25:revenge",
    "25:superpower",
    "30:knockoff",
    "36:megapunch",
    "40:wideguard",
    "42:bodypress",
    "48:wideguard",
    "50:zenheadbutt",
    "54:zenheadbutt",
    "60:heavyslam",
    "65:payback",
    "66:hammerarm",
    "72:gigaimpact",
    "75:crushgrip",
    "78:crushgrip",
    "90:heavyslam",
    "100:gigaimpact",
    "100:aerialace",
    "100:avalanche",
    "100:bodypress",
    "100:bodyslam",
    "100:brickbreak",
    "100:bulldoze",
    "100:confide",
    "100:confuseray",
    "100:darkestlariat",
    "100:doubleteam",
    "100:doubleedge",
    "100:drainpunch",
    "100:earthpower",
    "100:earthquake",
    "100:endure",
    "100:facade",
    "100:firepunch",
    "100:fling",
    "100:focusblast",
    "100:focuspunch",
    "100:frustration",
    "100:gigaimpact",
    "100:gravity",
    "100:hardpress",
    "100:heatcrash",
    "100:heavyslam",
    "100:hiddenpower",
    "100:highhorsepower",
    "100:hyperbeam",
    "100:icepunch",
    "100:icywind",
    "100:ironhead",
    "100:knockoff",
    "100:megakick",
    "100:megapunch",
    "100:naturalgift",
    "100:naturepower",
    "100:payback",
    "100:poweruppunch",
    "100:protect",
    "100:psychup",
    "100:raindance",
    "100:rest",
    "100:retaliate",
    "100:return",
    "100:revenge",
    "100:rockclimb",
    "100:rockpolish",
    "100:rockslide",
    "100:rocksmash",
    "100:rocktomb",
    "100:round",
    "100:safeguard",
    "100:secretpower",
    "100:shockwave",
    "100:sleeptalk",
    "100:smackdown",
    "100:snore",
    "100:stompingtantrum",
    "100:stoneedge",
    "100:strength",
    "100:substitute",
    "100:sunnyday",
    "100:superpower",
    "100:swagger",
    "100:terablast",
    "100:thunder",
    "100:thunderbolt",
    "100:thunderpunch",
    "100:thunderwave",
    "100:toxic",
    "100:zenheadbutt",
    "100:ancientpower",
    "100:block",
    "100:confuseray",
    "100:crushgrip",
    "100:dizzypunch",
    "100:drainpunch",
    "100:earthpower",
    "100:firepunch",
    "100:focuspunch",
    "100:foresight",
    "100:gigaimpact",
    "100:gravity",
    "100:hammerarm",
    "100:headbutt",
    "100:heavyslam",
    "100:icepunch",
    "100:icywind",
    "100:ironhead",
    "100:knockoff",
    "100:mudslap",
    "100:payback",
    "100:revenge",
    "100:rockslide",
    "100:shockwave",
    "100:sleeptalk",
    "100:snore",
    "100:stomp",
    "100:stompingtantrum",
    "100:superpower",
    "100:terrainpulse",
    "100:thunderpunch",
    "100:wideguard",
    "100:zenheadbutt"
  ],
  "labels": [
    "gen4",
    "legendary"
  ],
  "pokedex": [
    "cobblemon.species.regigigas.desc"
  ],
  "evolutions": [],
  "baseScale": 1,
  "hitbox": {
    "width": 1,
    "height": 1,
    "fixed": false
  },
  "baseFriendship": 0,
  "evYield": {
    "hp": 0,
    "attack": 3,
    "defence": 0,
    "special_attack": 0,
    "special_defence": 0,
    "speed": 0
  },
  "height": 37,
  "weight": 4200,
  "aspects": [],
  "cannotDynamax": false
}
