{
  "implemented": true,
  "name": "Riolu",
  "nationalPokedexNumber": 447,
  "primaryType": "fighting",
  "abilities": [
    "steadfast",
    "innerfocus",
    "h:prankster"
  ],
  "drops": {
    "amount": 2,
    "entries": [
      {
        "item": "cobblemon:chople_berry",
        "percentage": 2.5
      },
      {
        "item": "cobblemon:expert_belt",
        "percentage": 2.5
      }
    ]
  },
  "baseStats": {
    "hp": 40,
    "attack": 70,
    "defence": 40,
    "special_attack": 35,
    "special_defence": 40,
    "speed": 60
  },
  "catchRate": 75,
  "maleRatio": 0.875,
  "shoulderMountable": false,
  "baseExperienceYield": 57,
  "experienceGroup": "medium_slow",
  "eggCycles": 25,
  "eggGroups": [
    "undiscovered"
  ],
  "moves": [
    "1:endure",
    "1:foresight",
    "1:quickattack",
    "4:feint",
    "6:counter",
    "8:metalclaw",
    "11:feint",
    "11:forcepalm",
    "12:counter",
    "15:feint",
    "15:forcepalm",
    "16:workup",
    "19:copycat",
    "19:reversal",
    "20:rocksmash",
    "24:nastyplot",
    "24:screech",
    "24:vacuumwave",
    "28:screech",
    "29:copycat",
    "29:reversal",
    "32:quickguard",
    "36:forcepalm",
    "40:swordsdance",
    "44:helpinghand",
    "47:nastyplot",
    "48:copycat",
    "50:finalgambit",
    "52:finalgambit",
    "55:finalgambit",
    "56:reversal",
    "100:agility",
    "100:bite",
    "100:blazekick",
    "100:bulletpunch",
    "100:circlethrow",
    "100:crosschop",
    "100:crunch",
    "100:detect",
    "100:followme",
    "100:highjumpkick",
    "100:howl",
    "100:irondefense",
    "100:lowkick",
    "100:meteormash",
    "100:mindreader",
    "100:skyuppercut",
    "100:vacuumwave",
    "100:aerialace",
    "100:agility",
    "100:attract",
    "100:blazekick",
    "100:brickbreak",
    "100:bulkup",
    "100:bulldoze",
    "100:captivate",
    "100:closecombat",
    "100:coaching",
    "100:confide",
    "100:crunch",
    "100:dig",
    "100:doubleteam",
    "100:drainpunch",
    "100:earthquake",
    "100:endure",
    "100:facade",
    "100:fling",
    "100:focusblast",
    "100:focuspunch",
    "100:frustration",
    "100:helpinghand",
    "100:hiddenpower",
    "100:icepunch",
    "100:irondefense",
    "100:irontail",
    "100:lowkick",
    "100:lowsweep",
    "100:megakick",
    "100:megapunch",
    "100:metalclaw",
    "100:nastyplot",
    "100:naturalgift",
    "100:payback",
    "100:poisonjab",
    "100:poweruppunch",
    "100:protect",
    "100:psychup",
    "100:raindance",
    "100:rest",
    "100:retaliate",
    "100:return",
    "100:revenge",
    "100:reversal",
    "100:roar",
    "100:rockslide",
    "100:rocksmash",
    "100:rocktomb",
    "100:round",
    "100:screech",
    "100:secretpower",
    "100:shadowclaw",
    "100:sleeptalk",
    "100:snore",
    "100:strength",
    "100:substitute",
    "100:sunnyday",
    "100:swagger",
    "100:swift",
    "100:swordsdance",
    "100:takedown",
    "100:terablast",
    "100:thunderpunch",
    "100:toxic",
    "100:trailblaze",
    "100:upperhand",
    "100:vacuumwave",
    "100:workup",
    "100:zenheadbutt",
    "100:aurasphere",
    "100:bulletpunch",
    "100:coaching",
    "100:drainpunch",
    "100:dualchop",
    "100:endure",
    "100:focuspunch",
    "100:furycutter",
    "100:headbutt",
    "100:helpinghand",
    "100:icepunch",
    "100:irondefense",
    "100:irontail",
    "100:laserfocus",
    "100:lowkick",
    "100:magnetrise",
    "100:mudslap",
    "100:roleplay",
    "100:shadowclaw",
    "100:sleeptalk",
    "100:snore",
    "100:swift",
    "100:thunderpunch",
    "100:vacuumwave",
    "100:zenheadbutt"
  ],
  "labels": [
    "gen4",
    "baby"
  ],
  "pokedex": [
    "cobblemon.species.riolu.desc"
  ],
  "evolutions": [
    {
      "id": "riolu_lucario",
      "variant": "level_up",
      "result": "lucario",
      "consumeHeldItem": false,
      "learnableMoves": [
        "aurasphere"
      ],
      "requirements": [
        {
          "variant": "friendship",
          "amount": 160
        },
        {
          "variant": "time_range",
          "range": "day"
        }
      ]
    }
  ],
  "baseScale": 0.8,
  "hitbox": {
    "width": 0.6,
    "height": 1.3,
    "fixed": false
  },
  "baseFriendship": 50,
  "evYield": {
    "hp": 0,
    "attack": 1,
    "defence": 0,
    "special_attack": 0,
    "special_defence": 0,
    "speed": 0
  },
  "height": 7,
  "weight": 202,
  "aspects": [],
  "cannotDynamax": false
}
