{
  "name": "Rotom",
  "nationalPokedexNumber": 479,
  "primaryType": "electric",
  "secondaryType": "ghost",
  "abilities": [
    "levitate"
  ],
  "baseStats": {
    "hp": 50,
    "attack": 50,
    "defence": 77,
    "special_attack": 95,
    "special_defence": 77,
    "speed": 91
  },
  "catchRate": 45,
  "maleRatio": -1,
  "shoulderMountable": false,
  "forms": [
    {
      "name": "Heat",
      "primaryType": "electric",
      "secondaryType": "fire",
      "abilities": [
        "levitate"
      ],
      "baseStats": {
        "hp": 50,
        "attack": 65,
        "defence": 107,
        "special_attack": 105,
        "special_defence": 107,
        "speed": 86
      },
      "catchRate": 45,
      "maleRatio": -1,
      "baseExperienceYield": 154,
      "baseFriendship": 50,
      "evYield": {
        "hp": 0,
        "attack": 0,
        "defence": 0,
        "special_attack": 1,
        "special_defence": 0,
        "speed": 1
      },
      "experienceGroup": "medium_fast",
      "eggCycles": 20,
      "eggGroups": [
        "amorphous"
      ],
      "moves": [
        "1:overheat",
        "form_change:overheat"
      ],
      "labels": [
        "gen4"
      ],
      "aspects": [
        "heat"
      ],
      "height": 3,
      "weight": 3,
      "cannotDynamax": false,
      "battleOnly": false
    },
    {
      "name": "Wash",
      "primaryType": "electric",
      "secondaryType": "water",
      "abilities": [
        "levitate"
      ],
      "baseStats": {
        "hp": 50,
        "attack": 65,
        "defence": 107,
        "special_attack": 105,
        "special_defence": 107,
        "speed": 86
      },
      "catchRate": 45,
      "maleRatio": -1,
      "baseExperienceYield": 154,
      "baseFriendship": 50,
      "evYield": {
        "hp": 0,
        "attack": 0,
        "defence": 0,
        "special_attack": 1,
        "special_defence": 0,
        "speed": 1
      },
      "experienceGroup": "medium_fast",
      "eggCycles": 20,
      "eggGroups": [
        "amorphous"
      ],
      "moves": [
        "1:hydropump",
        "form_change:hydropump"
      ],
      "labels": [
        "gen4"
      ],
      "aspects": [
        "wash"
      ],
      "height": 3,
      "weight": 3,
      "cannotDynamax": false,
      "battleOnly": false
    },
    {
      "name": "Frost",
      "primaryType": "electric",
      "secondaryType": "ice",
      "abilities": [
        "levitate"
      ],
      "baseStats": {
        "hp": 50,
        "attack": 65,
        "defence": 107,
        "special_attack": 105,
        "special_defence": 107,
        "speed": 86
      },
      "catchRate": 45,
      "maleRatio": -1,
      "baseExperienceYield": 154,
      "baseFriendship": 50,
      "evYield": {
        "hp": 0,
        "attack": 0,
        "defence": 0,
        "special_attack": 1,
        "special_defence": 0,
        "speed": 1
      },
      "experienceGroup": "medium_fast",
      "eggCycles": 20,
      "eggGroups": [
        "amorphous"
      ],
      "moves": [
        "1:blizzard",
        "form_change:blizzard"
      ],
      "labels": [
        "gen4"
      ],
      "aspects": [
        "frost"
      ],
      "height": 3,
      "weight": 3,
      "cannotDynamax": false,
      "battleOnly": false
    },
    {
      "name": "Fan",
      "primaryType": "electric",
      "secondaryType": "flying",
      "abilities": [
        "levitate"
      ],
      "baseStats": {
        "hp": 50,
        "attack": 65,
        "defence": 107,
        "special_attack": 105,
        "special_defence": 107,
        "speed": 86
      },
      "catchRate": 45,
      "maleRatio": -1,
      "baseExperienceYield": 154,
      "baseFriendship": 50,
      "evYield": {
        "hp": 0,
        "attack": 0,
        "defence": 0,
        "special_attack": 1,
        "special_defence": 0,
        "speed": 1
      },
      "experienceGroup": "medium_fast",
      "eggCycles": 20,
      "eggGroups": [
        "amorphous"
      ],
      "moves": [
        "1:airslash",
        "form_change:airslash"
      ],
      "labels": [
        "gen4"
      ],
      "aspects": [
        "fan"
      ],
      "height": 3,
      "weight": 3,
      "cannotDynamax": false,
      "battleOnly": false
    },
    {
      "name": "Mow",
      "primaryType": "electric",
      "secondaryType": "grass",
      "abilities": [
        "levitate"
      ],
      "baseStats": {
        "hp": 50,
        "attack": 65,
        "defence": 107,
        "special_attack": 105,
        "special_defence": 107,
        "speed": 86
      },
      "catchRate": 45,
      "maleRatio": -1,
      "baseExperienceYield": 154,
      "baseFriendship": 50,
      "evYield": {
        "hp": 0,
        "attack": 0,
        "defence": 0,
        "special_attack": 1,
        "special_defence": 0,
        "speed": 1
      },
      "experienceGroup": "medium_fast",
      "eggCycles": 20,
      "eggGroups": [
        "amorphous"
      ],
      "moves": [
        "1:leafstorm",
        "form_change:leafstorm"
      ],
      "labels": [
        "gen4"
      ],
      "aspects": [
        "mow"
      ],
      "height": 3,
      "weight": 3,
      "cannotDynamax": false,
      "battleOnly": false
    }
  ],
  "baseExperienceYield": 154,
  "experienceGroup": "medium_fast",
  "eggCycles": 20,
  "eggGroups": [
    "amorphous"
  ],
  "moves": [
    "1:astonish",
    "1:charge",
    "1:confuseray",
    "1:discharge",
    "1:doubleteam",
    "1:thundershock",
    "1:thunderwave",
    "1:trick",
    "5:thundershock",
    "8:uproar",
    "10:confuseray",
    "15:charge",
    "15:doubleteam",
    "20:electroball",
    "22:shockwave",
    "25:thunderwave",
    "29:ominouswind",
    "30:shockwave",
    "35:hex",
    "36:substitute",
    "40:substitute",
    "43:charge",
    "43:electroball",
    "45:trick",
    "50:discharge",
    "50:hex",
    "55:uproar",
    "64:discharge",
    "100:allyswitch",
    "100:charge",
    "100:chargebeam",
    "100:confide",
    "100:confuseray",
    "100:darkpulse",
    "100:doubleteam",
    "100:dreameater",
    "100:eerieimpulse",
    "100:electricterrain",
    "100:electroball",
    "100:electroweb",
    "100:endure",
    "100:facade",
    "100:flash",
    "100:foulplay",
    "100:frustration",
    "100:helpinghand",
    "100:hex",
    "100:hiddenpower",
    "100:hypervoice",
    "100:lightscreen",
    "100:nastyplot",
    "100:naturalgift",
    "100:nightshade",
    "100:painsplit",
    "100:poltergeist",
    "100:protect",
    "100:psychup",
    "100:raindance",
    "100:reflect",
    "100:rest",
    "100:return",
    "100:round",
    "100:secretpower",
    "100:shadowball",
    "100:shockwave",
    "100:sleeptalk",
    "100:spite",
    "100:storedpower",
    "100:substitute",
    "100:sunnyday",
    "100:swagger",
    "100:swift",
    "100:telekinesis",
    "100:terablast",
    "100:thief",
    "100:thunder",
    "100:thunderbolt",
    "100:thunderwave",
    "100:toxic",
    "100:trick",
    "100:uproar",
    "100:voltswitch",
    "100:willowisp",
    "100:allyswitch",
    "100:astonish",
    "100:confide",
    "100:darkpulse",
    "100:defog",
    "100:disarmingvoice",
    "100:electroweb",
    "100:foulplay",
    "100:mudslap",
    "100:ominouswind",
    "100:painsplit",
    "100:poltergeist",
    "100:risingvoltage",
    "100:shockwave",
    "100:signalbeam",
    "100:sleeptalk",
    "100:snatch",
    "100:snore",
    "100:spite",
    "100:suckerpunch",
    "100:swift",
    "100:telekinesis",
    "100:thundershock",
    "100:thunderwave",
    "100:trick",
    "100:uproar"
  ],
  "labels": [
    "gen4"
  ],
  "pokedex": [
    "cobblemon.species.rotom.desc"
  ],
  "evolutions": [],
  "baseScale": 1,
  "hitbox": {
    "width": 1,
    "height": 1,
    "fixed": false
  },
  "baseFriendship": 50,
  "evYield": {
    "hp": 0,
    "attack": 0,
    "defence": 0,
    "special_attack": 1,
    "special_defence": 0,
    "speed": 1
  },
  "height": 3,
  "weight": 3,
  "aspects": [],
  "cannotDynamax": false
}
