{
  "name": "Shaymin",
  "nationalPokedexNumber": 492,
  "primaryType": "grass",
  "abilities": [
    "naturalcure"
  ],
  "baseStats": {
    "hp": 100,
    "attack": 100,
    "defence": 100,
    "special_attack": 100,
    "special_defence": 100,
    "speed": 100
  },
  "catchRate": 45,
  "maleRatio": -1,
  "shoulderMountable": false,
  "baseExperienceYield": 270,
  "baseFriendship": 100,
  "evYield": {
    "hp": 3,
    "attack": 0,
    "defence": 0,
    "special_attack": 0,
    "special_defence": 0,
    "speed": 0
  },
  "experienceGroup": "medium_slow",
  "eggCycles": 120,
  "eggGroups": [
    "undiscovered"
  ],
  "moves": [
    "1:defensecurl",
    "1:growth",
    "10:magicalleaf",
    "19:leechseed",
    "28:quickattack",
    "28:synthesis",
    "37:sweetscent",
    "46:naturalgift",
    "46:playrough",
    "55:worryseed",
    "64:airslash",
    "64:aromatherapy",
    "64:grassyterrain",
    "73:energyball",
    "82:grasswhistle",
    "82:sweetkiss",
    "91:healingwish",
    "91:leafstorm",
    "91:luckychant",
    "100:seedflare",
    "100:aircutter",
    "100:airslash",
    "100:batonpass",
    "100:bulletseed",
    "100:confide",
    "100:dazzlinggleam",
    "100:disarmingvoice",
    "100:doubleedge",
    "100:doubleteam",
    "100:earthpower",
    "100:endeavor",
    "100:endure",
    "100:energyball",
    "100:facade",
    "100:flash",
    "100:frustration",
    "100:gigadrain",
    "100:gigaimpact",
    "100:grassknot",
    "100:grassyglide",
    "100:grassyterrain",
    "100:hiddenpower",
    "100:hyperbeam",
    "100:leafstorm",
    "100:magicalleaf",
    "100:naturalgift",
    "100:naturepower",
    "100:petalblizzard",
    "100:playrough",
    "100:protect",
    "100:psychic",
    "100:psychup",
    "100:rest",
    "100:return",
    "100:round",
    "100:safeguard",
    "100:secretpower",
    "100:seedbomb",
    "100:sleeptalk",
    "100:solarbeam",
    "100:substitute",
    "100:sunnyday",
    "100:swagger",
    "100:swift",
    "100:swordsdance",
    "100:tailwind",
    "100:takedown",
    "100:terablast",
    "100:toxic",
    "100:trailblaze",
    "100:zenheadbutt",
    "100:aircutter",
    "100:airslash",
    "100:aromatherapy",
    "100:celebrate",
    "100:covet",
    "100:earthpower",
    "100:endeavor",
    "100:energyball",
    "100:gigadrain",
    "100:growth",
    "100:headbutt",
    "100:laserfocus",
    "100:lastresort",
    "100:leechseed",
    "100:magicalleaf",
    "100:mudslap",
    "100:ominouswind",
    "100:return",
    "100:seedbomb",
    "100:seedflare",
    "100:sleeptalk",
    "100:snore",
    "100:substitute",
    "100:sweetscent",
    "100:swift",
    "100:synthesis",
    "100:tailwind",
    "100:worryseed",
    "100:zenheadbutt"
  ],
  "labels": [
    "gen4",
    "mythical",
    "legendary"
  ],
  "pokedex": [
    "cobblemon.species.shaymin.desc"
  ],
  "height": 2,
  "weight": 21,
  "evolutions": [],
  "forms": [
    {
      "name": "Sky",
      "primaryType": "grass",
      "secondaryType": "flying",
      "abilities": [
        "serenegrace"
      ],
      "baseStats": {
        "hp": 100,
        "attack": 103,
        "defence": 75,
        "special_attack": 120,
        "special_defence": 75,
        "speed": 127
      },
      "catchRate": 45,
      "maleRatio": -1,
      "baseExperienceYield": 270,
      "baseFriendship": 100,
      "evYield": {
        "hp": 0,
        "attack": 0,
        "defence": 0,
        "special_attack": 0,
        "special_defence": 0,
        "speed": 3
      },
      "experienceGroup": "medium_slow",
      "eggCycles": 120,
      "eggGroups": [
        "undiscovered"
      ],
      "labels": [
        "gen4",
        "mythical",
        "legendary"
      ],
      "aspects": [
        "sky"
      ],
      "height": 4,
      "weight": 52,
      "cannotDynamax": false,
      "battleOnly": false
    }
  ],
  "aspects": [],
  "cannotDynamax": false
}
