{
  "name": "Shellos",
  "nationalPokedexNumber": 422,
  "primaryType": "water",
  "abilities": [
    "stickyhold",
    "stormdrain",
    "h:sandforce"
  ],
  "drops": {
    "amount": 2,
    "entries": [
      {
        "item": "minecraft:clay_ball",
        "quantityRange": "0-1"
      },
      {
        "item": "cobblemon:rindo_berry",
        "percentage": 2.5
      }
    ]
  },
  "baseStats": {
    "hp": 76,
    "attack": 48,
    "defence": 48,
    "special_attack": 57,
    "special_defence": 62,
    "speed": 34
  },
  "catchRate": 190,
  "maleRatio": 0.5,
  "shoulderMountable": false,
  "baseExperienceYield": 65,
  "experienceGroup": "medium_fast",
  "eggCycles": 20,
  "eggGroups": [
    "water_1",
    "amorphous"
  ],
  "moves": [
    "1:mudslap",
    "1:watergun",
    "2:mudsport",
    "4:harden",
    "5:harden",
    "7:waterpulse",
    "10:recover",
    "11:mudbomb",
    "15:waterpulse",
    "16:hiddenpower",
    "20:ancientpower",
    "22:raindance",
    "25:bodyslam",
    "29:bodyslam",
    "31:muddywater",
    "35:earthpower",
    "37:muddywater",
    "40:raindance",
    "45:memento",
    "46:recover",
    "100:acidarmor",
    "100:amnesia",
    "100:brine",
    "100:clearsmog",
    "100:counter",
    "100:curse",
    "100:fissure",
    "100:memento",
    "100:mirrorcoat",
    "100:mist",
    "100:sludge",
    "100:spitup",
    "100:stockpile",
    "100:swallow",
    "100:trumpcard",
    "100:yawn",
    "100:amnesia",
    "100:attract",
    "100:blizzard",
    "100:bodyslam",
    "100:brine",
    "100:bulldoze",
    "100:captivate",
    "100:chillingwater",
    "100:confide",
    "100:curse",
    "100:dive",
    "100:doubleteam",
    "100:earthpower",
    "100:endure",
    "100:facade",
    "100:frustration",
    "100:hail",
    "100:helpinghand",
    "100:hiddenpower",
    "100:hydropump",
    "100:icebeam",
    "100:icywind",
    "100:infestation",
    "100:liquidation",
    "100:muddywater",
    "100:mudshot",
    "100:mudslap",
    "100:naturalgift",
    "100:painsplit",
    "100:protect",
    "100:raindance",
    "100:rest",
    "100:return",
    "100:rockslide",
    "100:rocktomb",
    "100:round",
    "100:sandstorm",
    "100:scald",
    "100:secretpower",
    "100:skittersmack",
    "100:sleeptalk",
    "100:snore",
    "100:snowscape",
    "100:stealthrock",
    "100:stoneedge",
    "100:substitute",
    "100:surf",
    "100:swagger",
    "100:takedown",
    "100:terablast",
    "100:toxic",
    "100:waterfall",
    "100:waterpulse",
    "100:whirlpool",
    "100:ancientpower",
    "100:dive",
    "100:earthpower",
    "100:headbutt",
    "100:icywind",
    "100:mudslap",
    "100:painsplit",
    "100:secretpower",
    "100:skittersmack",
    "100:sleeptalk",
    "100:snore",
    "100:stringshot",
    "100:waterpulse",
    "100:yawn"
  ],
  "labels": [
    "gen4"
  ],
  "pokedex": [
    "cobblemon.species.shellos.desc"
  ],
  "evolutions": [
    {
      "id": "shellos_gastrodon",
      "variant": "level_up",
      "result": "gastrodon",
      "consumeHeldItem": false,
      "learnableMoves": [],
      "requirements": [
        {
          "variant": "level",
          "minLevel": 30
        }
      ]
    }
  ],
  "baseScale": 1,
  "hitbox": {
    "width": 1,
    "height": 1,
    "fixed": false
  },
  "baseFriendship": 50,
  "evYield": {
    "hp": 1,
    "attack": 0,
    "defence": 0,
    "special_attack": 0,
    "special_defence": 0,
    "speed": 0
  },
  "height": 3,
  "weight": 63,
  "aspects": [],
  "cannotDynamax": false
}
