{
  "name": "Skorupi",
  "nationalPokedexNumber": 451,
  "primaryType": "poison",
  "secondaryType": "bug",
  "abilities": [
    "battlearmor",
    "sniper",
    "h:keeneye"
  ],
  "drops": {
    "amount": 2,
    "entries": [
      {
        "item": "cobblemon:poison_barb",
        "percentage": 2.5
      },
      {
        "item": "cobblemon:bluk_berry",
        "percentage": 2.5
      }
    ]
  },
  "baseStats": {
    "hp": 40,
    "attack": 50,
    "defence": 90,
    "special_attack": 30,
    "special_defence": 55,
    "speed": 65
  },
  "catchRate": 120,
  "maleRatio": 0.5,
  "shoulderMountable": false,
  "baseExperienceYield": 66,
  "experienceGroup": "slow",
  "eggCycles": 20,
  "eggGroups": [
    "bug",
    "water_3"
  ],
  "moves": [
    "1:bite",
    "1:leer",
    "1:poisonsting",
    "3:honeclaws",
    "5:knockoff",
    "6:fellstinger",
    "6:knockoff",
    "9:pinmissile",
    "9:poisonfang",
    "12:bite",
    "12:pinmissile",
    "13:acupressure",
    "15:toxicspikes",
    "16:pursuit",
    "17:acupressure",
    "18:bugbite",
    "20:bugbite",
    "21:venoshock",
    "23:poisonfang",
    "23:scaryface",
    "24:knockoff",
    "27:scaryface",
    "27:venoshock",
    "28:toxicspikes",
    "30:honeclaws",
    "30:pinmissile",
    "33:toxic",
    "34:bugbite",
    "34:toxicspikes",
    "36:nightslash",
    "38:nightslash",
    "39:crosspoison",
    "39:poisonfang",
    "41:scaryface",
    "42:xscissor",
    "45:acupressure",
    "45:crunch",
    "45:honeclaws",
    "47:fellstinger",
    "48:crunch",
    "49:crosspoison",
    "50:crosspoison",
    "50:venoshock",
    "56:crunch",
    "61:crosspoison",
    "100:agility",
    "100:confuseray",
    "100:feintattack",
    "100:irontail",
    "100:nightslash",
    "100:poisontail",
    "100:pursuit",
    "100:sandattack",
    "100:screech",
    "100:slash",
    "100:twineedle",
    "100:whirlwind",
    "100:aerialace",
    "100:agility",
    "100:assurance",
    "100:attract",
    "100:brickbreak",
    "100:bugbuzz",
    "100:captivate",
    "100:confide",
    "100:crosspoison",
    "100:crunch",
    "100:cut",
    "100:darkpulse",
    "100:dig",
    "100:doubleteam",
    "100:endure",
    "100:facade",
    "100:falseswipe",
    "100:flash",
    "100:fling",
    "100:frustration",
    "100:hiddenpower",
    "100:honeclaws",
    "100:infestation",
    "100:irontail",
    "100:naturalgift",
    "100:payback",
    "100:pinmissile",
    "100:poisonjab",
    "100:protect",
    "100:raindance",
    "100:rest",
    "100:return",
    "100:rocksmash",
    "100:rocktomb",
    "100:round",
    "100:scaryface",
    "100:screech",
    "100:secretpower",
    "100:shadowball",
    "100:sleeptalk",
    "100:sludgebomb",
    "100:snore",
    "100:strength",
    "100:strugglebug",
    "100:substitute",
    "100:sunnyday",
    "100:swagger",
    "100:swordsdance",
    "100:taunt",
    "100:thief",
    "100:torment",
    "100:toxic",
    "100:toxicspikes",
    "100:venoshock",
    "100:xscissor",
    "100:agility",
    "100:aquatail",
    "100:bite",
    "100:bugbite",
    "100:darkpulse",
    "100:furycutter",
    "100:headbutt",
    "100:irontail",
    "100:knockoff",
    "100:mudslap",
    "100:skittersmack",
    "100:sleeptalk",
    "100:snore"
  ],
  "labels": [
    "gen4"
  ],
  "pokedex": [
    "cobblemon.species.skorupi.desc"
  ],
  "evolutions": [
    {
      "id": "skorupi_drapion",
      "variant": "level_up",
      "result": "drapion",
      "consumeHeldItem": false,
      "learnableMoves": [],
      "requirements": [
        {
          "variant": "level",
          "minLevel": 40
        }
      ]
    }
  ],
  "baseScale": 1,
  "hitbox": {
    "width": 1,
    "height": 1,
    "fixed": false
  },
  "baseFriendship": 50,
  "evYield": {
    "hp": 0,
    "attack": 0,
    "defence": 1,
    "special_attack": 0,
    "special_defence": 0,
    "speed": 0
  },
  "height": 8,
  "weight": 120,
  "aspects": [],
  "cannotDynamax": false
}
