{
  "implemented": true,
  "name": "Staraptor",
  "nationalPokedexNumber": 398,
  "primaryType": "normal",
  "secondaryType": "flying",
  "abilities": [
    "intimidate",
    "h:reckless"
  ],
  "drops": {
    "amount": 6,
    "entries": [
      {
        "item": "minecraft:feather",
        "quantityRange": "0-3"
      },
      {
        "item": "minecraft:chicken"
      },
      {
        "item": "cobblemon:sharp_beak",
        "percentage": 5.0
      },
      {
        "item": "cobblemon:yache_berry",
        "percentage": 10.0
      }
    ]
  },
  "baseStats": {
    "hp": 85,
    "attack": 120,
    "defence": 70,
    "special_attack": 50,
    "special_defence": 60,
    "speed": 100
  },
  "catchRate": 45,
  "maleRatio": 0.5,
  "shoulderMountable": false,
  "baseExperienceYield": 218,
  "experienceGroup": "medium_slow",
  "eggCycles": 15,
  "eggGroups": [
    "flying"
  ],
  "behaviour": {
    "moving": {
      "fly": {
        "canFly": true
      }
    }
  },
  "moves": [
    "1:closecombat",
    "1:growl",
    "1:quickattack",
    "1:tackle",
    "1:wingattack",
    "13:doubleteam",
    "18:endeavor",
    "23:whirlwind",
    "28:aerialace",
    "33:takedown",
    "34:closecombat",
    "41:agility",
    "49:bravebird",
    "57:finalgambit",
    "100:acrobatics",
    "100:aerialace",
    "100:agility",
    "100:aircutter",
    "100:airslash",
    "100:attract",
    "100:bravebird",
    "100:captivate",
    "100:closecombat",
    "100:confide",
    "100:defog",
    "100:doubleedge",
    "100:doubleteam",
    "100:dualwingbeat",
    "100:echoedvoice",
    "100:endeavor",
    "100:endure",
    "100:facade",
    "100:featherdance",
    "100:fly",
    "100:frustration",
    "100:gigaimpact",
    "100:heatwave",
    "100:helpinghand",
    "100:hiddenpower",
    "100:hurricane",
    "100:hyperbeam",
    "100:naturalgift",
    "100:pluck",
    "100:protect",
    "100:raindance",
    "100:rest",
    "100:retaliate",
    "100:return",
    "100:roost",
    "100:round",
    "100:secretpower",
    "100:sleeptalk",
    "100:steelwing",
    "100:strugglebug",
    "100:substitute",
    "100:sunnyday",
    "100:swagger",
    "100:swift",
    "100:tailwind",
    "100:takedown",
    "100:terablast",
    "100:thief",
    "100:toxic",
    "100:uproar",
    "100:uturn",
    "100:workup",
    "100:aircutter",
    "100:defog",
    "100:endeavor",
    "100:heatwave",
    "100:laserfocus",
    "100:mudslap",
    "100:ominouswind",
    "100:roost",
    "100:skyattack",
    "100:sleeptalk",
    "100:snore",
    "100:swift",
    "100:tailwind",
    "100:twister",
    "100:uproar"
  ],
  "labels": [
    "gen4"
  ],
  "pokedex": [
    "cobblemon.species.staraptor.desc"
  ],
  "preEvolution": "staravia",
  "evolutions": [],
  "baseScale": 1,
  "hitbox": {
    "width": 1,
    "height": 1,
    "fixed": false
  },
  "baseFriendship": 70,
  "evYield": {
    "hp": 0,
    "attack": 3,
    "defence": 0,
    "special_attack": 0,
    "special_defence": 0,
    "speed": 0
  },
  "height": 12,
  "weight": 249,
  "aspects": [],
  "cannotDynamax": false
}
