{
  "implemented": true,
  "name": "Vespiquen",
  "nationalPokedexNumber": 416,
  "primaryType": "bug",
  "secondaryType": "flying",
  "abilities": [
    "pressure",
    "h:unnerve"
  ],
  "drops": {
    "amount": 6,
    "entries": [
      {
        "item": "minecraft:honey_bottle",
        "quantityRange": "0-3"
      },
      {
        "item": "minecraft:honeycomb",
        "percentage": 10.0
      },
      {
        "item": "cobblemon:poison_barb",
        "percentage": 10.0
      },
      {
        "item": "cobblemon:charti_berry",
        "percentage": 10.0
      }
    ]
  },
  "baseStats": {
    "hp": 70,
    "attack": 80,
    "defence": 102,
    "special_attack": 80,
    "special_defence": 102,
    "speed": 40
  },
  "catchRate": 45,
  "maleRatio": 0,
  "shoulderMountable": false,
  "baseExperienceYield": 166,
  "experienceGroup": "medium_slow",
  "eggCycles": 15,
  "eggGroups": [
    "bug"
  ],
  "behaviour": {
    "resting": {
      "canSleep": true,
      "depth": "normal",
      "light": "0-4"
    },
    "moving": {
      "fly": {
        "canFly": true,
        "flySpeedHorizontal": 0.6
      }
    }
  },
  "moves": [
    "1:bugbite",
    "1:confuseray",
    "1:destinybond",
    "1:fellstinger",
    "1:gust",
    "1:poisonsting",
    "1:slash",
    "1:strugglebug",
    "1:sweetscent",
    "3:poisonsting",
    "4:furycutter",
    "5:furycutter",
    "7:confuseray",
    "8:aromaticmist",
    "9:furycutter",
    "9:pursuit",
    "12:fellstinger",
    "13:defendorder",
    "13:furyswipes",
    "15:pursuit",
    "16:furyswipes",
    "17:defendorder",
    "19:furyswipes",
    "20:swagger",
    "21:powergem",
    "21:slash",
    "24:aromatherapy",
    "24:roost",
    "25:healorder",
    "25:powergem",
    "27:toxic",
    "28:airslash",
    "29:healorder",
    "31:slash",
    "32:powergem",
    "33:captivate",
    "33:toxic",
    "36:toxic",
    "37:airslash",
    "37:attackorder",
    "39:swagger",
    "40:attackorder",
    "40:defendorder",
    "41:captivate",
    "43:destinybond",
    "44:destinybond",
    "45:attackorder",
    "49:swagger",
    "100:acrobatics",
    "100:aerialace",
    "100:agility",
    "100:airslash",
    "100:assurance",
    "100:attract",
    "100:beatup",
    "100:bugbite",
    "100:bugbuzz",
    "100:captivate",
    "100:confide",
    "100:confuseray",
    "100:crosspoison",
    "100:cut",
    "100:defog",
    "100:doubleteam",
    "100:dualwingbeat",
    "100:endeavor",
    "100:endure",
    "100:facade",
    "100:flash",
    "100:fling",
    "100:frustration",
    "100:gigaimpact",
    "100:helpinghand",
    "100:hex",
    "100:hiddenpower",
    "100:honeclaws",
    "100:hurricane",
    "100:hyperbeam",
    "100:infestation",
    "100:lunge",
    "100:naturalgift",
    "100:pinmissile",
    "100:pollenpuff",
    "100:pounce",
    "100:powergem",
    "100:protect",
    "100:psychicnoise",
    "100:quash",
    "100:raindance",
    "100:rest",
    "100:return",
    "100:revenge",
    "100:reversal",
    "100:roost",
    "100:round",
    "100:scaryface",
    "100:screech",
    "100:secretpower",
    "100:silverwind",
    "100:skittersmack",
    "100:sleeptalk",
    "100:sludgebomb",
    "100:snore",
    "100:spikes",
    "100:spite",
    "100:strugglebug",
    "100:substitute",
    "100:sunnyday",
    "100:swagger",
    "100:swift",
    "100:takedown",
    "100:taunt",
    "100:terablast",
    "100:thief",
    "100:toxic",
    "100:toxicspikes",
    "100:uproar",
    "100:uturn",
    "100:venoshock",
    "100:xscissor",
    "100:aircutter",
    "100:bugbite",
    "100:defog",
    "100:dualwingbeat",
    "100:endeavor",
    "100:furycutter",
    "100:laserfocus",
    "100:mudslap",
    "100:ominouswind",
    "100:roost",
    "100:signalbeam",
    "100:sleeptalk",
    "100:snore",
    "100:stringshot",
    "100:swift",
    "100:tailwind"
  ],
  "labels": [
    "gen4"
  ],
  "pokedex": [
    "cobblemon.species.vespiquen.desc"
  ],
  "preEvolution": "combee",
  "evolutions": [],
  "baseScale": 0.9,
  "hitbox": {
    "width": 1,
    "height": 1.7,
    "fixed": false
  },
  "baseFriendship": 50,
  "evYield": {
    "hp": 0,
    "attack": 0,
    "defence": 1,
    "special_attack": 0,
    "special_defence": 1,
    "speed": 0
  },
  "height": 12,
  "weight": 385,
  "aspects": [],
  "cannotDynamax": false
}
