{
  "name": "Wormadam",
  "nationalPokedexNumber": 413,
  "primaryType": "bug",
  "secondaryType": "grass",
  "abilities": [
    "anticipation",
    "h:overcoat"
  ],
  "drops": {
    "amount": 3,
    "entries": [
      {
        "item": "minecraft:string",
        "quantityRange": "0-2"
      },
      {
        "item": "cobblemon:occa_berry",
        "percentage": 5.0
      }
    ]
  },
  "baseStats": {
    "hp": 60,
    "attack": 59,
    "defence": 85,
    "special_attack": 79,
    "special_defence": 105,
    "speed": 36
  },
  "catchRate": 45,
  "maleRatio": 0,
  "shoulderMountable": false,
  "baseExperienceYield": 148,
  "baseFriendship": 70,
  "evYield": {
    "hp": 0,
    "attack": 0,
    "defence": 0,
    "special_attack": 0,
    "special_defence": 2,
    "speed": 0
  },
  "experienceGroup": "medium_fast",
  "eggCycles": 15,
  "eggGroups": [
    "bug"
  ],
  "moves": [
    "1:bugbite",
    "1:protect",
    "1:quiverdance",
    "1:suckerpunch",
    "1:tackle",
    "10:protect",
    "15:bugbite",
    "20:hiddenpower",
    "23:confusion",
    "26:razorleaf",
    "29:growth",
    "32:psybeam",
    "35:captivate",
    "38:flail",
    "41:attract",
    "44:psychic",
    "47:leafstorm",
    "50:bugbuzz",
    "100:attract",
    "100:bulletseed",
    "100:captivate",
    "100:confide",
    "100:doubleteam",
    "100:dreameater",
    "100:endure",
    "100:energyball",
    "100:facade",
    "100:flash",
    "100:frustration",
    "100:gigadrain",
    "100:gigaimpact",
    "100:grassknot",
    "100:hiddenpower",
    "100:hyperbeam",
    "100:infestation",
    "100:naturalgift",
    "100:protect",
    "100:psychic",
    "100:psychup",
    "100:raindance",
    "100:rest",
    "100:return",
    "100:round",
    "100:safeguard",
    "100:secretpower",
    "100:shadowball",
    "100:skillswap",
    "100:sleeptalk",
    "100:solarbeam",
    "100:strugglebug",
    "100:substitute",
    "100:sunnyday",
    "100:swagger",
    "100:thief",
    "100:toxic",
    "100:venoshock",
    "100:allyswitch",
    "100:bugbite",
    "100:electroweb",
    "100:endeavor",
    "100:gigadrain",
    "100:seedbomb",
    "100:signalbeam",
    "100:skillswap",
    "100:sleeptalk",
    "100:snore",
    "100:stringshot",
    "100:suckerpunch",
    "100:synthesis",
    "100:telekinesis",
    "100:uproar",
    "100:worryseed"
  ],
  "labels": [
    "gen4"
  ],
  "pokedex": [
    "cobblemon.species.wormadam.desc"
  ],
  "height": 5,
  "weight": 65,
  "preEvolution": "burmy",
  "evolutions": [],
  "forms": [
    {
      "name": "Sandy",
      "primaryType": "bug",
      "secondaryType": "ground",
      "abilities": [
        "anticipation",
        "h:overcoat"
      ],
      "baseStats": {
        "hp": 60,
        "attack": 79,
        "defence": 105,
        "special_attack": 59,
        "special_defence": 85,
        "speed": 36
      },
      "catchRate": 45,
      "maleRatio": 0,
      "baseExperienceYield": 148,
      "baseFriendship": 70,
      "evYield": {
        "hp": 0,
        "attack": 0,
        "defence": 2,
        "special_attack": 0,
        "special_defence": 0,
        "speed": 0
      },
      "experienceGroup": "medium_fast",
      "eggCycles": 15,
      "eggGroups": [
        "bug"
      ],
      "moves": [
        "1:bugbite",
        "1:protect",
        "1:quiverdance",
        "1:suckerpunch",
        "1:tackle",
        "10:protect",
        "15:bugbite",
        "20:hiddenpower",
        "23:confusion",
        "26:rockblast",
        "29:harden",
        "32:psybeam",
        "35:captivate",
        "38:flail",
        "41:attract",
        "44:psychic",
        "47:fissure",
        "50:bugbuzz",
        "100:attract",
        "100:bulldoze",
        "100:captivate",
        "100:confide",
        "100:dig",
        "100:doubleteam",
        "100:dreameater",
        "100:earthquake",
        "100:endure",
        "100:facade",
        "100:flash",
        "100:frustration",
        "100:gigaimpact",
        "100:hiddenpower",
        "100:hyperbeam",
        "100:infestation",
        "100:naturalgift",
        "100:protect",
        "100:psychic",
        "100:psychup",
        "100:raindance",
        "100:rest",
        "100:return",
        "100:rocktomb",
        "100:round",
        "100:safeguard",
        "100:sandstorm",
        "100:secretpower",
        "100:shadowball",
        "100:skillswap",
        "100:sleeptalk",
        "100:strugglebug",
        "100:substitute",
        "100:sunnyday",
        "100:swagger",
        "100:thief",
        "100:toxic",
        "100:venoshock",
        "100:allyswitch",
        "100:bugbite",
        "100:earthpower",
        "100:electroweb",
        "100:endeavor",
        "100:mudslap",
        "100:rollout",
        "100:signalbeam",
        "100:skillswap",
        "100:sleeptalk",
        "100:snore",
        "100:stealthrock",
        "100:stringshot",
        "100:suckerpunch",
        "100:telekinesis",
        "100:uproar"
      ],
      "labels": [
        "gen4"
      ],
      "aspects": [
        "sandy"
      ],
      "height": 5,
      "weight": 65,
      "preEvolution": "burmy",
      "cannotDynamax": false,
      "battleOnly": false
    },
    {
      "name": "Trash",
      "primaryType": "bug",
      "secondaryType": "steel",
      "abilities": [
        "anticipation",
        "h:overcoat"
      ],
      "baseStats": {
        "hp": 60,
        "attack": 69,
        "defence": 95,
        "special_attack": 69,
        "special_defence": 95,
        "speed": 36
      },
      "catchRate": 45,
      "maleRatio": 0,
      "baseExperienceYield": 148,
      "baseFriendship": 70,
      "evYield": {
        "hp": 0,
        "attack": 0,
        "defence": 1,
        "special_attack": 0,
        "special_defence": 1,
        "speed": 0
      },
      "experienceGroup": "medium_fast",
      "eggCycles": 15,
      "eggGroups": [
        "bug"
      ],
      "moves": [
        "1:bugbite",
        "1:metalburst",
        "1:protect",
        "1:quiverdance",
        "1:suckerpunch",
        "1:tackle",
        "10:protect",
        "15:bugbite",
        "20:hiddenpower",
        "23:confusion",
        "26:mirrorshot",
        "29:metalsound",
        "32:psybeam",
        "35:captivate",
        "38:flail",
        "41:attract",
        "44:psychic",
        "47:ironhead",
        "50:bugbuzz",
        "100:attract",
        "100:captivate",
        "100:confide",
        "100:doubleteam",
        "100:dreameater",
        "100:endure",
        "100:facade",
        "100:flash",
        "100:flashcannon",
        "100:frustration",
        "100:gigaimpact",
        "100:gyroball",
        "100:hiddenpower",
        "100:hyperbeam",
        "100:infestation",
        "100:naturalgift",
        "100:protect",
        "100:psychic",
        "100:psychup",
        "100:raindance",
        "100:rest",
        "100:return",
        "100:round",
        "100:safeguard",
        "100:secretpower",
        "100:shadowball",
        "100:skillswap",
        "100:sleeptalk",
        "100:stealthrock",
        "100:strugglebug",
        "100:substitute",
        "100:sunnyday",
        "100:swagger",
        "100:thief",
        "100:toxic",
        "100:venoshock",
        "100:allyswitch",
        "100:bugbite",
        "100:electroweb",
        "100:endeavor",
        "100:gunkshot",
        "100:irondefense",
        "100:ironhead",
        "100:magnetrise",
        "100:signalbeam",
        "100:skillswap",
        "100:sleeptalk",
        "100:snore",
        "100:stealthrock",
        "100:stringshot",
        "100:suckerpunch",
        "100:telekinesis",
        "100:uproar"
      ],
      "labels": [
        "gen4"
      ],
      "aspects": [
        "trash"
      ],
      "height": 5,
      "weight": 65,
      "preEvolution": "burmy",
      "cannotDynamax": false,
      "battleOnly": false
    }
  ],
  "aspects": [],
  "cannotDynamax": false
}
