{
    "pools": [
        {
            "rolls": 1,
            "entries": [
                {
                    "type": "minecraft:item",
                    "name": "minecraft:white_dye",
                    "functions": [
                        {
                            "function": "minecraft:set_components",
                            "components": {
                                
                                    "minecraft:item_name": "{\"text\":\"Simple Bandage\",\"italic\":false,\"color\":\"white\"}",
                                    "minecraft:lore": [
                                        "[{\"text\":\"Effects: \",\"color\":\"gray\",\"italic\":false},{\"text\":\"Regeneration 2; 5 sec\",\"color\":\"dark_aqua\"}]"
                                    ],
                                    "minecraft:custom_model_data": 889029,
                                    "minecraft:max_stack_size": 8,
                                    "minecraft:food": {
                                        "nutrition": 0,
                                        "saturation": 0,
                                        "can_always_eat": true,
                                        "eat_seconds": 1000000
                                    },
                                    "custom_data": {
                                        "gbg_is_medical_item": 1,
                                        "simple_bandage": 1
                                    }
                                
                            }
                        }
                    ]
                }
            ]
        }
    ]
}