{
  "implemented": true,
  "name": "Alomomola",
  "nationalPokedexNumber": 594,
  "primaryType": "water",
  "abilities": [
    "healer",
    "hydration",
    "h:regenerator"
  ],
  "drops": {
    "amount": 3,
    "entries": [
      {
        "item": "minecraft:cod"
      },
      {
        "item": "minecraft:bone_meal",
        "percentage": 5.0
      },
      {
        "item": "cobblemon:deep_sea_scale",
        "percentage": 5.0
      }
    ]
  },
  "baseStats": {
    "hp": 165,
    "attack": 75,
    "defence": 80,
    "special_attack": 40,
    "special_defence": 45,
    "speed": 65
  },
  "behaviour": {
    "moving": {
      "walk": {
        "avoidsLand": true
      },
      "swim": {
        "swimSpeed": 0.3,
        "canSwimInWater": true,
        "canBreatheUnderwater": true
      }
    },
    "resting": {
      "canSleep": true,
      "willSleepOnBed": false,
      "depth": "normal",
      "light": "0-4"
    }
  },
  "catchRate": 75,
  "maleRatio": 0.5,
  "shoulderMountable": false,
  "baseExperienceYield": 165,
  "experienceGroup": "fast",
  "eggCycles": 40,
  "eggGroups": [
    "water_1",
    "water_2"
  ],
  "moves": [
    "1:playnice",
    "1:pound",
    "1:watersport",
    "5:aquaring",
    "9:aquajet",
    "13:doubleslap",
    "13:helpinghand",
    "13:wideguard",
    "17:healpulse",
    "21:protect",
    "25:waterpulse",
    "29:healingwish",
    "29:wakeupslap",
    "33:soak",
    "37:wish",
    "41:brine",
    "45:safeguard",
    "49:whirlpool",
    "55:hydropump",
    "100:bounce",
    "100:endure",
    "100:mirrorcoat",
    "100:mist",
    "100:painsplit",
    "100:refresh",
    "100:tickle",
    "100:acrobatics",
    "100:alluringvoice",
    "100:attract",
    "100:batonpass",
    "100:blizzard",
    "100:bodyslam",
    "100:calmmind",
    "100:chillingwater",
    "100:confide",
    "100:dive",
    "100:doubleteam",
    "100:endure",
    "100:facade",
    "100:flipturn",
    "100:frustration",
    "100:gigaimpact",
    "100:hail",
    "100:helpinghand",
    "100:hiddenpower",
    "100:hydropump",
    "100:hyperbeam",
    "100:icebeam",
    "100:icywind",
    "100:lightscreen",
    "100:liquidation",
    "100:mistyterrain",
    "100:painsplit",
    "100:playrough",
    "100:protect",
    "100:psychic",
    "100:psychup",
    "100:raindance",
    "100:rest",
    "100:return",
    "100:round",
    "100:safeguard",
    "100:scald",
    "100:scaleshot",
    "100:secretpower",
    "100:shadowball",
    "100:skillswap",
    "100:sleeptalk",
    "100:snowscape",
    "100:substitute",
    "100:surf",
    "100:swagger",
    "100:takedown",
    "100:terablast",
    "100:toxic",
    "100:waterfall",
    "100:waterpulse",
    "100:whirlpool",
    "100:zenheadbutt",
    "100:aquaring",
    "100:bounce",
    "100:helpinghand",
    "100:icywind",
    "100:knockoff",
    "100:liquidation",
    "100:magiccoat",
    "100:mirrorcoat",
    "100:painsplit",
    "100:sleeptalk",
    "100:snore",
    "100:waterpulse"
  ],
  "labels": [
    "gen5"
  ],
  "pokedex": [
    "cobblemon.species.alomomola.desc"
  ],
  "baseScale": 1,
  "hitbox": {
    "width": 0.8,
    "height": 1.1,
    "fixed": false
  },
  "baseFriendship": 70,
  "evYield": {
    "hp": 2,
    "attack": 0,
    "defence": 0,
    "special_attack": 0,
    "special_defence": 0,
    "speed": 0
  },
  "height": 12,
  "weight": 316,
  "cannotDynamax": false
}
