{
  "name": "Amoonguss",
  "nationalPokedexNumber": 591,
  "primaryType": "grass",
  "secondaryType": "poison",
  "abilities": [
    "effectspore",
    "h:regenerator"
  ],
  "drops": {
    "amount": 3,
    "entries": [
      {
        "item": "minecraft:red_mushroom",
        "quantityRange": "0-2"
      },
      {
        "item": "cobblemon:cheri_berry",
        "percentage": 5.0
      }
    ]
  },
  "baseStats": {
    "hp": 114,
    "attack": 85,
    "defence": 70,
    "special_attack": 85,
    "special_defence": 80,
    "speed": 30
  },
  "catchRate": 75,
  "maleRatio": 0.5,
  "shoulderMountable": false,
  "baseExperienceYield": 162,
  "experienceGroup": "medium_fast",
  "eggCycles": 20,
  "eggGroups": [
    "grass"
  ],
  "moves": [
    "1:absorb",
    "1:astonish",
    "1:bide",
    "1:growth",
    "1:stunspore",
    "12:megadrain",
    "16:synthesis",
    "20:clearsmog",
    "20:feintattack",
    "24:sweetscent",
    "28:gigadrain",
    "32:ingrain",
    "36:toxic",
    "42:ragepowder",
    "48:solarbeam",
    "54:spore",
    "100:attract",
    "100:bodyslam",
    "100:bulletseed",
    "100:confide",
    "100:doubleteam",
    "100:endure",
    "100:energyball",
    "100:facade",
    "100:flash",
    "100:foulplay",
    "100:frustration",
    "100:gigadrain",
    "100:gigaimpact",
    "100:grassknot",
    "100:grassyterrain",
    "100:hex",
    "100:hiddenpower",
    "100:hyperbeam",
    "100:leafstorm",
    "100:magicalleaf",
    "100:naturepower",
    "100:payback",
    "100:pollenpuff",
    "100:protect",
    "100:raindance",
    "100:rest",
    "100:return",
    "100:round",
    "100:scaryface",
    "100:secretpower",
    "100:seedbomb",
    "100:sleeptalk",
    "100:sludgebomb",
    "100:snore",
    "100:solarbeam",
    "100:stompingtantrum",
    "100:substitute",
    "100:sunnyday",
    "100:swagger",
    "100:terablast",
    "100:toxic",
    "100:venoshock",
    "100:afteryou",
    "100:clearsmog",
    "100:foulplay",
    "100:gastroacid",
    "100:gigadrain",
    "100:protect",
    "100:ragepowder",
    "100:seedbomb",
    "100:sleeptalk",
    "100:snore",
    "100:spore",
    "100:stompingtantrum",
    "100:synthesis",
    "100:worryseed"
  ],
  "labels": [
    "gen5"
  ],
  "pokedex": [
    "cobblemon.species.amoonguss.desc"
  ],
  "preEvolution": "foongus",
  "evolutions": [],
  "baseScale": 1,
  "hitbox": {
    "width": 1,
    "height": 1,
    "fixed": false
  },
  "baseFriendship": 50,
  "evYield": {
    "hp": 2,
    "attack": 0,
    "defence": 0,
    "special_attack": 0,
    "special_defence": 0,
    "speed": 0
  },
  "height": 6,
  "weight": 105,
  "aspects": [],
  "cannotDynamax": false
}
