{
  "implemented": true,
  "name": "Archeops",
  "nationalPokedexNumber": 567,
  "primaryType": "rock",
  "secondaryType": "flying",
  "abilities": [
    "defeatist"
  ],
  "drops": {
    "amount": 3,
    "entries": [
      {
        "item": "minecraft:feather",
        "quantityRange": "0-3"
      }
    ]
  },
  "baseStats": {
    "hp": 75,
    "attack": 140,
    "defence": 65,
    "special_attack": 112,
    "special_defence": 65,
    "speed": 110
  },
  "catchRate": 45,
  "maleRatio": 0.875,
  "shoulderMountable": false,
  "baseExperienceYield": 177,
  "experienceGroup": "medium_fast",
  "eggCycles": 30,
  "eggGroups": [
    "flying",
    "water_3"
  ],
  "behaviour": {
    "moving": {
      "fly": {
        "canFly": true
      }
    },
    "walk": {
      "walkSpeed": 0.27
    }
  },
  "moves": [
    "1:leer",
    "1:quickattack",
    "1:rockthrow",
    "1:wingattack",
    "8:doubleteam",
    "9:dragonbreath",
    "12:ancientpower",
    "15:pluck",
    "18:quickguard",
    "21:uturn",
    "24:rockslide",
    "27:scaryface",
    "28:acrobatics",
    "30:crunch",
    "33:agility",
    "36:tailwind",
    "41:dragonclaw",
    "46:thrash",
    "51:endeavor",
    "100:acrobatics",
    "100:aerialace",
    "100:agility",
    "100:airslash",
    "100:allyswitch",
    "100:assurance",
    "100:attract",
    "100:bounce",
    "100:bulldoze",
    "100:confide",
    "100:crunch",
    "100:cut",
    "100:dig",
    "100:doubleteam",
    "100:dragonclaw",
    "100:dragonpulse",
    "100:dragontail",
    "100:earthpower",
    "100:earthquake",
    "100:endure",
    "100:facade",
    "100:fly",
    "100:focusblast",
    "100:frustration",
    "100:gigaimpact",
    "100:heatwave",
    "100:hiddenpower",
    "100:honeclaws",
    "100:hyperbeam",
    "100:irondefense",
    "100:irontail",
    "100:outrage",
    "100:pluck",
    "100:protect",
    "100:rest",
    "100:return",
    "100:roar",
    "100:rockblast",
    "100:rockpolish",
    "100:rockslide",
    "100:rocksmash",
    "100:rocktomb",
    "100:roost",
    "100:round",
    "100:sandstorm",
    "100:scaryface",
    "100:secretpower",
    "100:shadowclaw",
    "100:sleeptalk",
    "100:smackdown",
    "100:snore",
    "100:stealthrock",
    "100:steelwing",
    "100:stoneedge",
    "100:substitute",
    "100:swagger",
    "100:swift",
    "100:taunt",
    "100:torment",
    "100:toxic",
    "100:uproar",
    "100:uturn",
    "100:zenheadbutt",
    "100:allyswitch",
    "100:aquatail",
    "100:bounce",
    "100:defog",
    "100:dragonpulse",
    "100:dualwingbeat",
    "100:earthpower",
    "100:endeavor",
    "100:heatwave",
    "100:irondefense",
    "100:irontail",
    "100:knockoff",
    "100:lashout",
    "100:meteorbeam",
    "100:outrage",
    "100:roost",
    "100:skyattack",
    "100:sleeptalk",
    "100:snore",
    "100:stealthrock",
    "100:tailwind",
    "100:uproar",
    "100:zenheadbutt"
  ],
  "labels": [
    "gen5"
  ],
  "pokedex": [
    "cobblemon.species.archeops.desc"
  ],
  "preEvolution": "archen",
  "evolutions": [],
  "baseScale": 0.7,
  "hitbox": {
    "width": 1.2,
    "height": 2,
    "fixed": false
  },
  "baseFriendship": 50,
  "evYield": {
    "hp": 0,
    "attack": 2,
    "defence": 0,
    "special_attack": 0,
    "special_defence": 0,
    "speed": 0
  },
  "height": 14,
  "weight": 320,
  "aspects": [],
  "cannotDynamax": false
}
