{
  "implemented": true,
  "name": "Archen",
  "nationalPokedexNumber": 566,
  "primaryType": "rock",
  "secondaryType": "flying",
  "abilities": [
    "defeatist"
  ],
  "drops": {
    "amount": 2,
    "entries": [
      {
        "item": "minecraft:feather",
        "quantityRange": "0-2"
      }
    ]
  },
  "baseStats": {
    "hp": 55,
    "attack": 112,
    "defence": 45,
    "special_attack": 74,
    "special_defence": 45,
    "speed": 70
  },
  "catchRate": 45,
  "maleRatio": 0.875,
  "shoulderMountable": true,
  "baseExperienceYield": 71,
  "experienceGroup": "medium_fast",
  "eggCycles": 30,
  "eggGroups": [
    "flying",
    "water_3"
  ],
  "behaviour": {
    "resting": {
      "canSleep": true,
      "depth": "normal",
      "light": "0-4"
    },
    "moving" : {
      "walk": {
        "walkSpeed": 0.15
      }
    }
  },
  "moves": [
    "1:leer",
    "1:quickattack",
    "3:rockthrow",
    "6:wingattack",
    "8:doubleteam",
    "9:dragonbreath",
    "12:ancientpower",
    "15:pluck",
    "18:quickguard",
    "21:uturn",
    "24:rockslide",
    "27:scaryface",
    "28:acrobatics",
    "30:crunch",
    "33:agility",
    "36:tailwind",
    "39:dragonclaw",
    "42:thrash",
    "45:endeavor",
    "100:allyswitch",
    "100:bite",
    "100:defog",
    "100:doubleteam",
    "100:dragonpulse",
    "100:earthpower",
    "100:headsmash",
    "100:knockoff",
    "100:steelwing",
    "100:switcheroo",
    "100:acrobatics",
    "100:aerialace",
    "100:agility",
    "100:allyswitch",
    "100:assurance",
    "100:attract",
    "100:bounce",
    "100:bulldoze",
    "100:confide",
    "100:crunch",
    "100:cut",
    "100:dig",
    "100:doubleteam",
    "100:dragonclaw",
    "100:dragonpulse",
    "100:earthpower",
    "100:earthquake",
    "100:endure",
    "100:facade",
    "100:frustration",
    "100:heatwave",
    "100:hiddenpower",
    "100:honeclaws",
    "100:irondefense",
    "100:irontail",
    "100:pluck",
    "100:protect",
    "100:rest",
    "100:return",
    "100:roar",
    "100:rockblast",
    "100:rockpolish",
    "100:rockslide",
    "100:rocksmash",
    "100:rocktomb",
    "100:roost",
    "100:round",
    "100:sandstorm",
    "100:scaryface",
    "100:secretpower",
    "100:shadowclaw",
    "100:sleeptalk",
    "100:smackdown",
    "100:snore",
    "100:stealthrock",
    "100:steelwing",
    "100:stoneedge",
    "100:substitute",
    "100:swagger",
    "100:swift",
    "100:taunt",
    "100:torment",
    "100:toxic",
    "100:uproar",
    "100:uturn",
    "100:zenheadbutt",
    "100:allyswitch",
    "100:aquatail",
    "100:bounce",
    "100:defog",
    "100:doubleteam",
    "100:dragonpulse",
    "100:dualwingbeat",
    "100:earthpower",
    "100:endeavor",
    "100:headsmash",
    "100:heatwave",
    "100:irondefense",
    "100:irontail",
    "100:knockoff",
    "100:lashout",
    "100:meteorbeam",
    "100:roost",
    "100:scaryface",
    "100:sleeptalk",
    "100:snore",
    "100:stealthrock",
    "100:tailwind",
    "100:uproar",
    "100:wingattack",
    "100:zenheadbutt"
  ],
  "labels": [
    "gen5"
  ],
  "pokedex": [
    "cobblemon.species.archen.desc"
  ],
  "evolutions": [
    {
      "id": "archen_archeops",
      "variant": "level_up",
      "result": "archeops",
      "consumeHeldItem": false,
      "learnableMoves": [],
      "requirements": [
        {
          "variant": "level",
          "minLevel": 37
        }
      ]
    }
  ],
  "baseScale": 0.55,
  "hitbox": {
    "width": 0.65,
    "height": 1.2,
    "fixed": false
  },
  "baseFriendship": 50,
  "evYield": {
    "hp": 0,
    "attack": 1,
    "defence": 0,
    "special_attack": 0,
    "special_defence": 0,
    "speed": 0
  },
  "height": 5,
  "weight": 95,
  "aspects": [],
  "cannotDynamax": false
}
