{
    "type": "minecraft:crafting_shapeless",
    "category": "food",
    "ingredients": [
        {
            "item": "minecraft:repeating_command_block"
        },
        {
            "item": "minecraft:apple"
        },
        {
            "item": "minecraft:apple"
        },
        {
            "item": "minecraft:apple"
        }
    ],
    "result": {
        "id": "minecraft:white_dye",
        "count": 1,
        "components": {
            "minecraft:item_name": "{\"text\":\"Regeneration Syringe\",\"italic\":false,\"color\":\"red\"}",
            "minecraft:lore": [
                "[{\"text\":\"Effects: \",\"color\":\"gray\",\"italic\":false},{\"text\":\"Regeneration 2; 20 sec\",\"color\":\"dark_aqua\"}]"
            ],
            "minecraft:custom_model_data": 889032,
            "minecraft:max_stack_size": 8,
            "minecraft:food": {
                "nutrition": 0,
                "saturation": 0,
                "can_always_eat": true,
                "eat_seconds": 1000000
            },
            "custom_data": {
                "gbg_is_medical_item": 1,
                "regeneration_syringe": 1
            }
        }
    }
}